Date,Close,VIX,Returns,Actionable_Regime_Name,Raw_Regime_Name
2008-06-30,4040.550048828125,30.959999084472656,-0.023505424518432384,Bearish_Distribution,Bearish_Distribution
2008-07-01,3896.75,31.420000076293945,-0.036237961018401016,Bearish_Distribution,Bearish_Distribution
2008-07-02,4093.35009765625,35.380001068115234,0.049220857174104585,Bearish_Distribution,Bearish_Distribution
2008-07-03,3925.75,36.2599983215332,-0.04180631377820185,Bearish_Distribution,Bearish_Distribution
2008-07-04,4016.0,35.66999816894531,0.022728966606501914,Bearish_Distribution,Bearish_Distribution
2008-07-07,4030.0,37.290000915527344,0.0034799935691636496,Bearish_Distribution,Bearish_Distribution
2008-07-08,3988.550048828125,36.040000915527344,-0.010338607384927605,Bearish_Distribution,Bearish_Distribution
2008-07-09,4157.10009765625,34.27000045776367,0.04138997070841422,Bearish_Distribution,Bearish_Distribution
2008-07-10,4162.2001953125,32.16999816894531,0.001226088280398324,Bearish_Distribution,Bearish_Distribution
2008-07-11,4049.0,33.0099983215332,-0.027573890512452303,Bearish_Distribution,Bearish_Distribution
2008-07-14,4039.699951171875,31.510000228881836,-0.0022995173469942992,Bearish_Distribution,Bearish_Distribution
2008-07-15,3861.10009765625,49.77000045776367,-0.045218277438091696,Bearish_Distribution,Bearish_Distribution
2008-07-16,3816.699951171875,31.100000381469727,-0.011565980139766415,Bearish_Distribution,Bearish_Distribution
2008-07-17,3947.199951171875,35.34000015258789,0.033620292297464015,Bearish_Distribution,Bearish_Distribution
2008-07-18,4092.25,36.25,0.0360884866196913,Bearish_Distribution,Bearish_Distribution
2008-07-21,4159.5,40.47999954223633,0.016299933699478398,Bearish_Distribution,Bearish_Distribution
2008-07-22,4240.10009765625,35.54999923706055,0.01919200216119292,Bearish_Distribution,Bearish_Distribution
2008-07-23,4476.7998046875,37.77000045776367,0.054321584958322885,Bearish_Distribution,Bearish_Distribution
2008-07-24,4433.5498046875,40.290000915527344,-0.009707888368776924,Bearish_Distribution,Bearish_Distribution
2008-07-25,4311.85009765625,42.290000915527344,-0.027833504484506066,Bearish_Distribution,Bearish_Distribution
2008-07-28,4332.10009765625,54.060001373291016,0.004685366432601327,Bearish_Distribution,Bearish_Distribution
2008-07-29,4189.85009765625,61.72999954223633,-0.03338747836226951,Bearish_Distribution,Bearish_Distribution
2008-07-30,4313.5498046875,51.720001220703125,0.029096228625124503,Bearish_Distribution,Bearish_Distribution
2008-07-31,4332.9501953125,39.060001373291016,0.004487462714620029,Bearish_Distribution,Bearish_Distribution
2008-08-01,4413.5498046875,38.4900016784668,0.018430661620246206,Bearish_Distribution,Bearish_Distribution
2008-08-04,4395.35009765625,40.2400016784668,-0.004132123903968879,Bearish_Distribution,Bearish_Distribution
2008-08-05,4502.85009765625,35.65999984741211,0.02416336519195173,Bearish_Distribution,Bearish_Distribution
2008-08-06,4517.5498046875,34.91999816894531,0.0032592169311085736,Bearish_Distribution,Bearish_Distribution
2008-08-07,4523.85009765625,35.66999816894531,0.0013936545350367135,Bearish_Distribution,Bearish_Distribution
2008-08-08,4529.5,35.13999938964844,0.001248135334716441,Bearish_Distribution,Bearish_Distribution
2008-08-11,4620.39990234375,31.3700008392334,0.01986970216929604,Bearish_Distribution,Bearish_Distribution
2008-08-12,4552.25,33.88999938964844,-0.01485964406668586,Bearish_Distribution,Bearish_Distribution
2008-08-13,4529.0498046875,34.7599983215332,-0.005109454876393555,Bearish_Distribution,Bearish_Distribution
2008-08-14,4430.7001953125,35.2400016784668,-0.021954532153550886,Bearish_Distribution,Bearish_Distribution
2008-08-19,4368.25,34.91999816894531,-0.014195157962860512,Bearish_Distribution,Bearish_Distribution
2008-08-20,4415.75,33.95000076293945,0.010815223816405003,Bearish_Distribution,Bearish_Distribution
2008-08-21,4283.85009765625,36.54999923706055,-0.03032553429014587,Bearish_Distribution,Bearish_Distribution
2008-08-22,4327.4501953125,35.7599983215332,0.010126338356580568,Bearish_Distribution,Bearish_Distribution
2008-08-25,4335.35009765625,45.11000061035156,0.0018238685567018873,Bearish_Distribution,Bearish_Distribution
2008-08-26,4337.5,33.900001525878906,0.0004957775964252001,Bearish_Distribution,Bearish_Distribution
2008-08-27,4292.10009765625,32.79999923706055,-0.010521998862159846,Bearish_Distribution,Bearish_Distribution
2008-08-28,4214.0,33.310001373291016,-0.018363831028820478,Bearish_Distribution,Bearish_Distribution
2008-08-29,4360.0,31.670000076293945,0.034059741978945554,Bearish_Distribution,Bearish_Distribution
2008-09-01,4348.64990234375,31.280000686645508,-0.002606627711540453,Bearish_Distribution,Bearish_Distribution
2008-09-02,4504.0,30.450000762939453,0.03510046118798673,Bearish_Distribution,Bearish_Distribution
2008-09-04,4447.75,31.229999542236328,-0.012567540504641407,Bearish_Distribution,Bearish_Distribution
2008-09-05,4352.2998046875,32.650001525878906,-0.021693954207102673,Bearish_Distribution,Bearish_Distribution
2008-09-08,4482.2998046875,30.770000457763672,0.02943186784319624,Bearish_Distribution,Bearish_Distribution
2008-09-09,4468.7001953125,30.360000610351562,-0.0030386816756627945,Bearish_Distribution,Bearish_Distribution
2008-09-10,4400.25,32.119998931884766,-0.015436224801236593,Bearish_Distribution,Bearish_Distribution
2008-09-11,4290.2998046875,32.72999954223633,-0.025304742451286402,Bearish_Distribution,Bearish_Distribution
2008-09-12,4228.4501953125,30.43000030517578,-0.014521073204396558,Bearish_Distribution,Bearish_Distribution
2008-09-15,4072.89990234375,33.119998931884766,-0.037480289375793695,Bearish_Distribution,Bearish_Distribution
2008-09-16,4074.89990234375,34.900001525878906,0.000490930088640157,Bearish_Distribution,Bearish_Distribution
2008-09-17,4008.25,33.9900016784668,-0.016491445462295706,Bearish_Distribution,Bearish_Distribution
2008-09-18,4038.14990234375,39.560001373291016,0.007431905033011946,Bearish_Distribution,Bearish_Distribution
2008-09-19,4245.25,39.119998931884766,0.050014068724451716,Bearish_Distribution,Bearish_Distribution
2008-09-22,4223.0498046875,37.970001220703125,-0.005243141287491266,Bearish_Distribution,Bearish_Distribution
2008-09-23,4126.89990234375,38.7400016784668,-0.02303107341928404,Bearish_Distribution,Bearish_Distribution
2008-09-24,4161.25,35.61000061035156,0.008289013769599644,Bearish_Distribution,Bearish_Distribution
2008-09-25,4110.5498046875,34.09000015258789,-0.012258717915639393,Bearish_Distribution,Bearish_Distribution
2008-09-26,3985.25,33.959999084472656,-0.030956746459839278,Bearish_Distribution,Bearish_Distribution
2008-09-29,3850.050048828125,34.900001525878906,-0.034513897620804514,Bearish_Distribution,Bearish_Distribution
2008-09-30,3921.199951171875,37.189998626708984,0.018311569042277057,Bearish_Distribution,Bearish_Distribution
2008-10-01,3950.75,35.540000915527344,0.00750771735398448,Bearish_Distribution,Bearish_Distribution
2008-10-03,3818.300048828125,35.099998474121094,-0.034100124132218405,Bearish_Distribution,Bearish_Distribution
2008-10-06,3602.35009765625,33.75,-0.05821887279271458,Bearish_Distribution,Bearish_Distribution
2008-10-07,3606.60009765625,39.29999923706055,0.0011790899859858098,Bearish_Distribution,Bearish_Distribution
2008-10-08,3513.64990234375,39.33000183105469,-0.026110171950808763,Bearish_Distribution,Bearish_Distribution
2008-10-10,3279.949951171875,39.33000183105469,-0.06882719192674666,Bearish_Distribution,Bearish_Distribution
2008-10-13,3490.699951171875,46.4900016784668,0.06227411168951559,Bearish_Distribution,Bearish_Distribution
2008-10-14,3518.64990234375,46.4900016784668,0.00797509038509584,Bearish_Distribution,Bearish_Distribution
2008-10-15,3338.39990234375,46.06999969482422,-0.052585744522390884,Bearish_Distribution,Bearish_Distribution
2008-10-16,3269.300048828125,47.810001373291016,-0.020915711392244338,Bearish_Distribution,Bearish_Distribution
2008-10-17,3074.35009765625,46.720001220703125,-0.0614823810853935,Bearish_Distribution,Bearish_Distribution
2008-10-20,3122.800048828125,57.130001068115234,0.015636522334850276,Bearish_Distribution,Bearish_Distribution
2008-10-21,3234.89990234375,56.0,0.03526793448565593,Bearish_Distribution,Bearish_Distribution
2008-10-22,3065.14990234375,54.75,-0.053901509414070264,Bearish_Distribution,Bearish_Distribution
2008-10-23,2943.14990234375,54.970001220703125,-0.04061607280037005,Bearish_Distribution,Bearish_Distribution
2008-10-24,2584.0,45.5,-0.13014181725086665,Bearish_Distribution,Bearish_Distribution
2008-10-27,2524.199951171875,67.5,-0.023414424421962517,Bearish_Distribution,High_Conviction_Bull
2008-10-29,2697.050048828125,68.3499984741211,0.06623443970916182,High_Conviction_Bull,High_Conviction_Bull
2008-10-31,2885.60009765625,68.3499984741211,0.06757428324225186,High_Conviction_Bull,High_Conviction_Bull
2008-11-03,3043.85009765625,67.83999633789062,0.05339030915184837,High_Conviction_Bull,High_Conviction_Bull
2008-11-04,3142.10009765625,62.150001525878906,0.03176820366711214,High_Conviction_Bull,High_Conviction_Bull
2008-11-05,2994.949951171875,66.75,-0.04796387663501306,High_Conviction_Bull,High_Conviction_Bull
2008-11-06,2892.64990234375,62.150001525878906,-0.0347545173986808,High_Conviction_Bull,High_Conviction_Bull
2008-11-07,2973.0,67.22000122070312,0.027398540780887326,High_Conviction_Bull,High_Conviction_Bull
2008-11-10,3148.25,63.7599983215332,0.057275198887858175,High_Conviction_Bull,High_Conviction_Bull
2008-11-11,2938.64990234375,66.98999786376953,-0.06889648391547641,High_Conviction_Bull,High_Conviction_Bull
2008-11-12,2848.449951171875,70.62000274658203,-0.03117528944420671,High_Conviction_Bull,High_Conviction_Bull
2008-11-14,2810.35009765625,70.08000183105469,-0.013465904045903586,High_Conviction_Bull,High_Conviction_Bull
2008-11-17,2799.550048828125,85.12999725341797,-0.0038503580772936584,High_Conviction_Bull,High_Conviction_Bull
2008-11-18,2683.14990234375,64.66000366210938,-0.042467266370184525,High_Conviction_Bull,High_Conviction_Bull
2008-11-19,2635.0,60.84000015258789,-0.018108259057428137,High_Conviction_Bull,High_Conviction_Bull
2008-11-20,2553.14990234375,65.55000305175781,-0.03155532930269107,High_Conviction_Bull,High_Conviction_Bull
2008-11-21,2693.449951171875,64.45999908447266,0.05349502893932693,High_Conviction_Bull,High_Conviction_Bull
2008-11-24,2708.25,62.810001373291016,0.005479788213578264,High_Conviction_Bull,High_Conviction_Bull
2008-11-25,2654.0,59.560001373291016,-0.02023473393352405,High_Conviction_Bull,High_Conviction_Bull
2008-11-26,2752.25,56.209999084472656,0.03635082305835962,High_Conviction_Bull,High_Conviction_Bull
2008-11-28,2755.10009765625,57.439998626708984,0.0010350160640398135,High_Conviction_Bull,High_Conviction_Bull
2008-12-01,2682.89990234375,55.2599983215332,-0.026555512393819494,High_Conviction_Bull,High_Conviction_Bull
2008-12-02,2657.800048828125,54.29999923706055,-0.009399531351692986,High_Conviction_Bull,High_Conviction_Bull
2008-12-03,2656.449951171875,54.65999984741211,-0.0005081046940946947,High_Conviction_Bull,High_Conviction_Bull
2008-12-04,2788.0,51.84000015258789,0.04833386630546942,High_Conviction_Bull,High_Conviction_Bull
2008-12-05,2714.39990234375,52.04999923706055,-0.026753594387498327,High_Conviction_Bull,High_Conviction_Bull
2008-12-08,2784.0,50.279998779296875,0.0253178439613942,High_Conviction_Bull,High_Conviction_Bull
2008-12-10,2928.25,50.36000061035156,0.05051623249567385,High_Conviction_Bull,High_Conviction_Bull
2008-12-11,2920.14990234375,51.75,-0.0027700235862329696,High_Conviction_Bull,High_Conviction_Bull
2008-12-12,2921.35009765625,49.43000030517578,0.000410920253150051,High_Conviction_Bull,High_Conviction_Bull
2008-12-15,2981.199951171875,48.099998474121094,0.020280016011956118,High_Conviction_Bull,High_Conviction_Bull
2008-12-16,3041.75,44.90999984741211,0.02010712003870125,High_Conviction_Bull,High_Conviction_Bull
2008-12-17,2954.35009765625,44.90999984741211,-0.029154314127445423,High_Conviction_Bull,High_Conviction_Bull
2008-12-18,3060.75,45.4900016784668,0.03538129041391165,High_Conviction_Bull,High_Conviction_Bull
2008-12-19,3077.5,44.90999984741211,0.005457595104583804,High_Conviction_Bull,High_Conviction_Bull
2008-12-22,3039.300048828125,41.459999084472656,-0.012490337265284769,High_Conviction_Bull,Bearish_Distribution
2008-12-23,2968.64990234375,45.70000076293945,-0.023519970684070027,Bearish_Distribution,Bearish_Distribution
2008-12-24,2916.85009765625,41.790000915527344,-0.017602970778235815,Bearish_Distribution,Bearish_Distribution
2008-12-26,2857.25,45.15999984741211,-0.02064467655331063,Bearish_Distribution,Bearish_Distribution
2008-12-29,2922.199951171875,43.88999938964844,0.02247711675090526,Bearish_Distribution,Bearish_Distribution
2008-12-30,2979.5,42.5099983215332,0.019418760658421116,Bearish_Distribution,Bearish_Distribution
2008-12-31,2959.14990234375,43.09000015258789,-0.006853469271492079,Bearish_Distribution,Bearish_Distribution
2009-01-02,3046.75,40.66999816894531,0.029173416788070172,Bearish_Distribution,Bearish_Distribution
2009-01-05,3121.449951171875,38.599998474121094,0.024222173087035313,Bearish_Distribution,Bearish_Distribution
2009-01-06,3112.800048828125,38.72999954223633,-0.002774963434064196,Bearish_Distribution,Bearish_Distribution
2009-01-07,2920.39990234375,44.36000061035156,-0.06380209861399314,Bearish_Distribution,Bearish_Distribution
2009-01-09,2873.0,47.81999969482422,-0.016363779763300036,Bearish_Distribution,Bearish_Distribution
2009-01-12,2773.10009765625,47.81999969482422,-0.03539091677149253,Bearish_Distribution,Bearish_Distribution
2009-01-13,2744.949951171875,53.470001220703125,-0.010203021154655566,Bearish_Distribution,Bearish_Distribution
2009-01-14,2835.300048828125,53.470001220703125,0.0323849268374807,Bearish_Distribution,Bearish_Distribution
2009-01-15,2736.699951171875,45.16999816894531,-0.03539497176044313,Bearish_Distribution,Bearish_Distribution
2009-01-16,2828.449951171875,44.29999923706055,0.032976044019506844,Bearish_Distribution,Bearish_Distribution
2009-01-19,2846.199951171875,44.459999084472656,0.006255912944324117,Bearish_Distribution,Bearish_Distribution
2009-01-20,2796.60009765625,45.0,-0.01758032556762567,Bearish_Distribution,Bearish_Distribution
2009-01-21,2706.14990234375,45.40999984741211,-0.032877504046247,Bearish_Distribution,Bearish_Distribution
2009-01-22,2713.800048828125,45.54999923706055,0.002822960224243932,Bearish_Distribution,Bearish_Distribution
2009-01-23,2678.550048828125,34.0099983215332,-0.01307426316382555,Bearish_Distribution,Bearish_Distribution
2009-01-27,2771.35009765625,42.86000061035156,0.03405897977599281,Bearish_Distribution,Bearish_Distribution
2009-01-28,2849.5,40.7599983215332,0.027808938958505707,Bearish_Distribution,Bearish_Distribution
2009-01-29,2823.949951171875,43.11000061035156,-0.009006943491818803,Bearish_Distribution,Bearish_Distribution
2009-01-30,2874.800048828125,42.099998474121094,0.017846526795929192,Bearish_Distribution,Bearish_Distribution
2009-02-02,2766.64990234375,43.689998626708984,-0.038345956874768494,Bearish_Distribution,Bearish_Distribution
2009-02-03,2783.89990234375,49.2400016784668,0.0062156204856254945,Bearish_Distribution,Bearish_Distribution
2009-02-04,2803.050048828125,44.38999938964844,0.0068553402659932376,Bearish_Distribution,Bearish_Distribution
2009-02-05,2780.050048828125,43.91999816894531,-0.008239196757802842,Bearish_Distribution,Bearish_Distribution
2009-02-06,2843.10009765625,50.650001525878906,0.02242610979455669,Bearish_Distribution,Bearish_Distribution
2009-02-09,2919.89990234375,44.58000183105469,0.026654295162721622,Bearish_Distribution,Bearish_Distribution
2009-02-10,2934.5,44.29999923706055,0.0049877453428987,Bearish_Distribution,Bearish_Distribution
2009-02-11,2925.699951171875,46.650001525878906,-0.0030033294140615428,Bearish_Distribution,Bearish_Distribution
2009-02-12,2893.050048828125,45.650001525878906,-0.011222425782679828,Bearish_Distribution,Bearish_Distribution
2009-02-13,2948.35009765625,43.310001373291016,0.018934399141738875,Bearish_Distribution,Bearish_Distribution
2009-02-16,2848.5,42.560001373291016,-0.03445318502293645,Bearish_Distribution,Bearish_Distribution
2009-02-17,2770.5,44.0,-0.027764730613045917,Bearish_Distribution,Bearish_Distribution
2009-02-18,2776.14990234375,43.040000915527344,0.0020372312647437417,Bearish_Distribution,Bearish_Distribution
2009-02-19,2789.35009765625,43.040000915527344,0.004743588200394986,Bearish_Distribution,Bearish_Distribution
2009-02-20,2736.449951171875,45.209999084472656,-0.019147186713807076,Bearish_Distribution,Bearish_Distribution
2009-02-24,2733.89990234375,45.20000076293945,-0.0009323166090364684,Bearish_Distribution,Bearish_Distribution
2009-02-25,2762.5,41.939998626708984,0.010406941376308907,Bearish_Distribution,Bearish_Distribution
2009-02-26,2785.64990234375,39.869998931884766,0.008345137424263965,Bearish_Distribution,Bearish_Distribution
2009-02-27,2763.64990234375,40.61000061035156,-0.00792896979194595,Bearish_Distribution,Bearish_Distribution
2009-03-02,2674.60009765625,43.36000061035156,-0.03275236150716165,Bearish_Distribution,Bearish_Distribution
2009-03-03,2622.39990234375,44.439998626708984,-0.019709981200865638,Bearish_Distribution,Bearish_Distribution
2009-03-04,2645.199951171875,42.77000045776367,0.008656766591065127,Bearish_Distribution,Bearish_Distribution
2009-03-05,2576.699951171875,41.560001373291016,-0.026237166850943634,Bearish_Distribution,Bearish_Distribution
2009-03-06,2620.14990234375,37.970001220703125,0.016722039263046325,Bearish_Distribution,Bearish_Distribution
2009-03-09,2573.14990234375,41.029998779296875,-0.018100739416035568,Bearish_Distribution,Bearish_Distribution
2009-03-12,2617.449951171875,38.47999954223633,0.017069751373213142,Bearish_Distribution,Bearish_Distribution
2009-03-13,2719.25,35.56999969482422,0.038155564263315164,Bearish_Distribution,Bearish_Distribution
2009-03-16,2777.25,36.63999938964844,0.02110512248787214,Bearish_Distribution,Bearish_Distribution
2009-03-17,2757.449951171875,38.470001220703125,-0.007154907572551497,Bearish_Distribution,Bearish_Distribution
2009-03-18,2794.699951171875,38.189998626708984,0.013418426941530072,Bearish_Distribution,Bearish_Distribution
2009-03-19,2807.14990234375,35.97999954223633,0.004444950148910318,Bearish_Distribution,Bearish_Distribution
2009-03-20,2807.050048828125,35.97999954223633,-3.5571770333755804e-05,Bearish_Distribution,Bearish_Distribution
2009-03-23,2939.89990234375,37.630001068115234,0.04624140672188046,Bearish_Distribution,Bearish_Distribution
2009-03-24,2938.699951171875,36.849998474121094,-0.00040824387386155725,Bearish_Distribution,Bearish_Distribution
2009-03-25,2984.35009765625,28.18000030517578,0.01541471033603829,Bearish_Distribution,Bearish_Distribution
2009-03-26,3082.25,36.93000030517578,0.032277849355218144,Bearish_Distribution,Bearish_Distribution
2009-03-27,3108.64990234375,37.13999938964844,0.008528667167411222,Bearish_Distribution,Bearish_Distribution
2009-03-30,2978.14990234375,40.25,-0.04288624735610465,Bearish_Distribution,Bearish_Distribution
2009-03-31,3020.949951171875,39.47999954223633,0.014269065715578424,Bearish_Distribution,Bearish_Distribution
2009-04-01,3060.35009765625,36.529998779296875,0.012957985125214675,Bearish_Distribution,Bearish_Distribution
2009-04-02,3211.050048828125,37.400001525878906,0.04806868124685913,Bearish_Distribution,Bearish_Distribution
2009-04-06,3256.60009765625,41.720001220703125,0.014085734669678393,Bearish_Distribution,Bearish_Distribution
2009-04-08,3342.949951171875,43.54999923706055,0.026169899758864138,Bearish_Distribution,Bearish_Distribution
2009-04-09,3342.050048828125,43.540000915527344,-0.0002692303213719887,Bearish_Distribution,Bearish_Distribution
2009-04-13,3382.60009765625,46.560001373291016,0.012060267655323522,Bearish_Distribution,Bearish_Distribution
2009-04-15,3484.14990234375,48.02000045776367,0.0295794105677314,Bearish_Distribution,Bearish_Distribution
2009-04-16,3369.5,50.5099983215332,-0.03345971859157479,Bearish_Distribution,Bearish_Distribution
2009-04-17,3384.39990234375,50.79999923706055,0.004412243809254642,Bearish_Distribution,Bearish_Distribution
2009-04-20,3377.10009765625,54.220001220703125,-0.0021592272494664116,Bearish_Distribution,Bearish_Distribution
2009-04-21,3365.300048828125,53.63999938964844,-0.003500255285772585,Bearish_Distribution,Bearish_Distribution
2009-04-22,3330.300048828125,57.880001068115234,-0.010454721991796463,Bearish_Distribution,Bearish_Distribution
2009-04-23,3423.699951171875,57.880001068115234,0.027659418670333946,Bearish_Distribution,Bearish_Distribution
2009-04-24,3480.75,47.779998779296875,0.016525964450570363,Bearish_Distribution,Bearish_Distribution
2009-04-27,3470.0,49.43000030517578,-0.003093193848489998,Bearish_Distribution,Bearish_Distribution
2009-04-28,3362.35009765625,48.79999923706055,-0.031514430647232416,Bearish_Distribution,Bearish_Distribution
2009-04-29,3473.949951171875,46.630001068115234,0.03265209771732386,Bearish_Distribution,Bearish_Distribution
2009-05-04,3654.0,49.540000915527344,0.05053019692695566,Bearish_Distribution,Bearish_Distribution
2009-05-05,3661.89990234375,50.529998779296875,0.002159653773205986,Bearish_Distribution,Bearish_Distribution
2009-05-06,3625.050048828125,51.209999084472656,-0.010114016944416868,Bearish_Distribution,Bearish_Distribution
2009-05-07,3683.89990234375,54.7599983215332,0.016103852322857194,Bearish_Distribution,Bearish_Distribution
2009-05-08,3620.699951171875,57.02000045776367,-0.017304583283461062,Bearish_Distribution,Bearish_Distribution
2009-05-11,3554.60009765625,61.029998779296875,-0.018424797007042516,Bearish_Distribution,Bearish_Distribution
2009-05-12,3681.10009765625,50.310001373291016,0.03496908027085117,Bearish_Distribution,Bearish_Distribution
2009-05-13,3635.25,50.72999954223633,-0.012533762676350726,Bearish_Distribution,Bearish_Distribution
2009-05-14,3593.449951171875,51.25,-0.011565154181398902,Bearish_Distribution,Bearish_Distribution
2009-05-15,3671.64990234375,49.63999938964844,0.021528395483821135,Bearish_Distribution,Bearish_Distribution
2009-05-18,4323.14990234375,49.63999938964844,0.16334315490680712,Bearish_Distribution,Bearish_Distribution
2009-05-19,4318.4501953125,58.099998474121094,-0.001087693816303243,Bearish_Distribution,Bearish_Distribution
2009-05-20,4270.2998046875,50.790000915527344,-0.011212550157980046,Bearish_Distribution,Bearish_Distribution
2009-05-21,4210.89990234375,50.790000915527344,-0.014007658268312618,High_Conviction_Bull,High_Conviction_Bull
2009-05-22,4238.5,49.63999938964844,0.00653305468823182,High_Conviction_Bull,High_Conviction_Bull
2009-05-25,4237.5498046875,43.709999084472656,-0.00022420711024016018,High_Conviction_Bull,High_Conviction_Bull
2009-05-26,4116.7001953125,52.369998931884766,-0.02893330697304976,High_Conviction_Bull,High_Conviction_Bull
2009-05-27,4276.0498046875,41.56999969482422,0.03797772160667217,High_Conviction_Bull,High_Conviction_Bull
2009-05-28,4337.10009765625,44.58000183105469,0.014176303927149506,High_Conviction_Bull,High_Conviction_Bull
2009-05-29,4448.9501953125,40.29999923706055,0.025462212664147377,High_Conviction_Bull,High_Conviction_Bull
2009-06-01,4529.89990234375,41.83000183105469,0.018031685456947947,High_Conviction_Bull,High_Conviction_Bull
2009-06-02,4525.25,41.040000915527344,-0.0010270183934249677,High_Conviction_Bull,High_Conviction_Bull
2009-06-03,4530.7001953125,40.66999816894531,0.0012036718075930097,High_Conviction_Bull,High_Conviction_Bull
2009-06-04,4572.64990234375,41.310001373291016,0.009216388147472976,High_Conviction_Bull,High_Conviction_Bull
2009-06-05,4586.89990234375,40.54999923706055,0.003111509146328134,High_Conviction_Bull,High_Conviction_Bull
2009-06-08,4429.89990234375,42.27000045776367,-0.03482740495188661,High_Conviction_Bull,High_Conviction_Bull
2009-06-09,4550.9501953125,40.7599983215332,0.02695905690062911,High_Conviction_Bull,High_Conviction_Bull
2009-06-10,4655.25,40.470001220703125,0.022659569685072888,High_Conviction_Bull,High_Conviction_Bull
2009-06-11,4637.7001953125,41.02000045776367,-0.0037770191773879485,High_Conviction_Bull,High_Conviction_Bull
2009-06-12,4583.39990234375,40.83000183105469,-0.011777536315623243,High_Conviction_Bull,High_Conviction_Bull
2009-06-15,4484.0,52.709999084472656,-0.02192555427681002,High_Conviction_Bull,High_Conviction_Bull
2009-06-16,4517.7998046875,41.689998626708984,0.007509601249351286,High_Conviction_Bull,High_Conviction_Bull
2009-06-17,4356.14990234375,62.04999923706055,-0.03643648913774111,High_Conviction_Bull,High_Conviction_Bull
2009-06-18,4251.39990234375,54.4900016784668,-0.02434029983501015,High_Conviction_Bull,High_Conviction_Bull
2009-06-19,4313.60009765625,48.95000076293945,0.01452452744843538,High_Conviction_Bull,High_Conviction_Bull
2009-06-22,4235.25,47.529998779296875,-0.018330486696030126,High_Conviction_Bull,High_Conviction_Bull
2009-06-23,4247.0,48.22999954223633,0.0027704930922153406,High_Conviction_Bull,Bearish_Distribution
2009-06-24,4292.9501953125,42.220001220703125,0.010761336472574526,Bearish_Distribution,Bearish_Distribution
2009-06-25,4241.85009765625,38.59000015258789,-0.011974669943257217,Bearish_Distribution,Bearish_Distribution
2009-06-26,4375.5,37.9900016784668,0.03102128113329754,Bearish_Distribution,Bearish_Distribution
2009-06-29,4390.9501953125,40.310001373291016,0.003524850073885381,Bearish_Distribution,Bearish_Distribution
2009-06-30,4291.10009765625,42.540000915527344,-0.02300251598093086,Bearish_Distribution,Bearish_Distribution
2009-07-01,4340.89990234375,43.150001525878906,0.011538544301859693,Bearish_Distribution,Bearish_Distribution
2009-07-02,4348.85009765625,43.880001068115234,0.001829787400255588,Bearish_Distribution,Bearish_Distribution
2009-07-03,4424.25,45.86000061035156,0.01718930778033886,Bearish_Distribution,Bearish_Distribution
2009-07-06,4165.7001953125,39.88999938964844,-0.06021639695929826,Bearish_Distribution,Bearish_Distribution
2009-07-07,4202.14990234375,36.16999816894531,0.008711900223230998,Bearish_Distribution,Bearish_Distribution
2009-07-08,4078.89990234375,37.380001068115234,-0.02976895555269576,Bearish_Distribution,Bearish_Distribution
2009-07-09,4080.949951171875,36.63999938964844,0.0005024722042830826,Bearish_Distribution,Bearish_Distribution
2009-07-10,4003.89990234375,35.83000183105469,-0.019060930758841594,Bearish_Distribution,Bearish_Distribution
2009-07-13,3974.050048828125,36.58000183105469,-0.007483123607038943,Bearish_Distribution,Bearish_Distribution
2009-07-14,4111.39990234375,35.04999923706055,0.03397784123808458,Bearish_Distribution,Bearish_Distribution
2009-07-15,4233.5,36.150001525878906,0.029265494743313428,Bearish_Distribution,Bearish_Distribution
2009-07-16,4231.39990234375,37.59000015258789,-0.000496189612060596,Bearish_Distribution,Bearish_Distribution
2009-07-17,4374.9501953125,35.88999938964844,0.03336225132807462,Bearish_Distribution,Bearish_Distribution
2009-07-20,4502.25,36.970001220703125,0.028682136001716218,Bearish_Distribution,Bearish_Distribution
2009-07-21,4469.10009765625,36.59000015258789,-0.0073902038949700795,Bearish_Distribution,Bearish_Distribution
2009-07-22,4398.89990234375,37.13999938964844,-0.015832580454101436,Bearish_Distribution,Bearish_Distribution
2009-07-23,4523.75,34.04999923706055,0.02798680842696153,Bearish_Distribution,Bearish_Distribution
2009-07-24,4568.5498046875,36.470001220703125,0.009854529260629578,Bearish_Distribution,Bearish_Distribution
2009-07-27,4572.2998046875,37.38999938964844,0.0008204927048645212,Bearish_Distribution,Bearish_Distribution
2009-07-28,4564.10009765625,36.06999969482422,-0.0017949541001751161,Bearish_Distribution,Bearish_Distribution
2009-07-29,4513.5,37.33000183105469,-0.011148458005061479,Bearish_Distribution,Bearish_Distribution
2009-07-30,4571.4501953125,37.59000015258789,0.012757578201762492,Bearish_Distribution,Bearish_Distribution
2009-07-31,4636.4501953125,39.209999084472656,0.014118545371051477,Bearish_Distribution,Bearish_Distribution
2009-08-03,4711.39990234375,40.650001525878906,0.016036053719832168,Bearish_Distribution,Bearish_Distribution
2009-08-04,4680.5,36.79999923706055,-0.0065801412190565145,Bearish_Distribution,Bearish_Distribution
2009-08-05,4694.14990234375,36.70000076293945,0.002912089972889983,Bearish_Distribution,Bearish_Distribution
2009-08-06,4585.5,37.650001525878906,-0.02341788078569043,Bearish_Distribution,Bearish_Distribution
2009-08-07,4481.39990234375,40.849998474121094,-0.022963675199383395,Bearish_Distribution,Bearish_Distribution
2009-08-10,4437.64990234375,38.189998626708984,-0.009810540776643808,Bearish_Distribution,Bearish_Distribution
2009-08-11,4471.35009765625,38.20000076293945,0.007565463251027612,Bearish_Distribution,Bearish_Distribution
2009-08-12,4457.5,42.52000045776367,-0.0031023275367038786,Bearish_Distribution,Bearish_Distribution
2009-08-13,4605.0,42.79999923706055,0.03255459895211175,Bearish_Distribution,Bearish_Distribution
2009-08-14,4580.0498046875,44.2400016784668,-0.005432797254385226,Bearish_Distribution,Bearish_Distribution
2009-08-17,4387.89990234375,46.4900016784668,-0.042859141981096416,Bearish_Distribution,Bearish_Distribution
2009-08-18,4458.89990234375,45.040000915527344,0.016051346467611378,Bearish_Distribution,Bearish_Distribution
2009-08-19,4394.10009765625,40.209999084472656,-0.014639322704762736,Bearish_Distribution,Bearish_Distribution
2009-08-20,4453.4501953125,36.83000183105469,0.013416366323839432,Bearish_Distribution,Bearish_Distribution
2009-08-21,4528.7998046875,38.5099983215332,0.016777840055069108,Bearish_Distribution,Bearish_Distribution
2009-08-24,4642.7998046875,38.5099983215332,0.024860629830958582,Bearish_Distribution,Bearish_Distribution
2009-08-25,4659.35009765625,48.29999923706055,0.0035583839447752407,Bearish_Distribution,Bearish_Distribution
2009-08-26,4680.85009765625,36.27000045776367,0.004603763843200937,Bearish_Distribution,Bearish_Distribution
2009-08-27,4688.2001953125,34.84000015258789,0.0015690169087143328,Bearish_Distribution,Bearish_Distribution
2009-08-28,4732.35009765625,33.27000045776367,0.009373173372637477,Bearish_Distribution,Bearish_Distribution
2009-08-31,4662.10009765625,34.5099983215332,-0.014955917162028142,Bearish_Distribution,Bearish_Distribution
2009-09-01,4625.35009765625,34.97999954223633,-0.007913946461732439,Bearish_Distribution,Bearish_Distribution
2009-09-02,4608.35009765625,34.959999084472656,-0.0036821683286419565,Bearish_Distribution,Bearish_Distribution
2009-09-03,4593.5498046875,34.11000061035156,-0.0032167934640254477,Bearish_Distribution,Bearish_Distribution
2009-09-04,4680.39990234375,32.5099983215332,0.018730452400324605,Bearish_Distribution,Bearish_Distribution
2009-09-07,4782.89990234375,32.209999084472656,0.02166348118377279,Bearish_Distribution,Bearish_Distribution
2009-09-08,4805.25,31.969999313354492,0.004662033523602062,Bearish_Distribution,Bearish_Distribution
2009-09-09,4814.25,31.65999984741211,0.0018711996727566542,Bearish_Distribution,Bearish_Distribution
2009-09-10,4819.39990234375,32.58000183105469,0.0010691488452491261,Bearish_Distribution,Bearish_Distribution
2009-09-11,4829.5498046875,31.170000076293945,0.002103836457989509,Bearish_Distribution,Bearish_Distribution
2009-09-14,4808.60009765625,31.670000076293945,-0.004347253412091281,Bearish_Distribution,Bearish_Distribution
2009-09-15,4892.10009765625,30.200000762939453,0.017215677346227053,Bearish_Distribution,Bearish_Distribution
2009-09-16,4958.39990234375,28.31999969482422,0.013461409240998598,Bearish_Distribution,Bearish_Distribution
2009-09-17,4965.5498046875,27.270000457763672,0.0014409391002453732,Bearish_Distribution,Bearish_Distribution
2009-09-18,4976.0498046875,25.860000610351562,0.0021123369109170504,Bearish_Distribution,Bearish_Distribution
2009-09-22,5020.2001953125,26.799999237060547,0.008833448085396973,Bearish_Distribution,Bearish_Distribution
2009-09-23,4969.9501953125,26.510000228881836,-0.010059993458349821,Bearish_Distribution,Bearish_Distribution
2009-09-24,4986.5498046875,24.360000610351562,0.0033344297203069546,Bearish_Distribution,Bearish_Distribution
2009-09-25,4958.9501953125,26.110000610351562,-0.005550184550685771,Bearish_Distribution,Bearish_Distribution
2009-09-29,5006.85009765625,26.059999465942383,0.009612930180802755,Bearish_Distribution,Bearish_Distribution
2009-09-30,5083.9501953125,25.270000457763672,0.01528156257568173,Bearish_Distribution,Bearish_Distribution
2009-10-01,5083.39990234375,25.3700008392334,-0.0001082470779508545,Bearish_Distribution,Bearish_Distribution
2009-10-05,5003.2001953125,28.719999313354492,-0.01590256308364279,Bearish_Distribution,Bearish_Distribution
2009-10-06,5027.39990234375,27.75,0.004825185681401467,Bearish_Distribution,Bearish_Distribution
2009-10-07,4985.75,30.479999542236328,-0.00831908898916255,Bearish_Distribution,Bearish_Distribution
2009-10-08,5002.25,29.8700008392334,0.003303967763271161,Bearish_Distribution,Bearish_Distribution
2009-10-09,4945.2001953125,30.25,-0.011470362568461737,Bearish_Distribution,Bearish_Distribution
2009-10-12,5054.25,28.200000762939453,0.021812024866295583,Bearish_Distribution,Bearish_Distribution
2009-10-14,5118.2001953125,26.3799991607666,0.012573379386921655,Bearish_Distribution,Bearish_Distribution
2009-10-15,5108.85009765625,26.639999389648438,-0.0018285038194818342,Bearish_Distribution,Bearish_Distribution
2009-10-16,5142.14990234375,26.020000457763672,0.00649691187573945,Bearish_Distribution,Bearish_Distribution
2009-10-20,5114.4501953125,26.690000534057617,-0.00540135602667101,Bearish_Distribution,Bearish_Distribution
2009-10-21,5063.60009765625,26.780000686645508,-0.009992192862338394,Bearish_Distribution,Pre_Breakout_Accumulation
2009-10-22,4988.60009765625,25.489999771118164,-0.014922383214037875,Pre_Breakout_Accumulation,Pre_Breakout_Accumulation
2009-10-23,4997.0498046875,24.489999771118164,0.0016923703776181042,Pre_Breakout_Accumulation,Pre_Breakout_Accumulation
2009-10-26,4970.89990234375,24.489999771118164,-0.00524680864216922,Pre_Breakout_Accumulation,Pre_Breakout_Accumulation
2009-10-27,4846.7001953125,28.18000030517578,-0.025302789297137664,Pre_Breakout_Accumulation,Pre_Breakout_Accumulation
2009-10-28,4826.14990234375,28.479999542236328,-0.004249073164630616,Pre_Breakout_Accumulation,Pre_Breakout_Accumulation
2009-10-29,4750.5498046875,28.219999313354492,-0.0157886684226227,Pre_Breakout_Accumulation,Pre_Breakout_Accumulation
2009-10-30,4711.7001953125,25.389999389648438,-0.008211541160985762,Pre_Breakout_Accumulation,Pre_Breakout_Accumulation
2009-11-03,4563.89990234375,24.43000030517578,-0.03187131878499145,Pre_Breakout_Accumulation,Pre_Breakout_Accumulation
2009-11-04,4710.7998046875,29.889999389648438,0.03168020376716393,Pre_Breakout_Accumulation,Pre_Breakout_Accumulation
2009-11-05,4765.5498046875,29.56999969482422,0.01155521091005473,Pre_Breakout_Accumulation,Pre_Breakout_Accumulation
2009-11-06,4796.14990234375,29.040000915527344,0.006400577943453908,Pre_Breakout_Accumulation,Pre_Breakout_Accumulation
2009-11-09,4898.39990234375,28.920000076293945,0.0210951088670664,Pre_Breakout_Accumulation,Pre_Breakout_Accumulation
2009-11-10,4881.7001953125,30.059999465942383,-0.0034150413788274323,Pre_Breakout_Accumulation,Pre_Breakout_Accumulation
2009-11-11,5003.9501953125,28.959999084472656,0.0247340797135903,Pre_Breakout_Accumulation,Pre_Breakout_Accumulation
2009-11-12,4952.64990234375,29.639999389648438,-0.010304872432620345,Pre_Breakout_Accumulation,Pre_Breakout_Accumulation
2009-11-13,4998.9501953125,29.09000015258789,0.009305162304323626,Pre_Breakout_Accumulation,Pre_Breakout_Accumulation
2009-11-16,5058.0498046875,27.950000762939453,0.0117530654631769,Pre_Breakout_Accumulation,Pre_Breakout_Accumulation
2009-11-17,5062.25,26.780000686645508,0.0008300535823478282,Pre_Breakout_Accumulation,Pre_Breakout_Accumulation
2009-11-18,5054.7001953125,26.389999389648438,-0.0014925063271494336,Pre_Breakout_Accumulation,Pre_Breakout_Accumulation
2009-11-19,4989.0,28.549999237060547,-0.013083053291191901,Pre_Breakout_Accumulation,Pre_Breakout_Accumulation
2009-11-20,5052.4501953125,26.639999389648438,0.01263782393371543,Pre_Breakout_Accumulation,Pre_Breakout_Accumulation
2009-11-23,5103.5498046875,26.690000534057617,0.010063024928878886,Pre_Breakout_Accumulation,Pre_Breakout_Accumulation
2009-11-24,5090.5498046875,26.09000015258789,-0.0025504963744246104,Pre_Breakout_Accumulation,Pre_Breakout_Accumulation
2009-11-25,5108.14990234375,24.850000381469727,0.003451442955186688,Pre_Breakout_Accumulation,Pre_Breakout_Accumulation
2009-11-26,5005.5498046875,28.309999465942383,-0.020290026501848146,Pre_Breakout_Accumulation,Pre_Breakout_Accumulation
2009-11-27,4941.75,30.059999465942383,-0.012827738340506812,Pre_Breakout_Accumulation,Pre_Breakout_Accumulation
2009-11-30,5032.7001953125,27.559999465942383,0.018237138750004357,Pre_Breakout_Accumulation,Pre_Breakout_Accumulation
2009-12-01,5122.0,25.450000762939453,0.01758832954742736,Pre_Breakout_Accumulation,Pre_Breakout_Accumulation
2009-12-02,5123.25,26.030000686645508,0.00024401552059781837,Pre_Breakout_Accumulation,Pre_Breakout_Accumulation
2009-12-03,5131.7001953125,25.989999771118164,0.0016480230647846364,Pre_Breakout_Accumulation,Pre_Breakout_Accumulation
2009-12-04,5108.89990234375,26.139999389648438,-0.004452928622557845,Pre_Breakout_Accumulation,Pre_Breakout_Accumulation
2009-12-07,5066.7001953125,27.670000076293945,-0.008294341082044564,Pre_Breakout_Accumulation,Pre_Breakout_Accumulation
2009-12-08,5147.9501953125,26.459999084472656,0.01590885845874608,Pre_Breakout_Accumulation,Pre_Breakout_Accumulation
2009-12-09,5112.0,26.989999771118164,-0.007007898041626141,Pre_Breakout_Accumulation,Pre_Breakout_Accumulation
2009-12-10,5134.64990234375,27.200000762939453,0.00442094527483114,Pre_Breakout_Accumulation,Pre_Breakout_Accumulation
2009-12-11,5117.2998046875,27.149999618530273,-0.00338474431036693,Pre_Breakout_Accumulation,Pre_Breakout_Accumulation
2009-12-14,5105.7001953125,27.889999389648438,-0.0022693170992805064,Pre_Breakout_Accumulation,Pre_Breakout_Accumulation
2009-12-15,5033.0498046875,28.31999969482422,-0.014331477568789911,Pre_Breakout_Accumulation,Pre_Breakout_Accumulation
2009-12-16,5042.0498046875,27.360000610351562,0.0017865833079278638,Pre_Breakout_Accumulation,Pre_Breakout_Accumulation
2009-12-17,5041.75,27.25,-5.94626417412698e-05,Pre_Breakout_Accumulation,Pre_Breakout_Accumulation
2009-12-18,4987.7001953125,26.65999984741211,-0.010778323216369252,Pre_Breakout_Accumulation,Pre_Breakout_Accumulation
2009-12-21,4952.60009765625,26.190000534057617,-0.007062209894237859,Pre_Breakout_Accumulation,Pre_Breakout_Accumulation
2009-12-22,4985.85009765625,24.520000457763672,0.006691209072439182,Pre_Breakout_Accumulation,Pre_Breakout_Accumulation
2009-12-23,5144.60009765625,23.84000015258789,0.031343719862452074,Pre_Breakout_Accumulation,Pre_Breakout_Accumulation
2009-12-24,5178.39990234375,22.690000534057617,0.006548469528681985,Pre_Breakout_Accumulation,Pre_Breakout_Accumulation
2009-12-29,5187.9501953125,24.40999984741211,0.0018425570390217326,Pre_Breakout_Accumulation,Pre_Breakout_Accumulation
2009-12-30,5169.4501953125,24.6200008392334,-0.0035723287651930414,Pre_Breakout_Accumulation,Pre_Breakout_Accumulation
2009-12-31,5201.0498046875,23.34000015258789,0.006094153063461107,Pre_Breakout_Accumulation,Pre_Breakout_Accumulation
2010-01-04,5232.2001953125,23.639999389648438,0.005971386324858452,Pre_Breakout_Accumulation,Pre_Breakout_Accumulation
2010-01-05,5277.89990234375,22.270000457763672,0.0086963957751834,Pre_Breakout_Accumulation,Pre_Breakout_Accumulation
2010-01-06,5281.7998046875,22.1200008392334,0.0007386389062683265,Pre_Breakout_Accumulation,Pre_Breakout_Accumulation
2010-01-07,5263.10009765625,22.5,-0.0035466864183382987,Pre_Breakout_Accumulation,Pre_Breakout_Accumulation
2010-01-08,5244.75,22.56999969482422,-0.003492649046092997,Pre_Breakout_Accumulation,Pre_Breakout_Accumulation
2010-01-11,5249.39990234375,22.68000030517578,0.0008861894848711219,Pre_Breakout_Accumulation,Pre_Breakout_Accumulation
2010-01-12,5210.39990234375,23.079999923706055,-0.0074571562473284584,Pre_Breakout_Accumulation,Pre_Breakout_Accumulation
2010-01-13,5233.9501953125,21.989999771118164,0.004509678948100578,Pre_Breakout_Accumulation,Pre_Breakout_Accumulation
2010-01-14,5259.89990234375,20.979999542236328,0.004945708140283072,Pre_Breakout_Accumulation,Pre_Breakout_Accumulation
2010-01-15,5252.2001953125,21.079999923706055,-0.0014649229624307774,Pre_Breakout_Accumulation,Pre_Breakout_Accumulation
2010-01-18,5274.85009765625,21.549999237060547,0.004303187818976659,Pre_Breakout_Accumulation,Pre_Breakout_Accumulation
2010-01-19,5225.64990234375,22.34000015258789,-0.00937108811281388,Pre_Breakout_Accumulation,Pre_Breakout_Accumulation
2010-01-20,5221.7001953125,22.290000915527344,-0.0007561165620956245,Pre_Breakout_Accumulation,Pre_Breakout_Accumulation
2010-01-21,5094.14990234375,23.5,-0.024730253416518803,Pre_Breakout_Accumulation,Pre_Breakout_Accumulation
2010-01-22,5036.0,24.850000381469727,-0.011480687178891941,Pre_Breakout_Accumulation,Pre_Breakout_Accumulation
2010-01-25,5007.89990234375,25.81999969482422,-0.005595470135225262,Pre_Breakout_Accumulation,Pre_Breakout_Accumulation
2010-01-27,4853.10009765625,28.920000076293945,-0.03139894990280727,Pre_Breakout_Accumulation,Pre_Breakout_Accumulation
2010-01-28,4867.25,26.959999084472656,0.002911399732814308,Pre_Breakout_Accumulation,Pre_Breakout_Accumulation
2010-01-29,4882.0498046875,26.1299991607666,0.003036077739411096,Pre_Breakout_Accumulation,Pre_Breakout_Accumulation
2010-02-01,4899.7001953125,25.610000610351562,0.0036088449983292152,Pre_Breakout_Accumulation,Pre_Breakout_Accumulation
2010-02-02,4830.10009765625,26.690000534057617,-0.01430682701245135,Pre_Breakout_Accumulation,Pre_Breakout_Accumulation
2010-02-03,4931.85009765625,25.540000915527344,0.020846999413257735,Pre_Breakout_Accumulation,Pre_Breakout_Accumulation
2010-02-04,4845.35009765625,27.06999969482422,-0.017694688705123994,Pre_Breakout_Accumulation,Pre_Breakout_Accumulation
2010-02-05,4718.64990234375,30.06999969482422,-0.026496781268445523,Pre_Breakout_Accumulation,Pre_Breakout_Accumulation
2010-02-08,4760.39990234375,30.360000610351562,0.008808956769992533,Pre_Breakout_Accumulation,Pre_Breakout_Accumulation
2010-02-09,4792.64990234375,29.90999984741211,0.006751796164294356,Pre_Breakout_Accumulation,Pre_Breakout_Accumulation
2010-02-10,4757.2001953125,30.549999237060547,-0.007424173049006029,Pre_Breakout_Accumulation,Pre_Breakout_Accumulation
2010-02-11,4826.85009765625,28.809999465942383,0.014534800298261869,Pre_Breakout_Accumulation,Pre_Breakout_Accumulation
2010-02-15,4801.9501953125,29.68000030517578,-0.005171975135166793,Pre_Breakout_Accumulation,Pre_Breakout_Accumulation
2010-02-16,4855.75,28.729999542236328,0.011141443639869172,Pre_Breakout_Accumulation,Pre_Breakout_Accumulation
2010-02-17,4914.0,29.040000915527344,0.011924704368882228,Pre_Breakout_Accumulation,Pre_Breakout_Accumulation
2010-02-18,4887.75,29.760000228881836,-0.005356199200524958,Pre_Breakout_Accumulation,Pre_Breakout_Accumulation
2010-02-19,4844.89990234375,31.899999618530273,-0.008805489760123469,Pre_Breakout_Accumulation,Pre_Breakout_Accumulation
2010-02-22,4856.39990234375,32.130001068115234,0.002370817440569972,Pre_Breakout_Accumulation,Pre_Breakout_Accumulation
2010-02-23,4870.0498046875,30.989999771118164,0.0028067612985113975,Pre_Breakout_Accumulation,Pre_Breakout_Accumulation
2010-02-24,4858.60009765625,30.399999618530273,-0.002353813207905825,Pre_Breakout_Accumulation,Pre_Breakout_Accumulation
2010-02-25,4859.75,29.549999237060547,0.00023664559057058937,Pre_Breakout_Accumulation,Pre_Breakout_Accumulation
2010-02-26,4922.2998046875,24.020000457763672,0.012788865005232845,Pre_Breakout_Accumulation,Pre_Breakout_Accumulation
2010-03-02,5017.0,21.6299991607666,0.01905628423679781,Pre_Breakout_Accumulation,Pre_Breakout_Accumulation
2010-03-03,5088.10009765625,20.75,0.014072353623684244,Pre_Breakout_Accumulation,Pre_Breakout_Accumulation
2010-03-04,5080.25,20.979999542236328,-0.0015440261478846663,Pre_Breakout_Accumulation,Pre_Breakout_Accumulation
2010-03-05,5088.7001953125,20.739999771118164,0.0016619605947973564,Pre_Breakout_Accumulation,Pre_Breakout_Accumulation
2010-03-08,5124.0,20.729999542236328,0.006912950461775033,Pre_Breakout_Accumulation,Pre_Breakout_Accumulation
2010-03-09,5101.5,20.799999237060547,-0.004400769901265003,Pre_Breakout_Accumulation,Pre_Breakout_Accumulation
2010-03-10,5116.25,20.09000015258789,0.002887134691252988,Pre_Breakout_Accumulation,Pre_Breakout_Accumulation
2010-03-11,5133.39990234375,20.139999389648438,0.0033464398319566976,Pre_Breakout_Accumulation,Pre_Breakout_Accumulation
2010-03-12,5137.0,19.729999542236328,0.0007010628286984394,Pre_Breakout_Accumulation,Pre_Breakout_Accumulation
2010-03-15,5128.89990234375,20.260000228881836,-0.0015780592864252823,Pre_Breakout_Accumulation,Pre_Breakout_Accumulation
2010-03-16,5198.10009765625,19.59000015258789,0.013402000790980504,Pre_Breakout_Accumulation,Pre_Breakout_Accumulation
2010-03-17,5231.89990234375,17.729999542236328,0.006481289167163449,Pre_Breakout_Accumulation,Pre_Breakout_Accumulation
2010-03-18,5245.89990234375,17.969999313354492,0.0026723183478340206,Pre_Breakout_Accumulation,Pre_Breakout_Accumulation
2010-03-19,5262.7998046875,17.75,0.0032163668929633504,Pre_Breakout_Accumulation,Pre_Breakout_Accumulation
2010-03-22,5205.2001953125,19.959999084472656,-0.011005003954608747,Pre_Breakout_Accumulation,Pre_Breakout_Accumulation
2010-03-23,5225.2998046875,18.1299991607666,0.003854011649290952,Pre_Breakout_Accumulation,Pre_Breakout_Accumulation
2010-03-25,5260.39990234375,17.049999237060547,0.006694875828928294,Pre_Breakout_Accumulation,Pre_Breakout_Accumulation
2010-03-26,5282.0,17.889999389648438,0.004097762953683076,Pre_Breakout_Accumulation,Pre_Breakout_Accumulation
2010-03-29,5302.85009765625,18.729999542236328,0.003939616419884685,Pre_Breakout_Accumulation,Pre_Breakout_Accumulation
2010-03-30,5262.4501953125,19.799999237060547,-0.007647695404744314,Pre_Breakout_Accumulation,Pre_Breakout_Accumulation
2010-03-31,5249.10009765625,19.8700008392334,-0.0025400829491546485,Pre_Breakout_Accumulation,Pre_Breakout_Accumulation
2010-04-01,5290.5,17.6200008392334,0.00785610742115299,Pre_Breakout_Accumulation,Pre_Breakout_Accumulation
2010-04-05,5368.39990234375,17.170000076293945,0.014617134988492871,Pre_Breakout_Accumulation,Pre_Breakout_Accumulation
2010-04-06,5366.0,17.200000762939453,-0.0004471423471397832,Pre_Breakout_Accumulation,Pre_Breakout_Accumulation
2010-04-07,5374.64990234375,17.31999969482422,0.0016106854412794307,Pre_Breakout_Accumulation,Pre_Breakout_Accumulation
2010-04-08,5304.4501953125,19.920000076293945,-0.013147309710539474,Pre_Breakout_Accumulation,Pre_Breakout_Accumulation
2010-04-09,5361.75,18.440000534057617,0.010744286598761555,Pre_Breakout_Accumulation,Pre_Breakout_Accumulation
2010-04-12,5339.7001953125,20.049999237060547,-0.004120906136825128,Pre_Breakout_Accumulation,Pre_Breakout_Accumulation
2010-04-13,5322.9501953125,20.139999389648438,-0.0031418105563994977,Pre_Breakout_Accumulation,Pre_Breakout_Accumulation
2010-04-15,5273.60009765625,21.579999923706055,-0.009314437828800527,Pre_Breakout_Accumulation,Pre_Breakout_Accumulation
2010-04-16,5262.60009765625,21.780000686645508,-0.0020880400510003044,Pre_Breakout_Accumulation,Pre_Breakout_Accumulation
2010-04-19,5203.64990234375,22.65999984741211,-0.011264936095264202,Pre_Breakout_Accumulation,Pre_Breakout_Accumulation
2010-04-20,5230.10009765625,20.8700008392334,0.005070133360250802,Pre_Breakout_Accumulation,Pre_Breakout_Accumulation
2010-04-21,5244.89990234375,19.229999542236328,0.0028257402454029998,Pre_Breakout_Accumulation,Pre_Breakout_Accumulation
2010-04-22,5269.35009765625,20.530000686645508,0.004650876550451328,Pre_Breakout_Accumulation,Pre_Breakout_Accumulation
2010-04-23,5304.10009765625,20.209999084472656,0.006573090991872485,Pre_Breakout_Accumulation,Pre_Breakout_Accumulation
2010-04-26,5322.4501953125,19.790000915527344,0.0034536355429986695,Pre_Breakout_Accumulation,Pre_Breakout_Accumulation
2010-04-27,5308.35009765625,19.81999969482422,-0.002652689456282345,Pre_Breakout_Accumulation,Pre_Breakout_Accumulation
2010-04-28,5215.4501953125,22.729999542236328,-0.017655659171124917,Pre_Breakout_Accumulation,Pre_Breakout_Accumulation
2010-04-29,5254.14990234375,21.190000534057617,0.007392810217539679,Pre_Breakout_Accumulation,Pre_Breakout_Accumulation
2010-04-30,5278.0,20.350000381469727,0.004529016135379945,Pre_Breakout_Accumulation,Pre_Breakout_Accumulation
2010-05-03,5222.75,22.139999389648438,-0.010523154984110675,Pre_Breakout_Accumulation,Pre_Breakout_Accumulation
2010-05-04,5148.5,23.299999237060547,-0.014318672982353193,Pre_Breakout_Accumulation,Pre_Breakout_Accumulation
2010-05-05,5124.89990234375,23.690000534057617,-0.004594416530933983,Pre_Breakout_Accumulation,Pre_Breakout_Accumulation
2010-05-06,5090.85009765625,24.360000610351562,-0.006666163674476285,Pre_Breakout_Accumulation,Pre_Breakout_Accumulation
2010-05-07,5018.0498046875,27.399999618530273,-0.014403456807526558,Pre_Breakout_Accumulation,Pre_Breakout_Accumulation
2010-05-10,5193.60009765625,24.139999389648438,0.03438574403959364,Pre_Breakout_Accumulation,Pre_Breakout_Accumulation
2010-05-11,5136.14990234375,25.809999465942383,-0.011123364586176314,Pre_Breakout_Accumulation,Pre_Breakout_Accumulation
2010-05-12,5156.64990234375,25.81999969482422,0.003983372356512285,Pre_Breakout_Accumulation,Pre_Breakout_Accumulation
2010-05-13,5178.89990234375,24.860000610351562,0.004305534740252186,Pre_Breakout_Accumulation,Pre_Breakout_Accumulation
2010-05-14,5093.5,26.530000686645508,-0.016627442603929482,Pre_Breakout_Accumulation,Pre_Breakout_Accumulation
2010-05-17,5059.89990234375,27.170000076293945,-0.0066185160897830105,Pre_Breakout_Accumulation,Pre_Breakout_Accumulation
2010-05-18,5066.2001953125,26.540000915527344,0.0012443672728817412,Pre_Breakout_Accumulation,Pre_Breakout_Accumulation
2010-05-19,4919.64990234375,32.040000915527344,-0.02935369831893425,Pre_Breakout_Accumulation,Pre_Breakout_Accumulation
2010-05-20,4947.60009765625,31.040000915527344,0.005665260344674226,Pre_Breakout_Accumulation,Pre_Breakout_Accumulation
2010-05-21,4931.14990234375,32.2599983215332,-0.0033304234883113635,Pre_Breakout_Accumulation,Pre_Breakout_Accumulation
2010-05-24,4943.9501953125,31.299999237060547,0.002592439572484712,Pre_Breakout_Accumulation,Pre_Breakout_Accumulation
2010-05-25,4806.75,34.52000045776367,-0.02814346627068717,Pre_Breakout_Accumulation,Pre_Breakout_Accumulation
2010-05-26,4917.39990234375,32.150001525878906,0.022758735608322447,Pre_Breakout_Accumulation,Pre_Breakout_Accumulation
2010-05-27,5003.10009765625,29.010000228881836,0.01727782415402294,Pre_Breakout_Accumulation,Pre_Breakout_Accumulation
2010-05-28,5066.5498046875,26.43000030517578,0.012602334221159585,Pre_Breakout_Accumulation,Pre_Breakout_Accumulation
2010-05-31,5086.2998046875,26.43000030517578,0.0038905382570750065,Pre_Breakout_Accumulation,Pre_Breakout_Accumulation
2010-06-01,4970.2001953125,29.079999923706055,-0.023090492266616938,Pre_Breakout_Accumulation,Pre_Breakout_Accumulation
2010-06-02,5019.85009765625,27.760000228881836,0.009939952188865392,Pre_Breakout_Accumulation,Pre_Breakout_Accumulation
2010-06-03,5110.5,25.290000915527344,0.01789717455385668,Pre_Breakout_Accumulation,Pre_Breakout_Accumulation
2010-06-04,5135.5,24.719999313354492,0.004879962836728166,Pre_Breakout_Accumulation,Pre_Breakout_Accumulation
2010-06-07,5034.0,27.989999771118164,-0.019962312910597833,Pre_Breakout_Accumulation,Pre_Breakout_Accumulation
2010-06-08,4987.10009765625,28.770000457763672,-0.009360298632856782,Pre_Breakout_Accumulation,Pre_Breakout_Accumulation
2010-06-09,5000.2998046875,28.15999984741211,0.0026432734937479525,Pre_Breakout_Accumulation,Pre_Breakout_Accumulation
2010-06-10,5078.60009765625,26.5,0.015537780712110243,Pre_Breakout_Accumulation,Pre_Breakout_Accumulation
2010-06-11,5119.35009765625,25.100000381469727,0.007991844656968942,Pre_Breakout_Accumulation,Pre_Breakout_Accumulation
2010-06-14,5197.7001953125,22.950000762939453,0.01518876068179503,Pre_Breakout_Accumulation,Pre_Breakout_Accumulation
2010-06-15,5222.35009765625,21.979999542236328,0.004731253234392907,Pre_Breakout_Accumulation,Pre_Breakout_Accumulation
2010-06-16,5233.35009765625,22.670000076293945,0.0021041161955454323,Pre_Breakout_Accumulation,Pre_Breakout_Accumulation
2010-06-17,5274.85009765625,20.850000381469727,0.007898634397593373,Pre_Breakout_Accumulation,Pre_Breakout_Accumulation
2010-06-18,5262.60009765625,19.959999084472656,-0.002325041692512812,Pre_Breakout_Accumulation,Pre_Breakout_Accumulation
2010-06-21,5353.2998046875,19.40999984741211,0.017087936936644132,Pre_Breakout_Accumulation,Pre_Breakout_Accumulation
2010-06-22,5316.5498046875,20.639999389648438,-0.006888596684940277,Pre_Breakout_Accumulation,Pre_Breakout_Accumulation
2010-06-23,5323.14990234375,20.34000015258789,0.001240655034366222,Pre_Breakout_Accumulation,Pre_Breakout_Accumulation
2010-06-24,5320.60009765625,20.06999969482422,-0.00047911774257688094,Pre_Breakout_Accumulation,Pre_Breakout_Accumulation
2010-06-25,5269.0498046875,20.0,-0.009736053722463615,Pre_Breakout_Accumulation,Pre_Breakout_Accumulation
2010-06-28,5333.5,19.549999237060547,0.01215763950246269,Pre_Breakout_Accumulation,Pre_Breakout_Accumulation
2010-06-29,5256.14990234375,20.639999389648438,-0.014608882074956035,Pre_Breakout_Accumulation,Pre_Breakout_Accumulation
2010-06-30,5312.5,20.06999969482422,0.01066373324209074,Pre_Breakout_Accumulation,Pre_Breakout_Accumulation
2010-07-01,5251.39990234375,21.440000534057617,-0.011567845125803692,Pre_Breakout_Accumulation,Pre_Breakout_Accumulation
2010-07-02,5237.10009765625,21.899999618530273,-0.002726760461016281,Pre_Breakout_Accumulation,Pre_Breakout_Accumulation
2010-07-05,5235.89990234375,21.989999771118164,-0.00022919799823436973,Pre_Breakout_Accumulation,Pre_Breakout_Accumulation
2010-07-06,5289.0498046875,20.899999618530273,0.010099878028875301,Pre_Breakout_Accumulation,Pre_Breakout_Accumulation
2010-07-07,5241.10009765625,22.110000610351562,-0.009107190095395111,Pre_Breakout_Accumulation,Pre_Breakout_Accumulation
2010-07-08,5296.85009765625,21.1200008392334,0.010580904083332588,Pre_Breakout_Accumulation,Pre_Breakout_Accumulation
2010-07-09,5352.4501953125,20.209999084472656,0.010442113816835361,Pre_Breakout_Accumulation,Pre_Breakout_Accumulation
2010-07-12,5383.0,19.90999984741211,0.005691403079691351,Pre_Breakout_Accumulation,Pre_Breakout_Accumulation
2010-07-13,5400.64990234375,19.110000610351562,0.0032734590355328547,Pre_Breakout_Accumulation,Pre_Breakout_Accumulation
2010-07-14,5386.14990234375,20.06999969482422,-0.0026884727623095483,Pre_Breakout_Accumulation,Pre_Breakout_Accumulation
2010-07-15,5378.75,20.18000030517578,-0.0013748206813710688,Pre_Breakout_Accumulation,Pre_Breakout_Accumulation
2010-07-16,5393.89990234375,19.700000762939453,0.002812662152533556,Pre_Breakout_Accumulation,Pre_Breakout_Accumulation
2010-07-19,5386.4501953125,20.709999084472656,-0.0013820902196343338,Pre_Breakout_Accumulation,Pre_Breakout_Accumulation
2010-07-20,5368.0,20.3799991607666,-0.0034311774341907633,Pre_Breakout_Accumulation,Pre_Breakout_Accumulation
2010-07-21,5399.35009765625,20.0,0.005823194372050832,Pre_Breakout_Accumulation,Pre_Breakout_Accumulation
2010-07-22,5441.9501953125,18.899999618530273,0.007858894368978778,Pre_Breakout_Accumulation,Pre_Breakout_Accumulation
2010-07-23,5449.10009765625,19.239999771118164,0.0013129869348835793,Pre_Breakout_Accumulation,Pre_Breakout_Accumulation
2010-07-26,5418.60009765625,19.969999313354492,-0.005612977820209495,Pre_Breakout_Accumulation,Pre_Breakout_Accumulation
2010-07-27,5430.60009765625,19.219999313354492,0.0022121455365479116,Pre_Breakout_Accumulation,Pre_Breakout_Accumulation
2010-07-28,5397.5498046875,19.520000457763672,-0.006104532335174015,Pre_Breakout_Accumulation,Pre_Breakout_Accumulation
2010-07-29,5408.89990234375,18.329999923706055,0.002100616231522225,Pre_Breakout_Accumulation,Pre_Breakout_Accumulation
2010-07-30,5367.60009765625,18.940000534057617,-0.00766482751966219,Pre_Breakout_Accumulation,Pre_Breakout_Accumulation
2010-08-02,5431.64990234375,17.989999771118164,0.011862037773378627,Pre_Breakout_Accumulation,Pre_Breakout_Accumulation
2010-08-03,5439.5498046875,17.549999237060547,0.0014533637403788082,Pre_Breakout_Accumulation,Pre_Breakout_Accumulation
2010-08-04,5467.85009765625,17.040000915527344,0.005189203059859094,Pre_Breakout_Accumulation,Pre_Breakout_Accumulation
2010-08-05,5447.10009765625,17.709999084472656,-0.003802129121223046,Pre_Breakout_Accumulation,Pre_Breakout_Accumulation
2010-08-06,5439.25,17.3700008392334,-0.0014421911745366375,Pre_Breakout_Accumulation,Pre_Breakout_Accumulation
2010-08-09,5486.14990234375,17.0,0.008585532950855656,Pre_Breakout_Accumulation,Pre_Breakout_Accumulation
2010-08-10,5460.7001953125,17.329999923706055,-0.004649694232652821,Pre_Breakout_Accumulation,Pre_Breakout_Accumulation
2010-08-11,5420.60009765625,18.110000610351562,-0.007370493986963361,Pre_Breakout_Accumulation,Pre_Breakout_Accumulation
2010-08-12,5416.4501953125,18.0,-0.0007658730806648022,Pre_Breakout_Accumulation,Pre_Breakout_Accumulation
2010-08-13,5452.10009765625,16.739999771118164,0.006560218103885612,Pre_Breakout_Accumulation,Pre_Breakout_Accumulation
2010-08-16,5418.2998046875,18.110000610351562,-0.006218796401868112,Pre_Breakout_Accumulation,Pre_Breakout_Accumulation
2010-08-17,5414.14990234375,17.6299991607666,-0.000766198350143573,Pre_Breakout_Accumulation,Pre_Breakout_Accumulation
2010-08-18,5479.14990234375,16.399999618530273,0.011934082898280511,Pre_Breakout_Accumulation,Pre_Breakout_Accumulation
2010-08-19,5540.2001953125,16.530000686645508,0.0110806748273832,Pre_Breakout_Accumulation,Pre_Breakout_Accumulation
2010-08-20,5530.64990234375,16.700000762939453,-0.0017253047875308014,Pre_Breakout_Accumulation,Pre_Breakout_Accumulation
2010-08-23,5543.5,17.139999389648438,0.0023207385735129846,Pre_Breakout_Accumulation,Pre_Breakout_Accumulation
2010-08-24,5505.10009765625,16.989999771118164,-0.006951117177111686,Pre_Breakout_Accumulation,Pre_Breakout_Accumulation
2010-08-25,5462.35009765625,18.920000076293945,-0.007795835084648713,Pre_Breakout_Accumulation,Pre_Breakout_Accumulation
2010-08-26,5477.89990234375,17.09000015258789,0.002842680040908752,Pre_Breakout_Accumulation,Pre_Breakout_Accumulation
2010-08-27,5408.7001953125,19.6299991607666,-0.012712993664487983,Pre_Breakout_Accumulation,Pre_Breakout_Accumulation
2010-08-30,5415.4501953125,18.360000610351562,0.0012472112140708633,Pre_Breakout_Accumulation,Pre_Breakout_Accumulation
2010-08-31,5402.39990234375,18.469999313354492,-0.00241273435696224,Pre_Breakout_Accumulation,Pre_Breakout_Accumulation
2010-09-01,5471.85009765625,16.700000762939453,0.012773504308811986,Pre_Breakout_Accumulation,Pre_Breakout_Accumulation
2010-09-02,5486.14990234375,16.149999618530273,0.002609931156180491,Pre_Breakout_Accumulation,Pre_Breakout_Accumulation
2010-09-03,5479.39990234375,15.859999656677246,-0.0012311285750001095,Pre_Breakout_Accumulation,Pre_Breakout_Accumulation
2010-09-06,5576.9501953125,15.220000267028809,0.017646478902998107,Pre_Breakout_Accumulation,Pre_Breakout_Accumulation
2010-09-07,5604.0,15.829999923706055,0.004838561479732106,Pre_Breakout_Accumulation,Pre_Breakout_Accumulation
2010-09-08,5607.85009765625,15.970000267028809,0.0006867908104461945,Pre_Breakout_Accumulation,Pre_Breakout_Accumulation
2010-09-09,5640.0498046875,15.920000076293945,0.005725476804122235,Pre_Breakout_Accumulation,Pre_Breakout_Accumulation
2010-09-13,5760.0,18.139999389648438,0.021044578618470873,Pre_Breakout_Accumulation,Pre_Breakout_Accumulation
2010-09-14,5795.5498046875,18.600000381469727,0.006152873284535868,Pre_Breakout_Accumulation,Pre_Breakout_Accumulation
2010-09-15,5860.9501953125,19.43000030517578,0.011221391822531002,Pre_Breakout_Accumulation,Pre_Breakout_Accumulation
2010-09-16,5828.7001953125,18.850000381469727,-0.005517715371069107,Pre_Breakout_Accumulation,Pre_Breakout_Accumulation
2010-09-17,5884.9501953125,19.489999771118164,0.009604253244100887,Pre_Breakout_Accumulation,Pre_Breakout_Accumulation
2010-09-20,5980.4501953125,21.950000762939453,0.016097570938055195,Pre_Breakout_Accumulation,Pre_Breakout_Accumulation
2010-09-21,6009.0498046875,22.6299991607666,0.004770785040215841,Pre_Breakout_Accumulation,Pre_Breakout_Accumulation
2010-09-22,5991.0,24.290000915527344,-0.0030082905643817803,Pre_Breakout_Accumulation,Pre_Breakout_Accumulation
2010-09-23,5959.5498046875,23.899999618530273,-0.005263401003784735,Pre_Breakout_Accumulation,Pre_Breakout_Accumulation
2010-09-24,6018.2998046875,21.709999084472656,0.009809852862910048,Pre_Breakout_Accumulation,Pre_Breakout_Accumulation
2010-09-27,6035.64990234375,22.360000610351562,0.00287874266275489,Pre_Breakout_Accumulation,Pre_Breakout_Accumulation
2010-09-28,6029.5,21.209999084472656,-0.0010194490621581462,Pre_Breakout_Accumulation,Pre_Breakout_Accumulation
2010-09-29,5991.2998046875,22.15999984741211,-0.006355704200122867,Pre_Breakout_Accumulation,Pre_Breakout_Accumulation
2010-09-30,6029.9501953125,22.25,0.0064303668597660915,Pre_Breakout_Accumulation,Pre_Breakout_Accumulation
2010-10-01,6143.39990234375,21.43000030517578,0.018639567709410974,Pre_Breakout_Accumulation,Pre_Breakout_Accumulation
2010-10-04,6159.4501953125,22.799999237060547,0.002609200623776862,Pre_Breakout_Accumulation,Pre_Breakout_Accumulation
2010-10-05,6145.7998046875,22.170000076293945,-0.002218629645768462,Pre_Breakout_Accumulation,Pre_Breakout_Accumulation
2010-10-06,6186.4501953125,21.729999542236328,0.006592558187392446,Pre_Breakout_Accumulation,Pre_Breakout_Accumulation
2010-10-07,6120.2998046875,22.450000762939453,-0.01075036507755265,Pre_Breakout_Accumulation,Pre_Breakout_Accumulation
2010-10-08,6103.4501953125,21.399999618530273,-0.0027568659448782853,Pre_Breakout_Accumulation,Pre_Breakout_Accumulation
2010-10-11,6135.85009765625,21.200000762939453,0.0052944167152087305,Pre_Breakout_Accumulation,Pre_Breakout_Accumulation
2010-10-12,6090.89990234375,20.510000228881836,-0.007352795767714826,Pre_Breakout_Accumulation,Pre_Breakout_Accumulation
2010-10-13,6233.89990234375,20.020000457763672,0.023206286464976675,Pre_Breakout_Accumulation,Pre_Breakout_Accumulation
2010-10-14,6177.35009765625,20.600000381469727,-0.009112731758761925,Pre_Breakout_Accumulation,Pre_Breakout_Accumulation
2010-10-15,6062.64990234375,22.649999618530273,-0.018742410609534424,Pre_Breakout_Accumulation,Pre_Breakout_Accumulation
2010-10-18,6075.9501953125,22.350000381469727,0.0021914056290457356,Pre_Breakout_Accumulation,Pre_Breakout_Accumulation
2010-10-19,6027.2998046875,23.229999542236328,-0.008039270881310663,Pre_Breakout_Accumulation,Pre_Breakout_Accumulation
2010-10-20,5982.10009765625,23.799999237060547,-0.007527423655550523,Pre_Breakout_Accumulation,Pre_Breakout_Accumulation
2010-10-21,6101.5,22.190000534057617,0.019762949379863604,Pre_Breakout_Accumulation,Pre_Breakout_Accumulation
2010-10-22,6066.0498046875,21.610000610351562,-0.005827022890950839,Pre_Breakout_Accumulation,Pre_Breakout_Accumulation
2010-10-25,6105.7998046875,21.360000610351562,0.006531487421865502,Pre_Breakout_Accumulation,Pre_Breakout_Accumulation
2010-10-26,6082.0,20.549999237060547,-0.003905517865498991,Pre_Breakout_Accumulation,Pre_Breakout_Accumulation
2010-10-27,6012.64990234375,21.020000457763672,-0.011468022351340748,Pre_Breakout_Accumulation,Pre_Breakout_Accumulation
2010-10-28,5987.7001953125,20.520000457763672,-0.004158169182956317,Pre_Breakout_Accumulation,Pre_Breakout_Accumulation
2010-10-29,6017.7001953125,20.760000228881836,0.004997761252085383,Pre_Breakout_Accumulation,Pre_Breakout_Accumulation
2010-11-01,6117.5498046875,20.920000076293945,0.01645649867513474,Pre_Breakout_Accumulation,Pre_Breakout_Accumulation
2010-11-02,6119.0,21.25,0.00023702683230754845,Pre_Breakout_Accumulation,Pre_Breakout_Accumulation
2010-11-03,6160.5,21.530000686645508,0.0067592586021823315,Pre_Breakout_Accumulation,Pre_Breakout_Accumulation
2010-11-04,6281.7998046875,19.360000610351562,0.019498589440667992,Pre_Breakout_Accumulation,Pre_Breakout_Accumulation
2010-11-08,6273.2001953125,19.610000610351562,-0.0013699101106928303,Pre_Breakout_Accumulation,Pre_Breakout_Accumulation
2010-11-09,6301.5498046875,18.75,0.004508981475751922,Pre_Breakout_Accumulation,Pre_Breakout_Accumulation
2010-11-10,6275.7001953125,19.079999923706055,-0.004110540185239915,Pre_Breakout_Accumulation,Pre_Breakout_Accumulation
2010-11-11,6194.25,19.360000610351562,-0.013063621326274108,Pre_Breakout_Accumulation,Pre_Breakout_Accumulation
2010-11-12,6071.64990234375,21.6299991607666,-0.01999106166251395,Pre_Breakout_Accumulation,Pre_Breakout_Accumulation
2010-11-15,6121.60009765625,20.25,0.0081931355022444,Pre_Breakout_Accumulation,Pre_Breakout_Accumulation
2010-11-16,5988.7001953125,21.1299991607666,-0.021949123410368025,Pre_Breakout_Accumulation,Pre_Breakout_Accumulation
2010-11-18,5998.7998046875,20.6200008392334,0.0016850238606307781,Pre_Breakout_Accumulation,Pre_Breakout_Accumulation
2010-11-19,5890.2998046875,21.600000381469727,-0.018252519672628757,Pre_Breakout_Accumulation,Pre_Breakout_Accumulation
2010-11-22,6010.0,19.93000030517578,0.020117851552952617,Pre_Breakout_Accumulation,Pre_Breakout_Accumulation
2010-11-23,5934.75,23.260000228881836,-0.01259984437184087,Pre_Breakout_Accumulation,Pre_Breakout_Accumulation
2010-11-24,5865.75,24.68000030517578,-0.01169455300758192,Pre_Breakout_Accumulation,Pre_Breakout_Accumulation
2010-11-25,5799.75,21.6299991607666,-0.011315537992575984,Pre_Breakout_Accumulation,Pre_Breakout_Accumulation
2010-11-26,5751.9501953125,22.579999923706055,-0.00827585146692871,Pre_Breakout_Accumulation,Pre_Breakout_Accumulation
2010-11-29,5830.0,21.309999465942383,0.013478038654212304,Pre_Breakout_Accumulation,Pre_Breakout_Accumulation
2010-11-30,5862.7001953125,20.709999084472656,0.005593281281109418,Pre_Breakout_Accumulation,Pre_Breakout_Accumulation
2010-12-01,5960.89990234375,19.200000762939453,0.016611178361988586,Pre_Breakout_Accumulation,Pre_Breakout_Accumulation
2010-12-02,6011.7001953125,18.799999237060547,0.00848614292930173,Pre_Breakout_Accumulation,Pre_Breakout_Accumulation
2010-12-03,5992.7998046875,18.600000381469727,-0.0031488868744578725,Pre_Breakout_Accumulation,Pre_Breakout_Accumulation
2010-12-06,5992.25,19.3700008392334,-9.17484193800369e-05,Pre_Breakout_Accumulation,Pre_Breakout_Accumulation
2010-12-07,5976.5498046875,19.239999771118164,-0.0026235219193067112,Pre_Breakout_Accumulation,Pre_Breakout_Accumulation
2010-12-08,5903.7001953125,20.43000030517578,-0.012264139639573417,Pre_Breakout_Accumulation,Pre_Breakout_Accumulation
2010-12-09,5766.5,22.600000381469727,-0.023513995398226302,Pre_Breakout_Accumulation,Pre_Breakout_Accumulation
2010-12-10,5857.35009765625,21.6299991607666,0.01563198886586812,Pre_Breakout_Accumulation,Pre_Breakout_Accumulation
2010-12-13,5907.64990234375,22.56999969482422,0.008550805127915114,Pre_Breakout_Accumulation,Pre_Breakout_Accumulation
2010-12-14,5944.10009765625,21.459999084472656,0.0061510427131599675,Pre_Breakout_Accumulation,Pre_Breakout_Accumulation
2010-12-15,5892.2998046875,21.420000076293945,-0.00875276673674562,Pre_Breakout_Accumulation,Pre_Breakout_Accumulation
2010-12-16,5948.75,20.239999771118164,0.009534732799129053,Pre_Breakout_Accumulation,Pre_Breakout_Accumulation
2010-12-20,5947.0498046875,20.780000686645508,-0.00028584800551315775,Pre_Breakout_Accumulation,Pre_Breakout_Accumulation
2010-12-21,6000.64990234375,19.770000457763672,0.00897251497180786,Pre_Breakout_Accumulation,Pre_Breakout_Accumulation
2010-12-22,5984.39990234375,19.559999465942383,-0.002711713380007471,Pre_Breakout_Accumulation,Pre_Breakout_Accumulation
2010-12-23,5980.0,19.030000686645508,-0.0007354990769299838,Pre_Breakout_Accumulation,Pre_Breakout_Accumulation
2010-12-24,6011.60009765625,17.649999618530273,0.005270384359897009,Pre_Breakout_Accumulation,Pre_Breakout_Accumulation
2010-12-27,5998.10009765625,18.450000762939453,-0.0022481836293281954,Pre_Breakout_Accumulation,Pre_Breakout_Accumulation
2010-12-28,5996.0,18.1299991607666,-0.000350188452758028,Pre_Breakout_Accumulation,Pre_Breakout_Accumulation
2010-12-29,6060.35009765625,17.1299991607666,0.010674990062610617,Pre_Breakout_Accumulation,Pre_Breakout_Accumulation
2010-12-30,6101.85009765625,17.020000457763672,0.006824449589510328,Pre_Breakout_Accumulation,Pre_Breakout_Accumulation
2010-12-31,6134.5,16.559999465942383,0.005336555356628161,Pre_Breakout_Accumulation,Pre_Breakout_Accumulation
2011-01-03,6157.60009765625,16.989999771118164,0.003758531848336433,Pre_Breakout_Accumulation,Pre_Breakout_Accumulation
2011-01-04,6146.35009765625,17.030000686645508,-0.0018286815139022822,Pre_Breakout_Accumulation,Pre_Breakout_Accumulation
2011-01-05,6079.7998046875,17.8799991607666,-0.010886657008168427,Pre_Breakout_Accumulation,Pre_Breakout_Accumulation
2011-01-06,6048.25,18.200000762939453,-0.0052027945736062816,Pre_Breakout_Accumulation,Pre_Breakout_Accumulation
2011-01-07,5904.60009765625,20.81999969482422,-0.024037249311890194,Pre_Breakout_Accumulation,Pre_Breakout_Accumulation
2011-01-10,5762.85009765625,23.15999984741211,-0.0242995637386114,Pre_Breakout_Accumulation,Pre_Breakout_Accumulation
2011-01-11,5754.10009765625,22.329999923706055,-0.0015194997868653757,Pre_Breakout_Accumulation,Pre_Breakout_Accumulation
2011-01-12,5863.25,21.40999984741211,0.01879139619515671,Pre_Breakout_Accumulation,Pre_Breakout_Accumulation
2011-01-13,5751.89990234375,23.149999618530273,-0.019173839327316797,Pre_Breakout_Accumulation,Pre_Breakout_Accumulation
2011-01-14,5654.5498046875,23.809999465942383,-0.017069721768040398,Pre_Breakout_Accumulation,Pre_Breakout_Accumulation
2011-01-17,5654.75,23.56999969482422,3.5403661761228884e-05,Pre_Breakout_Accumulation,Pre_Breakout_Accumulation
2011-01-18,5724.0498046875,21.459999084472656,0.012180662758961016,Pre_Breakout_Accumulation,Pre_Breakout_Accumulation
2011-01-19,5691.0498046875,21.09000015258789,-0.0057818316196177775,Pre_Breakout_Accumulation,Pre_Breakout_Accumulation
2011-01-20,5711.60009765625,21.010000228881836,0.0036044806065857974,Pre_Breakout_Accumulation,Pre_Breakout_Accumulation
2011-01-21,5696.5,21.030000686645508,-0.0026472605158493817,Pre_Breakout_Accumulation,Pre_Breakout_Accumulation
2011-01-24,5743.25,20.170000076293945,0.008173301034109938,Pre_Breakout_Accumulation,Pre_Breakout_Accumulation
2011-01-25,5687.39990234375,20.780000686645508,-0.009772067655861168,Pre_Breakout_Accumulation,Pre_Breakout_Accumulation
2011-01-27,5604.2998046875,22.09000015258789,-0.014719059152266116,Pre_Breakout_Accumulation,Pre_Breakout_Accumulation
2011-01-28,5512.14990234375,22.579999923706055,-0.016579396404794635,Pre_Breakout_Accumulation,Pre_Breakout_Accumulation
2011-01-31,5505.89990234375,23.40999984741211,-0.0011345021634778043,Pre_Breakout_Accumulation,Pre_Breakout_Accumulation
2011-02-01,5417.2001953125,23.729999542236328,-0.016241113960522698,Pre_Breakout_Accumulation,Pre_Breakout_Accumulation
2011-02-02,5432.0,23.520000457763672,0.0027282774031740335,Pre_Breakout_Accumulation,Pre_Breakout_Accumulation
2011-02-03,5526.75,22.690000534057617,0.017292549076686366,Pre_Breakout_Accumulation,Pre_Breakout_Accumulation
2011-02-04,5395.75,24.40999984741211,-0.023988332676138546,Pre_Breakout_Accumulation,Pre_Breakout_Accumulation
2011-02-07,5396.0,24.690000534057617,4.633168856676948e-05,Pre_Breakout_Accumulation,Pre_Breakout_Accumulation
2011-02-08,5312.5498046875,24.739999771118164,-0.015586029138919214,Pre_Breakout_Accumulation,Pre_Breakout_Accumulation
2011-02-09,5253.5498046875,25.239999771118164,-0.011167907817883387,Pre_Breakout_Accumulation,Pre_Breakout_Accumulation
2011-02-10,5225.7998046875,24.81999969482422,-0.0052961425847933225,Pre_Breakout_Accumulation,Pre_Breakout_Accumulation
2011-02-11,5310.0,23.469999313354492,0.01598397644993397,Pre_Breakout_Accumulation,Pre_Breakout_Accumulation
2011-02-14,5456.0,22.579999923706055,0.027124085287313617,Pre_Breakout_Accumulation,Pre_Breakout_Accumulation
2011-02-15,5481.0,22.850000381469727,0.00457164552281843,Pre_Breakout_Accumulation,Pre_Breakout_Accumulation
2011-02-16,5481.7001953125,23.049999237060547,0.00012774139600228233,Pre_Breakout_Accumulation,Pre_Breakout_Accumulation
2011-02-17,5546.4501953125,22.56999969482422,0.011742811215976985,Pre_Breakout_Accumulation,Pre_Breakout_Accumulation
2011-02-18,5458.9501953125,24.18000030517578,-0.01590161932654793,Pre_Breakout_Accumulation,Pre_Breakout_Accumulation
2011-02-21,5518.60009765625,24.90999984741211,0.01086772327922514,Pre_Breakout_Accumulation,Pre_Breakout_Accumulation
2011-02-22,5469.2001953125,26.850000381469727,-0.008991833464499622,Pre_Breakout_Accumulation,Pre_Breakout_Accumulation
2011-02-23,5437.35009765625,26.549999237060547,-0.0058405613764712025,Pre_Breakout_Accumulation,Pre_Breakout_Accumulation
2011-02-24,5262.7001953125,28.200000762939453,-0.03264758763813046,Pre_Breakout_Accumulation,Pre_Breakout_Accumulation
2011-02-25,5303.5498046875,27.270000457763672,0.0077321306790641905,Pre_Breakout_Accumulation,Pre_Breakout_Accumulation
2011-02-28,5333.25,24.399999618530273,0.00558443762100127,Pre_Breakout_Accumulation,Pre_Breakout_Accumulation
2011-03-01,5522.2998046875,22.219999313354492,0.03483359635665696,Pre_Breakout_Accumulation,Pre_Breakout_Accumulation
2011-03-03,5536.2001953125,22.959999084472656,0.0025139753033331146,Pre_Breakout_Accumulation,Pre_Breakout_Accumulation
2011-03-04,5538.75,22.90999984741211,0.0004604634219720642,Pre_Breakout_Accumulation,Pre_Breakout_Accumulation
2011-03-07,5463.14990234375,25.219999313354492,-0.013743314929411162,Pre_Breakout_Accumulation,Pre_Breakout_Accumulation
2011-03-08,5520.7998046875,23.670000076293945,0.010497213344531289,Pre_Breakout_Accumulation,Pre_Breakout_Accumulation
2011-03-09,5531.0,23.280000686645508,0.0018458890658586942,Pre_Breakout_Accumulation,Pre_Breakout_Accumulation
2011-03-10,5494.39990234375,23.530000686645508,-0.006639257065300575,Pre_Breakout_Accumulation,Pre_Breakout_Accumulation
2011-03-11,5445.4501953125,24.1299991607666,-0.008948940481997226,Pre_Breakout_Accumulation,Pre_Breakout_Accumulation
2011-03-14,5531.5,23.299999237060547,0.01567859302758532,Pre_Breakout_Accumulation,Pre_Breakout_Accumulation
2011-03-15,5449.64990234375,26.6299991607666,-0.014907657983095256,Pre_Breakout_Accumulation,Pre_Breakout_Accumulation
2011-03-16,5511.14990234375,24.889999389648438,0.01122192659188634,Pre_Breakout_Accumulation,Pre_Breakout_Accumulation
2011-03-17,5446.64990234375,25.260000228881836,-0.011772572247673354,Pre_Breakout_Accumulation,Pre_Breakout_Accumulation
2011-03-18,5373.7001953125,25.889999389648438,-0.013484002212295716,Pre_Breakout_Accumulation,Pre_Breakout_Accumulation
2011-03-21,5364.75,25.209999084472656,-0.0016669439671844774,Pre_Breakout_Accumulation,Pre_Breakout_Accumulation
2011-03-22,5413.85009765625,22.260000228881836,0.009110726224509216,Pre_Breakout_Accumulation,Pre_Breakout_Accumulation
2011-03-23,5480.25,20.969999313354492,0.012190217458324736,Pre_Breakout_Accumulation,Pre_Breakout_Accumulation
2011-03-24,5522.39990234375,19.84000015258789,0.007661810366167588,Pre_Breakout_Accumulation,Pre_Breakout_Accumulation
2011-03-25,5654.25,20.469999313354492,0.023594944054316423,Pre_Breakout_Accumulation,Pre_Breakout_Accumulation
2011-03-28,5687.25,21.020000457763672,0.005819352489233676,Pre_Breakout_Accumulation,Pre_Breakout_Accumulation
2011-03-29,5736.35009765625,21.219999313354492,0.008596309323982254,Pre_Breakout_Accumulation,Pre_Breakout_Accumulation
2011-03-30,5787.64990234375,22.040000915527344,0.008903183538841914,Pre_Breakout_Accumulation,Pre_Breakout_Accumulation
2011-03-31,5833.75,22.18000030517578,0.007933698152046535,Pre_Breakout_Accumulation,Pre_Breakout_Accumulation
2011-04-01,5826.0498046875,20.110000610351562,-0.0013208110878279227,Pre_Breakout_Accumulation,Pre_Breakout_Accumulation
2011-04-04,5908.4501953125,20.059999465942383,0.014044355538836166,Pre_Breakout_Accumulation,Pre_Breakout_Accumulation
2011-04-05,5910.0498046875,19.899999618530273,0.00027069583868808463,Pre_Breakout_Accumulation,Pre_Breakout_Accumulation
2011-04-06,5891.75,20.360000610351562,-0.0031011912855171014,Pre_Breakout_Accumulation,Pre_Breakout_Accumulation
2011-04-07,5885.7001953125,20.31999969482422,-0.001027353989069185,Pre_Breakout_Accumulation,Pre_Breakout_Accumulation
2011-04-08,5842.0,20.540000915527344,-0.007452509331449193,Pre_Breakout_Accumulation,Pre_Breakout_Accumulation
2011-04-11,5785.7001953125,21.239999771118164,-0.009683814289420984,Pre_Breakout_Accumulation,Pre_Breakout_Accumulation
2011-04-13,5911.5,20.40999984741211,0.021510216644902755,Pre_Breakout_Accumulation,Pre_Breakout_Accumulation
2011-04-15,5824.5498046875,21.59000015258789,-0.014817896604968487,Pre_Breakout_Accumulation,Pre_Breakout_Accumulation
2011-04-18,5729.10009765625,22.450000762939453,-0.01652324234306882,Pre_Breakout_Accumulation,Pre_Breakout_Accumulation
2011-04-19,5740.75,22.06999969482422,0.0020313964438487763,Pre_Breakout_Accumulation,Pre_Breakout_Accumulation
2011-04-20,5851.64990234375,20.989999771118164,0.01913379225131961,Pre_Breakout_Accumulation,Pre_Breakout_Accumulation
2011-04-21,5884.7001953125,20.510000228881836,0.005632139474262156,Pre_Breakout_Accumulation,Pre_Breakout_Accumulation
2011-04-25,5874.5,20.90999984741211,-0.0017348455169341906,Pre_Breakout_Accumulation,Pre_Breakout_Accumulation
2011-04-26,5868.39990234375,21.709999084472656,-0.00103894238317352,Pre_Breakout_Accumulation,Pre_Breakout_Accumulation
2011-04-27,5833.89990234375,21.350000381469727,-0.005896293981322488,Pre_Breakout_Accumulation,Pre_Breakout_Accumulation
2011-04-28,5785.4501953125,20.920000076293945,-0.008339534900220089,Pre_Breakout_Accumulation,Pre_Breakout_Accumulation
2011-04-29,5749.5,19.579999923706055,-0.006233284254191724,Pre_Breakout_Accumulation,Pre_Breakout_Accumulation
2011-05-02,5701.2998046875,20.8799991607666,-0.008418709752226371,Pre_Breakout_Accumulation,Pre_Breakout_Accumulation
2011-05-03,5565.25,21.579999923706055,-0.024152277406054596,Pre_Breakout_Accumulation,Pre_Breakout_Accumulation
2011-05-04,5537.14990234375,21.18000030517578,-0.005061997028756225,Pre_Breakout_Accumulation,Pre_Breakout_Accumulation
2011-05-05,5459.85009765625,21.600000381469727,-0.014058575581329499,Pre_Breakout_Accumulation,Pre_Breakout_Accumulation
2011-05-06,5551.4501953125,20.969999313354492,0.016637855340857616,Pre_Breakout_Accumulation,Pre_Breakout_Accumulation
2011-05-09,5551.10009765625,21.5,-6.306616896621993e-05,Pre_Breakout_Accumulation,Pre_Breakout_Accumulation
2011-05-10,5541.25,21.739999771118164,-0.0017760168329809282,Pre_Breakout_Accumulation,Pre_Breakout_Accumulation
2011-05-11,5565.0498046875,21.239999771118164,0.004285827239714357,Pre_Breakout_Accumulation,Pre_Breakout_Accumulation
2011-05-12,5486.14990234375,21.229999542236328,-0.01427921764981002,Pre_Breakout_Accumulation,Pre_Breakout_Accumulation
2011-05-13,5544.75,20.6299991607666,0.010624817456151603,Pre_Breakout_Accumulation,Pre_Breakout_Accumulation
2011-05-16,5499.0,21.459999084472656,-0.008285276597504446,Pre_Breakout_Accumulation,Pre_Breakout_Accumulation
2011-05-17,5438.9501953125,21.030000686645508,-0.010980194083480721,Pre_Breakout_Accumulation,Pre_Breakout_Accumulation
2011-05-18,5420.60009765625,20.709999084472656,-0.0033795349947825953,Pre_Breakout_Accumulation,Pre_Breakout_Accumulation
2011-05-19,5428.10009765625,20.40999984741211,0.0013826543382725416,Pre_Breakout_Accumulation,Pre_Breakout_Accumulation
2011-05-20,5486.35009765625,19.450000762939453,0.010674024255009313,Pre_Breakout_Accumulation,Pre_Breakout_Accumulation
2011-05-23,5386.5498046875,21.040000915527344,-0.01835813752553947,Pre_Breakout_Accumulation,Pre_Breakout_Accumulation
2011-05-24,5394.85009765625,19.93000030517578,0.0015397433883911405,Pre_Breakout_Accumulation,Pre_Breakout_Accumulation
2011-05-25,5348.9501953125,20.65999984741211,-0.008544496425544794,Pre_Breakout_Accumulation,Pre_Breakout_Accumulation
2011-05-26,5412.35009765625,19.18000030517578,0.011783080883934626,Pre_Breakout_Accumulation,Pre_Breakout_Accumulation
2011-05-27,5476.10009765625,17.25,0.01170978923544845,Pre_Breakout_Accumulation,Pre_Breakout_Accumulation
2011-05-30,5473.10009765625,17.8700008392334,-0.0005479852448685878,Pre_Breakout_Accumulation,Pre_Breakout_Accumulation
2011-06-01,5592.0,16.729999542236328,0.021491803578991553,Pre_Breakout_Accumulation,Pre_Breakout_Accumulation
2011-06-02,5550.35009765625,17.979999542236328,-0.007475998503883324,Pre_Breakout_Accumulation,Pre_Breakout_Accumulation
2011-06-03,5516.75,17.610000610351562,-0.0060720876465728746,Pre_Breakout_Accumulation,Pre_Breakout_Accumulation
2011-06-06,5532.0498046875,18.209999084472656,0.0027694979974720634,Pre_Breakout_Accumulation,Pre_Breakout_Accumulation
2011-06-07,5556.14990234375,18.030000686645508,0.004346988013065479,Pre_Breakout_Accumulation,Pre_Breakout_Accumulation
2011-06-08,5526.85009765625,18.579999923706055,-0.005287354136339274,Pre_Breakout_Accumulation,Pre_Breakout_Accumulation
2011-06-09,5521.0498046875,18.579999923706055,-0.0010500264399477862,Pre_Breakout_Accumulation,Pre_Breakout_Accumulation
2011-06-10,5485.7998046875,18.540000915527344,-0.006405124402290038,Pre_Breakout_Accumulation,Pre_Breakout_Accumulation
2011-06-13,5482.7998046875,18.90999984741211,-0.0005470160606905956,Pre_Breakout_Accumulation,Pre_Breakout_Accumulation
2011-06-14,5500.5,18.510000228881836,0.0032231134450305594,Pre_Breakout_Accumulation,Pre_Breakout_Accumulation
2011-06-15,5447.5,19.139999389648438,-0.00968220936071541,Pre_Breakout_Accumulation,Pre_Breakout_Accumulation
2011-06-16,5396.75,19.65999984741211,-0.009359867303788395,Pre_Breakout_Accumulation,Pre_Breakout_Accumulation
2011-06-17,5366.39990234375,20.270000457763672,-0.005639646083818007,Pre_Breakout_Accumulation,Pre_Breakout_Accumulation
2011-06-20,5257.89990234375,22.18000030517578,-0.020425585533706467,Pre_Breakout_Accumulation,Pre_Breakout_Accumulation
2011-06-21,5275.85009765625,21.309999465942383,0.0034081334163708894,Pre_Breakout_Accumulation,Pre_Breakout_Accumulation
2011-06-22,5278.2998046875,20.889999389648438,0.0004642168432151349,Pre_Breakout_Accumulation,Pre_Breakout_Accumulation
2011-06-23,5320.0,19.5,0.007869264178642029,Pre_Breakout_Accumulation,Pre_Breakout_Accumulation
2011-06-24,5471.25,19.31999969482422,0.028033806169414976,Pre_Breakout_Accumulation,Pre_Breakout_Accumulation
2011-06-27,5526.60009765625,19.989999771118164,0.010065706387361805,Pre_Breakout_Accumulation,Pre_Breakout_Accumulation
2011-06-28,5545.2998046875,19.489999771118164,0.00337787100253908,Pre_Breakout_Accumulation,Pre_Breakout_Accumulation
2011-06-29,5600.4501953125,19.459999084472656,0.009896299617058683,Pre_Breakout_Accumulation,Pre_Breakout_Accumulation
2011-06-30,5647.39990234375,18.40999984741211,0.008348258431096389,Pre_Breakout_Accumulation,Pre_Breakout_Accumulation
2011-07-01,5627.2001953125,18.209999084472656,-0.0035832275147961966,Pre_Breakout_Accumulation,Pre_Breakout_Accumulation
2011-07-04,5650.5,18.170000076293945,0.0041320193718407065,Pre_Breakout_Accumulation,Pre_Breakout_Accumulation
2011-07-05,5632.10009765625,18.25,-0.0032616450989141907,Pre_Breakout_Accumulation,Pre_Breakout_Accumulation
2011-07-06,5625.4501953125,18.34000015258789,-0.0011814121090557134,Pre_Breakout_Accumulation,Pre_Breakout_Accumulation
2011-07-07,5728.9501953125,18.6200008392334,0.018231322343836034,Pre_Breakout_Accumulation,Pre_Breakout_Accumulation
2011-07-08,5660.64990234375,18.670000076293945,-0.011993592594938669,Pre_Breakout_Accumulation,Pre_Breakout_Accumulation
2011-07-11,5616.10009765625,19.690000534057617,-0.007901219137585697,Pre_Breakout_Accumulation,Pre_Breakout_Accumulation
2011-07-12,5526.14990234375,20.829999923706055,-0.01614613735199751,Pre_Breakout_Accumulation,Pre_Breakout_Accumulation
2011-07-13,5585.4501953125,19.520000457763672,0.010673684337305226,Pre_Breakout_Accumulation,Pre_Breakout_Accumulation
2011-07-15,5581.10009765625,19.950000762939453,-0.0007791301274212043,Pre_Breakout_Accumulation,Pre_Breakout_Accumulation
2011-07-18,5567.0498046875,20.200000762939453,-0.002520651503807869,Pre_Breakout_Accumulation,Pre_Breakout_Accumulation
2011-07-19,5613.5498046875,19.25,0.008318027607452367,Pre_Breakout_Accumulation,Pre_Breakout_Accumulation
2011-07-20,5567.0498046875,19.110000610351562,-0.008318027607452325,Pre_Breakout_Accumulation,Pre_Breakout_Accumulation
2011-07-21,5541.60009765625,18.75,-0.004581970226838186,Pre_Breakout_Accumulation,Pre_Breakout_Accumulation
2011-07-22,5633.9501953125,17.90999984741211,0.01652754404382657,Pre_Breakout_Accumulation,Pre_Breakout_Accumulation
2011-07-25,5680.2998046875,19.200000762939453,0.00819318446303973,Pre_Breakout_Accumulation,Pre_Breakout_Accumulation
2011-07-26,5574.85009765625,19.299999237060547,-0.018738585183611912,Pre_Breakout_Accumulation,Pre_Breakout_Accumulation
2011-07-27,5546.7998046875,18.25,-0.005044278986077197,Pre_Breakout_Accumulation,Pre_Breakout_Accumulation
2011-07-28,5487.75,18.510000228881836,-0.01070281423571575,Pre_Breakout_Accumulation,Pre_Breakout_Accumulation
2011-07-29,5482.0,19.770000457763672,-0.0010483375695179318,Pre_Breakout_Accumulation,Pre_Breakout_Accumulation
2011-08-01,5516.7998046875,18.780000686645508,0.006327948763364648,Pre_Breakout_Accumulation,Pre_Breakout_Accumulation
2011-08-02,5456.5498046875,19.149999618530273,-0.010981260525951745,Pre_Breakout_Accumulation,Pre_Breakout_Accumulation
2011-08-03,5404.7998046875,19.479999542236328,-0.009529274623523588,Pre_Breakout_Accumulation,Pre_Breakout_Accumulation
2011-08-04,5331.7998046875,20.219999313354492,-0.013598555890485751,Pre_Breakout_Accumulation,Pre_Breakout_Accumulation
2011-08-05,5211.25,24.899999618530273,-0.022869105391128044,Pre_Breakout_Accumulation,Pre_Breakout_Accumulation
2011-08-08,5118.5,28.780000686645508,-0.0179583228351812,Pre_Breakout_Accumulation,Pre_Breakout_Accumulation
2011-08-09,5072.85009765625,34.880001068115234,-0.008958618282299595,Pre_Breakout_Accumulation,Pre_Breakout_Accumulation
2011-08-10,5161.0,28.950000762939453,0.017227550071201244,Pre_Breakout_Accumulation,Steady_Uptrend
2011-08-11,5138.2998046875,29.09000015258789,-0.004408111716545394,Steady_Uptrend,Steady_Uptrend
2011-08-12,5072.9501953125,27.020000457763672,-0.012799706514216911,Steady_Uptrend,Steady_Uptrend
2011-08-16,5035.7998046875,26.459999084472656,-0.007350178385929561,Steady_Uptrend,Pre_Breakout_Accumulation
2011-08-17,5056.60009765625,25.479999542236328,0.0041219774525322675,Pre_Breakout_Accumulation,Pre_Breakout_Accumulation
2011-08-18,4944.14990234375,27.450000762939453,-0.022489300253336914,Pre_Breakout_Accumulation,Pre_Breakout_Accumulation
2011-08-19,4845.64990234375,29.190000534057617,-0.02012366463152472,Pre_Breakout_Accumulation,Pre_Breakout_Accumulation
2011-08-22,4898.7998046875,27.079999923706055,0.010908862177967734,Pre_Breakout_Accumulation,Pre_Breakout_Accumulation
2011-08-23,4948.89990234375,25.920000076293945,0.010175072634902792,Pre_Breakout_Accumulation,Pre_Breakout_Accumulation
2011-08-24,4888.89990234375,28.600000381469727,-0.012198000598804451,Pre_Breakout_Accumulation,Pre_Breakout_Accumulation
2011-08-25,4839.60009765625,27.940000534057617,-0.010135216467870713,Pre_Breakout_Accumulation,Pre_Breakout_Accumulation
2011-08-26,4747.7998046875,33.2599983215332,-0.01915078114017379,Pre_Breakout_Accumulation,Bearish_Distribution
2011-08-29,4919.60009765625,26.06999969482422,0.035545934512972804,Pre_Breakout_Accumulation,Pre_Breakout_Accumulation
2011-08-30,5001.0,24.8799991607666,0.016410646200203265,Pre_Breakout_Accumulation,Pre_Breakout_Accumulation
2011-09-02,5040.0,26.09000015258789,0.007768189646510544,Pre_Breakout_Accumulation,Pre_Breakout_Accumulation
2011-09-05,5017.2001953125,27.829999923706055,-0.00453403398630976,Pre_Breakout_Accumulation,Pre_Breakout_Accumulation
2011-09-06,5064.2998046875,28.65999984741211,0.009343838129813015,Pre_Breakout_Accumulation,Pre_Breakout_Accumulation
2011-09-07,5124.64990234375,27.860000610351562,0.011846324726533429,Pre_Breakout_Accumulation,Pre_Breakout_Accumulation
2011-09-08,5153.25,27.639999389648438,0.005565372643843948,Pre_Breakout_Accumulation,Pre_Breakout_Accumulation
2011-09-09,5059.4501953125,28.149999618530273,-0.0183697632542546,Pre_Breakout_Accumulation,Pre_Breakout_Accumulation
2011-09-12,4946.7998046875,32.75,-0.022516956939733934,Pre_Breakout_Accumulation,Pre_Breakout_Accumulation
2011-09-13,4940.9501953125,32.77000045776367,-0.0011832034704437695,Pre_Breakout_Accumulation,Pre_Breakout_Accumulation
2011-09-14,5012.5498046875,32.45000076293945,0.014387068747856058,Pre_Breakout_Accumulation,Pre_Breakout_Accumulation
2011-09-15,5075.7001953125,30.790000915527344,0.012519756250054883,Pre_Breakout_Accumulation,Pre_Breakout_Accumulation
2011-09-16,5084.25,28.450000762939453,0.0016830410664110814,Pre_Breakout_Accumulation,Pre_Breakout_Accumulation
2011-09-19,5031.9501953125,29.600000381469727,-0.010339904240795181,Pre_Breakout_Accumulation,Pre_Breakout_Accumulation
2011-09-20,5140.2001953125,27.25,0.021284405456725344,Pre_Breakout_Accumulation,Pre_Breakout_Accumulation
2011-09-21,5133.25,27.670000076293945,-0.0013530403595068234,Pre_Breakout_Accumulation,Pre_Breakout_Accumulation
2011-09-22,4923.64990234375,33.880001068115234,-0.041688881314134854,Pre_Breakout_Accumulation,Pre_Breakout_Accumulation
2011-09-23,4867.75,35.15999984741211,-0.011418287525742744,Pre_Breakout_Accumulation,Pre_Breakout_Accumulation
2011-09-26,4835.39990234375,35.43000030517578,-0.006667982633315816,Pre_Breakout_Accumulation,Pre_Breakout_Accumulation
2011-09-27,4971.25,32.0099983215332,0.027707482159485847,Pre_Breakout_Accumulation,Pre_Breakout_Accumulation
2011-09-28,4945.89990234375,32.0,-0.005112386748091802,Pre_Breakout_Accumulation,Pre_Breakout_Accumulation
2011-09-29,5015.4501953125,31.06999969482422,0.013964256346404452,Pre_Breakout_Accumulation,Pre_Breakout_Accumulation
2011-09-30,4943.25,31.940000534057617,-0.014500177519274064,Pre_Breakout_Accumulation,Pre_Breakout_Accumulation
2011-10-03,4849.5,35.06999969482422,-0.019147402767341518,Pre_Breakout_Accumulation,Pre_Breakout_Accumulation
2011-10-04,4772.14990234375,37.189998626708984,-0.016078690212319283,Pre_Breakout_Accumulation,Pre_Breakout_Accumulation
2011-10-05,4751.2998046875,35.369998931884766,-0.004378692933928154,Pre_Breakout_Accumulation,Pre_Breakout_Accumulation
2011-10-07,4888.0498046875,33.02000045776367,0.028375187287192356,Pre_Breakout_Accumulation,Pre_Breakout_Accumulation
2011-10-10,4979.60009765625,30.030000686645508,0.01855617514435224,Pre_Breakout_Accumulation,Pre_Breakout_Accumulation
2011-10-11,4974.35009765625,30.299999237060547,-0.0010548576964528867,Pre_Breakout_Accumulation,Pre_Breakout_Accumulation
2011-10-12,5099.39990234375,28.40999984741211,0.024828138159656368,Pre_Breakout_Accumulation,Pre_Breakout_Accumulation
2011-10-13,5077.85009765625,28.239999771118164,-0.00423490371061113,Pre_Breakout_Accumulation,Pre_Breakout_Accumulation
2011-10-14,5132.2998046875,25.979999542236328,0.010665900841971407,Pre_Breakout_Accumulation,Pre_Breakout_Accumulation
2011-10-17,5118.25,25.43000030517578,-0.0027412799807702906,Pre_Breakout_Accumulation,Pre_Breakout_Accumulation
2011-10-18,5037.5,25.899999618530273,-0.015902656477749584,Pre_Breakout_Accumulation,Pre_Breakout_Accumulation
2011-10-19,5139.14990234375,24.049999237060547,0.019977749866985615,Pre_Breakout_Accumulation,Pre_Breakout_Accumulation
2011-10-20,5091.89990234375,25.600000381469727,-0.009236654465073555,Pre_Breakout_Accumulation,Pre_Breakout_Accumulation
2011-10-21,5049.9501953125,26.299999237060547,-0.008272641750434453,Pre_Breakout_Accumulation,Pre_Breakout_Accumulation
2011-10-24,5098.35009765625,25.219999313354492,0.009538596201786407,Pre_Breakout_Accumulation,Pre_Breakout_Accumulation
2011-10-25,5191.60009765625,22.309999465942383,0.018124976515835178,Pre_Breakout_Accumulation,Pre_Breakout_Accumulation
2011-10-28,5360.7001953125,20.889999389648438,0.03205264636282784,Pre_Breakout_Accumulation,Pre_Breakout_Accumulation
2011-10-31,5326.60009765625,22.65999984741211,-0.006381445723893785,Pre_Breakout_Accumulation,Pre_Breakout_Accumulation
2011-11-01,5257.9501953125,24.020000457763672,-0.012971900191361616,Pre_Breakout_Accumulation,Pre_Breakout_Accumulation
2011-11-02,5258.4501953125,24.889999389648438,9.508957091864603e-05,Pre_Breakout_Accumulation,Pre_Breakout_Accumulation
2011-11-03,5265.75,24.65999984741211,0.001387241922938985,Pre_Breakout_Accumulation,Pre_Breakout_Accumulation
2011-11-04,5284.2001953125,23.43000030517578,0.003497687435602619,Pre_Breakout_Accumulation,Pre_Breakout_Accumulation
2011-11-08,5289.35009765625,23.709999084472656,0.0009741104185977595,Pre_Breakout_Accumulation,Pre_Breakout_Accumulation
2011-11-09,5221.0498046875,24.299999237060547,-0.012996889754193604,Pre_Breakout_Accumulation,Pre_Breakout_Accumulation
2011-11-11,5168.85009765625,24.739999771118164,-0.01004824814991453,Pre_Breakout_Accumulation,Pre_Breakout_Accumulation
2011-11-14,5148.35009765625,25.290000915527344,-0.003973951574149737,Pre_Breakout_Accumulation,Pre_Breakout_Accumulation
2011-11-15,5068.5,25.969999313354492,-0.01563137811895635,Pre_Breakout_Accumulation,Pre_Breakout_Accumulation
2011-11-16,5030.4501953125,25.040000915527344,-0.007535433683540195,Pre_Breakout_Accumulation,Pre_Breakout_Accumulation
2011-11-17,4934.75,26.920000076293945,-0.01920746911581733,Pre_Breakout_Accumulation,Pre_Breakout_Accumulation
2011-11-18,4905.7998046875,26.579999923706055,-0.005883874256683862,Pre_Breakout_Accumulation,Pre_Breakout_Accumulation
2011-11-21,4778.35009765625,28.610000610351562,-0.026322819719387578,Pre_Breakout_Accumulation,Pre_Breakout_Accumulation
2011-11-22,4812.35009765625,27.350000381469727,0.007090231524927415,Pre_Breakout_Accumulation,Pre_Breakout_Accumulation
2011-11-23,4706.4501953125,30.68000030517578,-0.02225160074786096,Pre_Breakout_Accumulation,Pre_Breakout_Accumulation
2011-11-25,4710.0498046875,29.1200008392334,0.0007645323740951998,Pre_Breakout_Accumulation,Pre_Breakout_Accumulation
2011-11-28,4851.2998046875,26.639999389648438,0.02954818779399277,Pre_Breakout_Accumulation,Pre_Breakout_Accumulation
2011-11-29,4805.10009765625,26.8700008392334,-0.009568795826361632,Pre_Breakout_Accumulation,Pre_Breakout_Accumulation
2011-11-30,4832.0498046875,26.549999237060547,0.00559289365719913,Pre_Breakout_Accumulation,Pre_Breakout_Accumulation
2011-12-01,4936.85009765625,25.020000457763672,0.021456727931786077,Pre_Breakout_Accumulation,Pre_Breakout_Accumulation
2011-12-02,5050.14990234375,23.989999771118164,0.02269043070647762,Pre_Breakout_Accumulation,Pre_Breakout_Accumulation
2011-12-05,5039.14990234375,25.020000457763672,-0.00218052879217037,Pre_Breakout_Accumulation,Pre_Breakout_Accumulation
2011-12-07,5062.60009765625,26.459999084472656,0.004642806926756286,Pre_Breakout_Accumulation,Pre_Breakout_Accumulation
2011-12-08,4943.64990234375,28.579999923706055,-0.023776299598409673,Pre_Breakout_Accumulation,Pre_Breakout_Accumulation
2011-12-09,4866.7001953125,29.530000686645508,-0.01568777554509722,Pre_Breakout_Accumulation,Pre_Breakout_Accumulation
2011-12-12,4764.60009765625,29.270000457763672,-0.02120252082692823,Pre_Breakout_Accumulation,Pre_Breakout_Accumulation
2011-12-13,4800.60009765625,28.110000610351562,0.007527321801210558,Pre_Breakout_Accumulation,Pre_Breakout_Accumulation
2011-12-14,4763.25,28.790000915527344,-0.007810722075448438,Pre_Breakout_Accumulation,Pre_Breakout_Accumulation
2011-12-15,4746.35009765625,28.809999465942383,-0.003554286186905766,Pre_Breakout_Accumulation,Pre_Breakout_Accumulation
2011-12-16,4651.60009765625,29.690000534057617,-0.02016465475128,Pre_Breakout_Accumulation,Pre_Breakout_Accumulation
2011-12-19,4613.10009765625,30.579999923706055,-0.008311164053918654,Pre_Breakout_Accumulation,Pre_Breakout_Accumulation
2011-12-20,4544.2001953125,30.530000686645508,-0.015048365861574937,Pre_Breakout_Accumulation,Pre_Breakout_Accumulation
2011-12-21,4693.14990234375,27.530000686645508,0.03225224047519715,Pre_Breakout_Accumulation,Pre_Breakout_Accumulation
2011-12-22,4733.85009765625,26.84000015258789,0.00863486755049247,Pre_Breakout_Accumulation,Pre_Breakout_Accumulation
2011-12-23,4714.0,27.389999389648438,-0.00420204102712772,Pre_Breakout_Accumulation,Pre_Breakout_Accumulation
2011-12-27,4750.5,26.290000915527344,0.007713071150727649,Pre_Breakout_Accumulation,Pre_Breakout_Accumulation
2011-12-28,4705.7998046875,26.739999771118164,-0.00945412670476182,Pre_Breakout_Accumulation,Pre_Breakout_Accumulation
2011-12-29,4646.25,26.6200008392334,-0.012735306330580514,Pre_Breakout_Accumulation,Pre_Breakout_Accumulation
2011-12-30,4624.2998046875,27.110000610351562,-0.004735476707182386,Pre_Breakout_Accumulation,Pre_Breakout_Accumulation
2012-01-03,4765.2998046875,26.15999984741211,0.03003548729238125,Pre_Breakout_Accumulation,Pre_Breakout_Accumulation
2012-01-04,4749.64990234375,26.40999984741211,-0.0032895426540406015,Pre_Breakout_Accumulation,Pre_Breakout_Accumulation
2012-01-05,4749.9501953125,25.90999984741211,6.322223372845206e-05,Pre_Breakout_Accumulation,Pre_Breakout_Accumulation
2012-01-06,4754.10009765625,25.459999084472656,0.0008732913820035912,Pre_Breakout_Accumulation,Pre_Breakout_Accumulation
2012-01-09,4742.7998046875,25.68000030517578,-0.0023797867552800087,Pre_Breakout_Accumulation,Pre_Breakout_Accumulation
2012-01-10,4849.5498046875,24.0,0.022258239444290267,Pre_Breakout_Accumulation,Pre_Breakout_Accumulation
2012-01-11,4860.9501953125,24.540000915527344,0.002348055375701594,Pre_Breakout_Accumulation,Pre_Breakout_Accumulation
2012-01-12,4831.25,24.030000686645508,-0.006128698887331798,Pre_Breakout_Accumulation,Pre_Breakout_Accumulation
2012-01-13,4866.0,23.479999542236328,0.0071670110077358545,Pre_Breakout_Accumulation,Pre_Breakout_Accumulation
2012-01-16,4873.89990234375,24.06999969482422,0.0016221735654996564,Pre_Breakout_Accumulation,Pre_Breakout_Accumulation
2012-01-17,4967.2998046875,22.610000610351562,0.01898197568577206,Pre_Breakout_Accumulation,Pre_Breakout_Accumulation
2012-01-18,4955.7998046875,22.68000030517578,-0.0023178251959906026,Pre_Breakout_Accumulation,Pre_Breakout_Accumulation
2012-01-19,5018.39990234375,21.68000030517578,0.012552569924145546,Pre_Breakout_Accumulation,Pre_Breakout_Accumulation
2012-01-20,5048.60009765625,21.959999084472656,0.005999858132263353,Pre_Breakout_Accumulation,Pre_Breakout_Accumulation
2012-01-23,5046.25,22.139999389648438,-0.000465603288007518,Pre_Breakout_Accumulation,Pre_Breakout_Accumulation
2012-01-24,5127.35009765625,21.420000076293945,0.015943582375194214,Pre_Breakout_Accumulation,Pre_Breakout_Accumulation
2012-01-25,5158.2998046875,21.020000457763672,0.006018054422187115,Pre_Breakout_Accumulation,Pre_Breakout_Accumulation
2012-01-27,5204.7001953125,21.700000762939453,0.008955071062037441,Pre_Breakout_Accumulation,Pre_Breakout_Accumulation
2012-01-30,5087.2998046875,23.459999084472656,-0.022814901479942987,Pre_Breakout_Accumulation,Pre_Breakout_Accumulation
2012-01-31,5199.25,22.65999984741211,0.021767184851403856,Pre_Breakout_Accumulation,Pre_Breakout_Accumulation
2012-02-01,5235.7001953125,22.889999389648438,0.006986203648760355,Pre_Breakout_Accumulation,Pre_Breakout_Accumulation
2012-02-02,5269.89990234375,23.690000534057617,0.006510780445565732,Pre_Breakout_Accumulation,Pre_Breakout_Accumulation
2012-02-03,5325.85009765625,24.09000015258789,0.01056097309606885,Pre_Breakout_Accumulation,Pre_Breakout_Accumulation
2012-02-06,5361.64990234375,24.6200008392334,0.006699403711750445,Pre_Breakout_Accumulation,Pre_Breakout_Accumulation
2012-02-07,5335.14990234375,24.90999984741211,-0.004954763050203981,Pre_Breakout_Accumulation,Pre_Breakout_Accumulation
2012-02-08,5368.14990234375,24.270000457763672,0.006166342187456197,Pre_Breakout_Accumulation,Pre_Breakout_Accumulation
2012-02-09,5412.35009765625,23.299999237060547,0.008200072906646953,Pre_Breakout_Accumulation,Pre_Breakout_Accumulation
2012-02-10,5381.60009765625,23.829999923706055,-0.005697651486356129,Pre_Breakout_Accumulation,Pre_Breakout_Accumulation
2012-02-13,5390.2001953125,23.709999084472656,0.0015967803430544996,Pre_Breakout_Accumulation,Pre_Breakout_Accumulation
2012-02-14,5416.0498046875,22.709999084472656,0.004784205192390807,Pre_Breakout_Accumulation,Pre_Breakout_Accumulation
2012-02-15,5531.9501953125,22.100000381469727,0.02117367933441728,Pre_Breakout_Accumulation,Pre_Breakout_Accumulation
2012-02-16,5521.9501953125,23.329999923706055,-0.001809316598601389,Pre_Breakout_Accumulation,Pre_Breakout_Accumulation
2012-02-17,5564.2998046875,24.18000030517578,0.007640061404398583,Pre_Breakout_Accumulation,Pre_Breakout_Accumulation
2012-02-21,5607.14990234375,26.25,0.007671396090022358,Pre_Breakout_Accumulation,Pre_Breakout_Accumulation
2012-02-22,5505.35009765625,26.799999237060547,-0.018322187184283887,Pre_Breakout_Accumulation,Pre_Breakout_Accumulation
2012-02-23,5483.2998046875,24.329999923706055,-0.004013290579059847,Pre_Breakout_Accumulation,Pre_Breakout_Accumulation
2012-02-24,5429.2998046875,24.81999969482422,-0.009896897659749845,Pre_Breakout_Accumulation,Pre_Breakout_Accumulation
2012-02-27,5281.2001953125,27.3799991607666,-0.027656794612663387,Pre_Breakout_Accumulation,Pre_Breakout_Accumulation
2012-02-28,5375.5,25.850000381469727,0.01769821133763864,Pre_Breakout_Accumulation,Pre_Breakout_Accumulation
2012-02-29,5385.2001953125,26.93000030517578,0.0018028934481800647,Pre_Breakout_Accumulation,Pre_Breakout_Accumulation
2012-03-01,5339.75,27.670000076293945,-0.008475650994548561,Pre_Breakout_Accumulation,Pre_Breakout_Accumulation
2012-03-02,5359.35009765625,27.84000015258789,0.0036638818972382233,Pre_Breakout_Accumulation,Pre_Breakout_Accumulation
2012-03-05,5280.35009765625,28.920000076293945,-0.01485031539972594,Pre_Breakout_Accumulation,Pre_Breakout_Accumulation
2012-03-06,5222.39990234375,27.34000015258789,-0.01103535424618985,Pre_Breakout_Accumulation,Pre_Breakout_Accumulation
2012-03-07,5220.4501953125,26.329999923706055,-0.0003734051596396779,Pre_Breakout_Accumulation,Pre_Breakout_Accumulation
2012-03-09,5333.5498046875,25.469999313354492,0.021433378638431977,Pre_Breakout_Accumulation,Pre_Breakout_Accumulation
2012-03-12,5359.5498046875,26.270000457763672,0.004862958765541654,Pre_Breakout_Accumulation,Pre_Breakout_Accumulation
2012-03-13,5429.5,24.75,0.012967068782384641,Pre_Breakout_Accumulation,Pre_Breakout_Accumulation
2012-03-14,5463.89990234375,24.719999313354492,0.0063157539426588645,Pre_Breakout_Accumulation,Pre_Breakout_Accumulation
2012-03-15,5380.5,25.420000076293945,-0.015381495959166968,Pre_Breakout_Accumulation,Pre_Breakout_Accumulation
2012-03-16,5317.89990234375,23.1299991607666,-0.011702836439644667,Pre_Breakout_Accumulation,Pre_Breakout_Accumulation
2012-03-19,5257.0498046875,22.969999313354492,-0.011508474451056095,Pre_Breakout_Accumulation,Pre_Breakout_Accumulation
2012-03-20,5274.85009765625,21.940000534057617,0.0033802656848120043,Pre_Breakout_Accumulation,Pre_Breakout_Accumulation
2012-03-21,5364.9501953125,21.0,0.01693683132759836,Pre_Breakout_Accumulation,Pre_Breakout_Accumulation
2012-03-22,5228.4501953125,24.770000457763672,-0.02577218838569368,Pre_Breakout_Accumulation,Pre_Breakout_Accumulation
2012-03-23,5278.2001953125,23.34000015258789,0.009470263113838983,Pre_Breakout_Accumulation,Pre_Breakout_Accumulation
2012-03-26,5184.25,26.739999771118164,-0.017959984312352094,Pre_Breakout_Accumulation,Pre_Breakout_Accumulation
2012-03-27,5243.14990234375,25.049999237060547,0.011297260934515444,Pre_Breakout_Accumulation,Pre_Breakout_Accumulation
2012-03-28,5194.75,24.8700008392334,-0.009273943932475727,Pre_Breakout_Accumulation,Pre_Breakout_Accumulation
2012-03-29,5178.85009765625,24.329999923706055,-0.0030654574390867073,Pre_Breakout_Accumulation,Pre_Breakout_Accumulation
2012-03-30,5295.5498046875,22.3799991607666,0.02228376559490159,Pre_Breakout_Accumulation,Pre_Breakout_Accumulation
2012-04-02,5317.89990234375,20.8799991607666,0.004211661864997884,Pre_Breakout_Accumulation,Pre_Breakout_Accumulation
2012-04-03,5358.5,20.010000228881836,0.007605614952249603,Pre_Breakout_Accumulation,Pre_Breakout_Accumulation
2012-04-04,5322.89990234375,20.6299991607666,-0.006665835901845565,Pre_Breakout_Accumulation,Pre_Breakout_Accumulation
2012-04-09,5234.39990234375,22.329999923706055,-0.016766043352304694,Pre_Breakout_Accumulation,Pre_Breakout_Accumulation
2012-04-10,5243.60009765625,21.920000076293945,0.0017560980486462775,Pre_Breakout_Accumulation,Pre_Breakout_Accumulation
2012-04-11,5226.85009765625,22.290000915527344,-0.0031994831122376596,Pre_Breakout_Accumulation,Pre_Breakout_Accumulation
2012-04-12,5276.85009765625,21.780000686645508,0.00952052643128076,Pre_Breakout_Accumulation,Pre_Breakout_Accumulation
2012-04-13,5207.4501953125,22.75,-0.013239017207444477,Pre_Breakout_Accumulation,Pre_Breakout_Accumulation
2012-04-16,5226.2001953125,22.229999542236328,0.0035941438484491926,Pre_Breakout_Accumulation,Pre_Breakout_Accumulation
2012-04-17,5289.7001953125,20.309999465942383,0.012077096484755998,Pre_Breakout_Accumulation,Pre_Breakout_Accumulation
2012-04-18,5300.0,20.030000686645508,0.0019452501478614526,Pre_Breakout_Accumulation,Pre_Breakout_Accumulation
2012-04-19,5332.39990234375,19.350000381469727,0.006094579385556793,Pre_Breakout_Accumulation,Pre_Breakout_Accumulation
2012-04-20,5290.85009765625,20.09000015258789,-0.007822467994285074,Pre_Breakout_Accumulation,Pre_Breakout_Accumulation
2012-04-23,5200.60009765625,21.56999969482422,-0.017204909624993044,Pre_Breakout_Accumulation,Pre_Breakout_Accumulation
2012-04-24,5222.64990234375,19.25,0.00423089488965838,Pre_Breakout_Accumulation,Pre_Breakout_Accumulation
2012-04-25,5202.0,18.940000534057617,-0.003961750187553282,Pre_Breakout_Accumulation,Pre_Breakout_Accumulation
2012-04-26,5189.0,18.739999771118164,-0.002502166640857171,Pre_Breakout_Accumulation,Pre_Breakout_Accumulation
2012-04-27,5190.60009765625,17.889999389648438,0.0003083158607018674,Pre_Breakout_Accumulation,Pre_Breakout_Accumulation
2012-04-30,5248.14990234375,17.81999969482422,0.01102629869634238,Pre_Breakout_Accumulation,Pre_Breakout_Accumulation
2012-05-02,5239.14990234375,18.540000915527344,-0.001716362147938504,Pre_Breakout_Accumulation,Pre_Breakout_Accumulation
2012-05-03,5188.39990234375,19.25,-0.009733907132363178,Pre_Breakout_Accumulation,Pre_Breakout_Accumulation
2012-05-04,5086.85009765625,21.1200008392334,-0.019766547986143027,Pre_Breakout_Accumulation,Pre_Breakout_Accumulation
2012-05-07,5114.14990234375,20.219999313354492,0.005352390914891362,Pre_Breakout_Accumulation,Pre_Breakout_Accumulation
2012-05-08,4999.9501953125,22.15999984741211,-0.022583237144103662,Pre_Breakout_Accumulation,Pre_Breakout_Accumulation
2012-05-09,4974.7998046875,23.040000915527344,-0.005042821909914006,Pre_Breakout_Accumulation,Pre_Breakout_Accumulation
2012-05-10,4965.7001953125,22.719999313354492,-0.0018308157369825856,Pre_Breakout_Accumulation,Pre_Breakout_Accumulation
2012-05-11,4928.89990234375,22.479999542236328,-0.0074384941865402255,Pre_Breakout_Accumulation,Pre_Breakout_Accumulation
2012-05-14,4907.7998046875,23.260000228881836,-0.00429008318777997,Pre_Breakout_Accumulation,Pre_Breakout_Accumulation
2012-05-15,4942.7998046875,22.280000686645508,0.007106196307577927,Pre_Breakout_Accumulation,Pre_Breakout_Accumulation
2012-05-16,4858.25,23.709999084472656,-0.01725364197067538,Pre_Breakout_Accumulation,Pre_Breakout_Accumulation
2012-05-17,4870.2001953125,23.59000015258789,0.0024567533539605795,Pre_Breakout_Accumulation,Pre_Breakout_Accumulation
2012-05-18,4891.4501953125,23.549999237060547,0.004353778862483168,Pre_Breakout_Accumulation,Pre_Breakout_Accumulation
2012-05-22,4860.5,24.389999389648438,-0.00634750970013281,Pre_Breakout_Accumulation,Pre_Breakout_Accumulation
2012-05-23,4835.64990234375,27.1299991607666,-0.005125777203313112,Pre_Breakout_Accumulation,Pre_Breakout_Accumulation
2012-05-24,4921.39990234375,25.489999771118164,0.01757748695340402,Pre_Breakout_Accumulation,Pre_Breakout_Accumulation
2012-05-25,4920.39990234375,25.139999389648438,-0.00020321486380266794,Pre_Breakout_Accumulation,Pre_Breakout_Accumulation
2012-05-28,4985.64990234375,23.68000030517578,0.013173958334390843,Pre_Breakout_Accumulation,Pre_Breakout_Accumulation
2012-05-29,4990.10009765625,24.030000686645508,0.0008922027131203923,Pre_Breakout_Accumulation,Pre_Breakout_Accumulation
2012-05-30,4950.75,25.299999237060547,-0.007916888957933466,Pre_Breakout_Accumulation,Pre_Breakout_Accumulation
2012-05-31,4924.25,25.25,-0.005367101491185887,Pre_Breakout_Accumulation,Pre_Breakout_Accumulation
2012-06-01,4841.60009765625,26.770000457763672,-0.01692671398152418,Pre_Breakout_Accumulation,Pre_Breakout_Accumulation
2012-06-04,4848.14990234375,25.600000381469727,0.001351903957286658,Pre_Breakout_Accumulation,Pre_Breakout_Accumulation
2012-06-05,4863.2998046875,26.260000228881836,0.0031200109335819946,Pre_Breakout_Accumulation,Pre_Breakout_Accumulation
2012-06-06,4997.10009765625,24.899999618530273,0.02714058403860763,Pre_Breakout_Accumulation,Pre_Breakout_Accumulation
2012-06-07,5049.64990234375,23.639999389648438,0.010461150903908,Pre_Breakout_Accumulation,Pre_Breakout_Accumulation
2012-06-08,5068.35009765625,23.469999313354492,0.0036964255001187096,Pre_Breakout_Accumulation,Pre_Breakout_Accumulation
2012-06-11,5054.10009765625,25.020000457763672,-0.0028155257153311976,Pre_Breakout_Accumulation,Pre_Breakout_Accumulation
2012-06-12,5115.89990234375,24.200000762939453,0.01215350351575396,Pre_Breakout_Accumulation,Pre_Breakout_Accumulation
2012-06-13,5121.4501953125,24.360000610351562,0.0010843223020839507,Pre_Breakout_Accumulation,Pre_Breakout_Accumulation
2012-06-14,5054.75,25.709999084472656,-0.01310924495287964,Pre_Breakout_Accumulation,Pre_Breakout_Accumulation
2012-06-15,5139.0498046875,25.540000915527344,0.016539804211283652,Pre_Breakout_Accumulation,Pre_Breakout_Accumulation
2012-06-18,5064.25,22.600000381469727,-0.014662147764778139,Pre_Breakout_Accumulation,Pre_Breakout_Accumulation
2012-06-19,5103.85009765625,21.43000030517578,0.007789124317959819,Pre_Breakout_Accumulation,Pre_Breakout_Accumulation
2012-06-20,5120.5498046875,21.030000686645508,0.0032666409844854687,Pre_Breakout_Accumulation,Pre_Breakout_Accumulation
2012-06-21,5165.0,19.940000534057617,0.0086432855573779,Pre_Breakout_Accumulation,Pre_Breakout_Accumulation
2012-06-22,5146.0498046875,20.579999923706055,-0.003675710428627626,Pre_Breakout_Accumulation,Pre_Breakout_Accumulation
2012-06-25,5114.64990234375,21.56999969482422,-0.006120440371459533,Pre_Breakout_Accumulation,Pre_Breakout_Accumulation
2012-06-26,5120.7998046875,20.229999542236328,0.001201686933128108,Pre_Breakout_Accumulation,Pre_Breakout_Accumulation
2012-06-27,5141.89990234375,20.3700008392334,0.004112003271970844,Pre_Breakout_Accumulation,Pre_Breakout_Accumulation
2012-06-28,5149.14990234375,20.6200008392334,0.0014089915678230246,Pre_Breakout_Accumulation,Pre_Breakout_Accumulation
2012-06-29,5278.89990234375,19.079999923706055,0.0248860906366406,Pre_Breakout_Accumulation,Pre_Breakout_Accumulation
2012-07-02,5278.60009765625,19.010000228881836,-5.679463652956444e-05,Pre_Breakout_Accumulation,Pre_Breakout_Accumulation
2012-07-03,5287.9501953125,18.559999465942383,0.001769754524874917,Pre_Breakout_Accumulation,Pre_Breakout_Accumulation
2012-07-04,5302.5498046875,18.270000457763672,0.002757116023506428,Pre_Breakout_Accumulation,Pre_Breakout_Accumulation
2012-07-05,5327.2998046875,18.350000381469727,0.004656706469918981,Pre_Breakout_Accumulation,Pre_Breakout_Accumulation
2012-07-06,5316.9501953125,18.040000915527344,-0.0019446391500623072,Pre_Breakout_Accumulation,Pre_Breakout_Accumulation
2012-07-09,5275.14990234375,18.719999313354492,-0.007892770948501047,Pre_Breakout_Accumulation,Pre_Breakout_Accumulation
2012-07-10,5345.35009765625,17.829999923706055,0.0132199458969235,Pre_Breakout_Accumulation,Pre_Breakout_Accumulation
2012-07-11,5306.2998046875,18.389999389648438,-0.007332285285333639,Pre_Breakout_Accumulation,Pre_Breakout_Accumulation
2012-07-12,5235.25,18.709999084472656,-0.013480158401750039,Pre_Breakout_Accumulation,Pre_Breakout_Accumulation
2012-07-13,5227.25,18.260000228881836,-0.001529271504729059,Pre_Breakout_Accumulation,Pre_Breakout_Accumulation
2012-07-16,5197.25,18.770000457763672,-0.005755687624308978,Pre_Breakout_Accumulation,Pre_Breakout_Accumulation
2012-07-17,5192.85009765625,17.780000686645508,-0.0008469413317297982,Pre_Breakout_Accumulation,Pre_Breakout_Accumulation
2012-07-18,5216.2998046875,17.440000534057617,0.004505602651746632,Pre_Breakout_Accumulation,Pre_Breakout_Accumulation
2012-07-19,5242.7001953125,16.3799991607666,0.00504836919305378,Pre_Breakout_Accumulation,Pre_Breakout_Accumulation
2012-07-20,5205.10009765625,16.889999389648438,-0.007197737118262219,Pre_Breakout_Accumulation,Pre_Breakout_Accumulation
2012-07-23,5117.9501953125,18.65999984741211,-0.016884926528955263,Pre_Breakout_Accumulation,Pre_Breakout_Accumulation
2012-07-24,5128.2001953125,16.969999313354492,0.002000752092925557,Pre_Breakout_Accumulation,Pre_Breakout_Accumulation
2012-07-25,5109.60009765625,16.75,-0.00363361612631477,Pre_Breakout_Accumulation,Pre_Breakout_Accumulation
2012-07-26,5043.0,16.3700008392334,-0.013119999282962123,Pre_Breakout_Accumulation,Pre_Breakout_Accumulation
2012-07-27,5099.85009765625,16.440000534057617,0.01121000358729877,Pre_Breakout_Accumulation,Pre_Breakout_Accumulation
2012-07-30,5199.7998046875,16.600000381469727,0.019408979065827576,Pre_Breakout_Accumulation,Pre_Breakout_Accumulation
2012-07-31,5229.0,16.010000228881836,0.005599929458278862,Pre_Breakout_Accumulation,Pre_Breakout_Accumulation
2012-08-01,5240.5,16.450000762939453,0.0021968584221014834,Pre_Breakout_Accumulation,Pre_Breakout_Accumulation
2012-08-02,5227.75,16.770000457763672,-0.0024359384433229802,Pre_Breakout_Accumulation,Pre_Breakout_Accumulation
2012-08-03,5215.7001953125,16.1200008392334,-0.00230763010487979,Pre_Breakout_Accumulation,Pre_Breakout_Accumulation
2012-08-06,5282.5498046875,16.219999313354492,0.012735553625573123,Pre_Breakout_Accumulation,Pre_Breakout_Accumulation
2012-08-07,5336.7001953125,16.209999084472656,0.010198622309721916,Pre_Breakout_Accumulation,Pre_Breakout_Accumulation
2012-08-08,5338.0,16.3700008392334,0.0002435299671450816,Pre_Breakout_Accumulation,Pre_Breakout_Accumulation
2012-08-09,5322.9501953125,16.329999923706055,-0.0028233533426232993,Pre_Breakout_Accumulation,Pre_Breakout_Accumulation
2012-08-10,5320.39990234375,16.06999969482422,-0.00047922749776307234,Pre_Breakout_Accumulation,Pre_Breakout_Accumulation
2012-08-13,5347.89990234375,16.010000228881836,0.005155472083349568,Pre_Breakout_Accumulation,Pre_Breakout_Accumulation
2012-08-14,5380.35009765625,15.640000343322754,0.006049503744983293,Pre_Breakout_Accumulation,Pre_Breakout_Accumulation
2012-08-16,5362.9501953125,15.6899995803833,-0.00323921273413046,Pre_Breakout_Accumulation,Pre_Breakout_Accumulation
2012-08-17,5366.2998046875,15.729999542236328,0.0006243883745507009,Pre_Breakout_Accumulation,Pre_Breakout_Accumulation
2012-08-21,5421.0,16.299999237060547,0.01014167866750203,Pre_Breakout_Accumulation,Pre_Breakout_Accumulation
2012-08-22,5412.85009765625,16.0,-0.0015045258717129944,Pre_Breakout_Accumulation,Pre_Breakout_Accumulation
2012-08-23,5415.35009765625,16.1200008392334,0.0004617572633175854,Pre_Breakout_Accumulation,Pre_Breakout_Accumulation
2012-08-24,5386.7001953125,16.15999984741211,-0.005304542887016916,Pre_Breakout_Accumulation,Pre_Breakout_Accumulation
2012-08-27,5350.25,16.469999313354492,-0.0067896999946754025,Pre_Breakout_Accumulation,Pre_Breakout_Accumulation
2012-08-29,5287.7998046875,16.739999771118164,-0.01174104537301993,Pre_Breakout_Accumulation,Pre_Breakout_Accumulation
2012-08-30,5315.0498046875,16.670000076293945,0.005140138925224487,Pre_Breakout_Accumulation,Pre_Breakout_Accumulation
2012-08-31,5258.5,17.299999237060547,-0.010696567362371883,Pre_Breakout_Accumulation,Pre_Breakout_Accumulation
2012-09-03,5253.75,17.280000686645508,-0.0009037076407566584,Pre_Breakout_Accumulation,Pre_Breakout_Accumulation
2012-09-04,5274.0,16.59000015258789,0.003846980593905577,Pre_Breakout_Accumulation,Pre_Breakout_Accumulation
2012-09-05,5225.7001953125,17.010000228881836,-0.009200290386331456,Pre_Breakout_Accumulation,Pre_Breakout_Accumulation
2012-09-06,5238.39990234375,16.979999542236328,0.0024272920075337386,Pre_Breakout_Accumulation,Pre_Breakout_Accumulation
2012-09-07,5342.10009765625,15.260000228881836,0.01960276282144217,Pre_Breakout_Accumulation,Pre_Breakout_Accumulation
2012-09-10,5363.4501953125,15.270000457763672,0.003988608782709102,Pre_Breakout_Accumulation,Pre_Breakout_Accumulation
2012-09-11,5390.0,15.380000114440918,0.004937923764457274,Pre_Breakout_Accumulation,Pre_Breakout_Accumulation
2012-09-12,5431.0,15.039999961853027,0.007577894131802447,Pre_Breakout_Accumulation,Pre_Breakout_Accumulation
2012-09-13,5435.35009765625,15.670000076293945,0.0008006548380166689,Pre_Breakout_Accumulation,Pre_Breakout_Accumulation
2012-09-14,5577.64990234375,15.380000114440918,0.02584358933331103,Pre_Breakout_Accumulation,Pre_Breakout_Accumulation
2012-09-17,5610.0,17.780000686645508,0.005783196310569196,Pre_Breakout_Accumulation,Pre_Breakout_Accumulation
2012-09-18,5600.0498046875,17.829999923706055,-0.0017752281388536857,Pre_Breakout_Accumulation,Pre_Breakout_Accumulation
2012-09-20,5554.25,18.6200008392334,-0.00821209092065133,Pre_Breakout_Accumulation,Pre_Breakout_Accumulation
2012-09-21,5691.14990234375,18.93000030517578,0.024348919045650126,Pre_Breakout_Accumulation,Pre_Breakout_Accumulation
2012-09-24,5669.60009765625,18.829999923706055,-0.003793733782301371,Pre_Breakout_Accumulation,Pre_Breakout_Accumulation
2012-09-25,5673.89990234375,17.110000610351562,0.00075810903044665,Pre_Breakout_Accumulation,Pre_Breakout_Accumulation
2012-09-26,5663.4501953125,16.969999313354492,-0.0018434131257124254,Pre_Breakout_Accumulation,Pre_Breakout_Accumulation
2012-09-27,5649.5,16.90999984741211,-0.0024662359760189018,Pre_Breakout_Accumulation,Pre_Breakout_Accumulation
2012-09-28,5703.2998046875,16.15999984741211,0.009477874770864534,Pre_Breakout_Accumulation,Pre_Breakout_Accumulation
2012-10-01,5718.7998046875,16.34000015258789,0.0027140385821359655,Pre_Breakout_Accumulation,Pre_Breakout_Accumulation
2012-10-03,5731.25,16.5,0.00217469800247328,Pre_Breakout_Accumulation,Pre_Breakout_Accumulation
2012-10-04,5787.60009765625,16.440000534057617,0.009784057731510025,Pre_Breakout_Accumulation,Pre_Breakout_Accumulation
2012-10-05,5746.9501953125,16.780000686645508,-0.007048401472376666,Pre_Breakout_Accumulation,Pre_Breakout_Accumulation
2012-10-08,5676.0,17.170000076293945,-0.012422553983974943,Pre_Breakout_Accumulation,Pre_Breakout_Accumulation
2012-10-09,5704.60009765625,16.799999237060547,0.005026124741861446,Pre_Breakout_Accumulation,Pre_Breakout_Accumulation
2012-10-10,5652.14990234375,16.829999923706055,-0.009236897569122873,Pre_Breakout_Accumulation,Pre_Breakout_Accumulation
2012-10-11,5708.0498046875,16.489999771118164,0.009841438524261526,Pre_Breakout_Accumulation,Pre_Breakout_Accumulation
2012-10-12,5676.0498046875,16.489999771118164,-0.0056218911252959814,Pre_Breakout_Accumulation,Pre_Breakout_Accumulation
2012-10-15,5687.25,15.899999618530273,0.0019712933975172303,Pre_Breakout_Accumulation,Pre_Breakout_Accumulation
2012-10-16,5648.0,15.569999694824219,-0.006925327076076647,Pre_Breakout_Accumulation,Pre_Breakout_Accumulation
2012-10-17,5660.25,15.170000076293945,0.0021665606600093767,Pre_Breakout_Accumulation,Pre_Breakout_Accumulation
2012-10-18,5718.7001953125,14.760000228881836,0.010273480136426792,Pre_Breakout_Accumulation,Pre_Breakout_Accumulation
2012-10-19,5684.25,14.539999961853027,-0.0060423486092661665,Pre_Breakout_Accumulation,Pre_Breakout_Accumulation
2012-10-22,5717.14990234375,13.039999961853027,0.005771220015412784,Pre_Breakout_Accumulation,Pre_Breakout_Accumulation
2012-10-23,5691.39990234375,13.710000038146973,-0.004514165983925739,Pre_Breakout_Accumulation,Pre_Breakout_Accumulation
2012-10-25,5705.2998046875,13.520000457763672,0.0024392867397124295,Pre_Breakout_Accumulation,Pre_Breakout_Accumulation
2012-10-29,5665.60009765625,15.119999885559082,-0.006982713537108193,Pre_Breakout_Accumulation,Pre_Breakout_Accumulation
2012-10-30,5597.89990234375,15.170000076293945,-0.012021309646340173,Pre_Breakout_Accumulation,Pre_Breakout_Accumulation
2012-10-31,5619.7001953125,14.399999618530273,0.0038868064869830134,Pre_Breakout_Accumulation,Pre_Breakout_Accumulation
2012-11-01,5645.0498046875,14.079999923706055,0.0045007039065821375,Pre_Breakout_Accumulation,Pre_Breakout_Accumulation
2012-11-02,5697.7001953125,13.65999984741211,0.009283598556758567,Pre_Breakout_Accumulation,Pre_Breakout_Accumulation
2012-11-05,5704.2001953125,14.630000114440918,0.001140160934837295,Pre_Breakout_Accumulation,Pre_Breakout_Accumulation
2012-11-06,5724.39990234375,15.210000038146973,0.003534943543911931,Pre_Breakout_Accumulation,Pre_Breakout_Accumulation
2012-11-07,5760.10009765625,14.510000228881836,0.0062171292271889006,Pre_Breakout_Accumulation,Pre_Breakout_Accumulation
2012-11-08,5738.75,14.220000267028809,-0.0037134360408294775,Pre_Breakout_Accumulation,Pre_Breakout_Accumulation
2012-11-09,5686.25,14.369999885559082,-0.009190436679217989,Pre_Breakout_Accumulation,Pre_Breakout_Accumulation
2012-11-12,5683.7001953125,14.859999656677246,-0.00044851642908619777,Pre_Breakout_Accumulation,Pre_Breakout_Accumulation
2012-11-15,5631.0,15.529999732971191,-0.009315417200509159,Pre_Breakout_Accumulation,Pre_Breakout_Accumulation
2012-11-16,5574.0498046875,16.219999313354492,-0.010165182073687593,Pre_Breakout_Accumulation,Pre_Breakout_Accumulation
2012-11-19,5571.39990234375,16.68000030517578,-0.0004755128708731552,Pre_Breakout_Accumulation,Pre_Breakout_Accumulation
2012-11-20,5571.5498046875,15.8100004196167,2.6905325376147813e-05,Pre_Breakout_Accumulation,Pre_Breakout_Accumulation
2012-11-21,5614.7998046875,15.460000038146973,0.007732677239436856,Pre_Breakout_Accumulation,Pre_Breakout_Accumulation
2012-11-22,5627.75,14.90999984741211,0.002303783619401963,Pre_Breakout_Accumulation,Pre_Breakout_Accumulation
2012-11-23,5626.60009765625,14.680000305175781,-0.0002043480676846334,Pre_Breakout_Accumulation,Pre_Breakout_Accumulation
2012-11-26,5635.89990234375,14.670000076293945,0.001651464026839213,Pre_Breakout_Accumulation,Pre_Breakout_Accumulation
2012-11-27,5727.4501953125,13.960000038146973,0.016113606124935557,Pre_Breakout_Accumulation,Pre_Breakout_Accumulation
2012-11-29,5825.0,15.369999885559082,0.016888559855538453,Pre_Breakout_Accumulation,Pre_Breakout_Accumulation
2012-11-30,5879.85009765625,15.149999618530273,0.009372268537928177,Pre_Breakout_Accumulation,Pre_Breakout_Accumulation
2012-12-03,5870.9501953125,15.619999885559082,-0.0015147741130177722,Pre_Breakout_Accumulation,Pre_Breakout_Accumulation
2012-12-04,5889.25,15.90999984741211,0.0031121612139040416,Pre_Breakout_Accumulation,Pre_Breakout_Accumulation
2012-12-05,5900.5,16.6200008392334,0.0019084379930875174,Pre_Breakout_Accumulation,Pre_Breakout_Accumulation
2012-12-06,5930.89990234375,15.239999771118164,0.005138862601968067,Pre_Breakout_Accumulation,Pre_Breakout_Accumulation
2012-12-07,5907.39990234375,14.960000038146973,-0.00397016991551854,Pre_Breakout_Accumulation,Pre_Breakout_Accumulation
2012-12-10,5908.89990234375,14.510000228881836,0.00025388658596198357,Pre_Breakout_Accumulation,Pre_Breakout_Accumulation
2012-12-11,5898.7998046875,14.670000076293945,-0.001710765071977491,Pre_Breakout_Accumulation,Pre_Breakout_Accumulation
2012-12-12,5888.0,14.510000228881836,-0.001832525857525198,Pre_Breakout_Accumulation,Pre_Breakout_Accumulation
2012-12-13,5851.5,14.710000038146973,-0.006218342793891255,Pre_Breakout_Accumulation,Pre_Breakout_Accumulation
2012-12-14,5879.60009765625,14.229999542236328,0.004790710362347276,Pre_Breakout_Accumulation,Pre_Breakout_Accumulation
2012-12-17,5857.89990234375,14.920000076293945,-0.0036975880786428313,Pre_Breakout_Accumulation,Pre_Breakout_Accumulation
2012-12-18,5896.7998046875,14.4399995803833,0.006618636854775263,Pre_Breakout_Accumulation,Pre_Breakout_Accumulation
2012-12-19,5929.60009765625,14.470000267028809,0.005546975807021157,Pre_Breakout_Accumulation,Pre_Breakout_Accumulation
2012-12-20,5916.39990234375,14.319999694824219,-0.00222863426913261,Pre_Breakout_Accumulation,Pre_Breakout_Accumulation
2012-12-21,5847.7001953125,14.630000114440918,-0.011679684367163802,Pre_Breakout_Accumulation,Pre_Breakout_Accumulation
2012-12-24,5855.75,14.489999771118164,0.0013756295489937814,Pre_Breakout_Accumulation,Pre_Breakout_Accumulation
2012-12-26,5905.60009765625,14.100000381469727,0.008476985338926086,Pre_Breakout_Accumulation,Pre_Breakout_Accumulation
2012-12-27,5870.10009765625,13.739999771118164,-0.006029383723567037,Pre_Breakout_Accumulation,Pre_Breakout_Accumulation
2012-12-28,5908.35009765625,13.630000114440918,0.0064949350428471515,Pre_Breakout_Accumulation,Pre_Breakout_Accumulation
2012-12-31,5905.10009765625,14.949999809265137,-0.0005502203045275154,Pre_Breakout_Accumulation,Pre_Breakout_Accumulation
2013-01-02,5993.25,13.710000038146973,0.01481743509598375,Pre_Breakout_Accumulation,Pre_Breakout_Accumulation
2013-01-03,6009.5,13.470000267028809,0.0027077144701615867,Pre_Breakout_Accumulation,Pre_Breakout_Accumulation
2013-01-04,6016.14990234375,13.369999885559082,0.0011059532042860644,Pre_Breakout_Accumulation,Pre_Breakout_Accumulation
2013-01-07,5988.39990234375,13.920000076293945,-0.004623255329017686,Pre_Breakout_Accumulation,Pre_Breakout_Accumulation
2013-01-08,6001.7001953125,13.270000457763672,0.0022185466869673303,Pre_Breakout_Accumulation,Pre_Breakout_Accumulation
2013-01-09,5971.5,13.319999694824219,-0.005044642846597446,Pre_Breakout_Accumulation,Pre_Breakout_Accumulation
2013-01-10,5968.64990234375,13.270000457763672,-0.0004773973080222145,Pre_Breakout_Accumulation,Pre_Breakout_Accumulation
2013-01-11,5951.2998046875,13.229999542236328,-0.0029111045491811488,Pre_Breakout_Accumulation,Pre_Breakout_Accumulation
2013-01-14,6024.0498046875,13.699999809265137,0.012150107904682364,Pre_Breakout_Accumulation,Pre_Breakout_Accumulation
2013-01-15,6056.60009765625,13.579999923706055,0.005388844474855894,Pre_Breakout_Accumulation,Pre_Breakout_Accumulation
2013-01-16,6001.85009765625,13.989999771118164,-0.00908083134121998,Pre_Breakout_Accumulation,Pre_Breakout_Accumulation
2013-01-17,6039.2001953125,14.010000228881836,0.006203813876608185,Pre_Breakout_Accumulation,Pre_Breakout_Accumulation
2013-01-18,6064.39990234375,13.890000343322754,0.004164007938021129,Pre_Breakout_Accumulation,Pre_Breakout_Accumulation
2013-01-21,6082.2998046875,13.65999984741211,0.0029472886846284353,Pre_Breakout_Accumulation,Pre_Breakout_Accumulation
2013-01-22,6048.5,13.890000343322754,-0.005572574388951168,Pre_Breakout_Accumulation,Pre_Breakout_Accumulation
2013-01-23,6054.2998046875,13.670000076293945,0.0009584237077469017,Pre_Breakout_Accumulation,Pre_Breakout_Accumulation
2013-01-24,6019.35009765625,14.460000038146973,-0.005789434832539505,Pre_Breakout_Accumulation,Pre_Breakout_Accumulation
2013-01-25,6074.64990234375,14.770000457763672,0.009145062029183172,Pre_Breakout_Accumulation,Pre_Breakout_Accumulation
2013-01-28,6074.7998046875,15.170000076293945,2.4676400556721332e-05,Pre_Breakout_Accumulation,Pre_Breakout_Accumulation
2013-01-29,6049.89990234375,14.470000267028809,-0.004107307883982924,Pre_Breakout_Accumulation,Pre_Breakout_Accumulation
2013-01-30,6055.75,14.380000114440918,0.0009665070704739352,Pre_Breakout_Accumulation,Pre_Breakout_Accumulation
2013-01-31,6034.75,14.130000114440918,-0.003473805238461769,Pre_Breakout_Accumulation,Pre_Breakout_Accumulation
2013-02-01,5998.89990234375,13.760000228881836,-0.005958325862656894,Pre_Breakout_Accumulation,Pre_Breakout_Accumulation
2013-02-04,5987.25,14.34000015258789,-0.0019438945962046322,Pre_Breakout_Accumulation,Pre_Breakout_Accumulation
2013-02-05,5956.89990234375,14.609999656677246,-0.005082013073346008,Pre_Breakout_Accumulation,Pre_Breakout_Accumulation
2013-02-06,5959.2001953125,14.260000228881836,0.0003860815163471072,Pre_Breakout_Accumulation,Pre_Breakout_Accumulation
2013-02-07,5938.7998046875,14.890000343322754,-0.003429216778715081,Pre_Breakout_Accumulation,Pre_Breakout_Accumulation
2013-02-08,5903.5,15.15999984741211,-0.005961664511139566,Pre_Breakout_Accumulation,Pre_Breakout_Accumulation
2013-02-11,5897.85009765625,15.649999618530273,-0.0009575010873592933,Pre_Breakout_Accumulation,Pre_Breakout_Accumulation
2013-02-12,5922.5,15.3100004196167,0.004170762773135264,Pre_Breakout_Accumulation,Pre_Breakout_Accumulation
2013-02-13,5932.9501953125,15.140000343322754,0.001762935670411124,Pre_Breakout_Accumulation,Pre_Breakout_Accumulation
2013-02-14,5896.9501953125,15.09000015258789,-0.006086291505428713,Pre_Breakout_Accumulation,Pre_Breakout_Accumulation
2013-02-15,5887.39990234375,15.239999771118164,-0.0016208437428339576,Pre_Breakout_Accumulation,Pre_Breakout_Accumulation
2013-02-18,5898.2001953125,16.290000915527344,0.001832795259055871,Pre_Breakout_Accumulation,Pre_Breakout_Accumulation
2013-02-19,5939.7001953125,15.8100004196167,0.0070114071991698905,Pre_Breakout_Accumulation,Pre_Breakout_Accumulation
2013-02-20,5943.0498046875,15.600000381469727,0.0005637768132327255,Pre_Breakout_Accumulation,Pre_Breakout_Accumulation
2013-02-21,5852.25,16.940000534057617,-0.01539623406156752,Pre_Breakout_Accumulation,Pre_Breakout_Accumulation
2013-02-22,5850.2998046875,16.790000915527344,-0.00033329408771618207,Pre_Breakout_Accumulation,Pre_Breakout_Accumulation
2013-02-25,5854.75,16.729999542236328,0.000760388994695336,Pre_Breakout_Accumulation,Pre_Breakout_Accumulation
2013-02-26,5761.35009765625,17.360000610351562,-0.016081458393314825,Pre_Breakout_Accumulation,Pre_Breakout_Accumulation
2013-02-27,5796.89990234375,16.229999542236328,0.006151435864131232,Pre_Breakout_Accumulation,Pre_Breakout_Accumulation
2013-02-28,5693.0498046875,14.859999656677246,-0.018077176721828157,Pre_Breakout_Accumulation,Pre_Breakout_Accumulation
2013-03-01,5719.7001953125,14.0600004196167,0.004670292272359843,Pre_Breakout_Accumulation,Pre_Breakout_Accumulation
2013-03-04,5698.5,13.670000076293945,-0.003713408297517434,Pre_Breakout_Accumulation,Pre_Breakout_Accumulation
2013-03-05,5784.25,13.390000343322754,0.014935724292001495,Pre_Breakout_Accumulation,Pre_Breakout_Accumulation
2013-03-06,5818.60009765625,13.399999618530273,0.005920993156224326,Pre_Breakout_Accumulation,Pre_Breakout_Accumulation
2013-03-07,5863.2998046875,13.069999694824219,0.007652851943975546,Pre_Breakout_Accumulation,Pre_Breakout_Accumulation
2013-03-08,5945.7001953125,13.34000015258789,0.01395575035978997,Pre_Breakout_Accumulation,Pre_Breakout_Accumulation
2013-03-11,5942.35009765625,14.25,-0.000563607599626711,Pre_Breakout_Accumulation,Pre_Breakout_Accumulation
2013-03-12,5914.10009765625,15.130000114440918,-0.0047653476368216515,Pre_Breakout_Accumulation,Pre_Breakout_Accumulation
2013-03-13,5851.2001953125,16.200000762939453,-0.010692545036311767,Pre_Breakout_Accumulation,Pre_Breakout_Accumulation
2013-03-14,5908.9501953125,14.65999984741211,0.009821381919884518,Pre_Breakout_Accumulation,Pre_Breakout_Accumulation
2013-03-15,5872.60009765625,15.15999984741211,-0.006170701154912373,Pre_Breakout_Accumulation,Pre_Breakout_Accumulation
2013-03-18,5835.25,15.850000381469727,-0.0063803728356968134,Pre_Breakout_Accumulation,Pre_Breakout_Accumulation
2013-03-19,5745.9501953125,16.709999084472656,-0.015421816917123578,Pre_Breakout_Accumulation,Pre_Breakout_Accumulation
2013-03-20,5694.39990234375,16.65999984741211,-0.009012074180768975,Pre_Breakout_Accumulation,Pre_Breakout_Accumulation
2013-03-21,5658.75,16.510000228881836,-0.006280198856235595,Pre_Breakout_Accumulation,Pre_Breakout_Accumulation
2013-03-22,5651.35009765625,15.539999961853027,-0.0013085478175716774,Pre_Breakout_Accumulation,Pre_Breakout_Accumulation
2013-03-25,5633.85009765625,16.360000610351562,-0.0031014095850241405,Pre_Breakout_Accumulation,Pre_Breakout_Accumulation
2013-03-26,5641.60009765625,15.800000190734863,0.0013746681660056223,Pre_Breakout_Accumulation,Pre_Breakout_Accumulation
2013-03-28,5682.5498046875,15.220000267028809,0.007232310747962538,Pre_Breakout_Accumulation,Pre_Breakout_Accumulation
2013-04-01,5704.39990234375,14.850000381469727,0.003837748481610424,Pre_Breakout_Accumulation,Pre_Breakout_Accumulation
2013-04-02,5748.10009765625,14.100000381469727,0.0076315926493432315,Pre_Breakout_Accumulation,Pre_Breakout_Accumulation
2013-04-03,5672.89990234375,14.869999885559082,-0.013168948793470324,Pre_Breakout_Accumulation,Pre_Breakout_Accumulation
2013-04-04,5574.75,15.850000381469727,-0.017452960325511746,Pre_Breakout_Accumulation,Pre_Breakout_Accumulation
2013-04-05,5553.25,16.15999984741211,-0.003864131335780677,Pre_Breakout_Accumulation,Pre_Breakout_Accumulation
2013-04-08,5542.9501953125,16.770000457763672,-0.0018564567084833458,Pre_Breakout_Accumulation,Pre_Breakout_Accumulation
2013-04-09,5495.10009765625,16.81999969482422,-0.008670081423453112,Pre_Breakout_Accumulation,Pre_Breakout_Accumulation
2013-04-10,5558.7001953125,16.489999771118164,0.011507499287045326,Pre_Breakout_Accumulation,Pre_Breakout_Accumulation
2013-04-11,5594.0,16.969999313354492,0.006330291669064339,Pre_Breakout_Accumulation,Pre_Breakout_Accumulation
2013-04-12,5528.5498046875,16.450000762939453,-0.01176905510382896,Pre_Breakout_Accumulation,Pre_Breakout_Accumulation
2013-04-15,5568.39990234375,16.610000610351562,0.007182202318757875,Pre_Breakout_Accumulation,Pre_Breakout_Accumulation
2013-04-16,5688.9501953125,16.25,0.021417989176254947,Pre_Breakout_Accumulation,Pre_Breakout_Accumulation
2013-04-17,5688.7001953125,16.360000610351562,-4.394580453027964e-05,Pre_Breakout_Accumulation,Pre_Breakout_Accumulation
2013-04-18,5783.10009765625,15.359999656677246,0.016458102609584743,Pre_Breakout_Accumulation,Pre_Breakout_Accumulation
2013-04-22,5834.39990234375,16.219999313354492,0.008831527973868913,Pre_Breakout_Accumulation,Pre_Breakout_Accumulation
2013-04-23,5836.89990234375,15.069999694824219,0.0004284013057793631,Pre_Breakout_Accumulation,Pre_Breakout_Accumulation
2013-04-25,5916.2998046875,14.199999809265137,0.013511403233731597,Pre_Breakout_Accumulation,Pre_Breakout_Accumulation
2013-04-26,5871.4501953125,13.880000114440918,-0.007609565149353201,Pre_Breakout_Accumulation,Pre_Breakout_Accumulation
2013-04-29,5904.10009765625,14.329999923706055,0.0055453860244868425,Pre_Breakout_Accumulation,Pre_Breakout_Accumulation
2013-04-30,5930.2001953125,15.100000381469727,0.004410930824423511,Pre_Breakout_Accumulation,Pre_Breakout_Accumulation
2013-05-02,5999.35009765625,16.280000686645508,0.011593174115103801,Pre_Breakout_Accumulation,Pre_Breakout_Accumulation
2013-05-03,5944.0,15.550000190734863,-0.009268838888589223,Pre_Breakout_Accumulation,Pre_Breakout_Accumulation
2013-05-06,5971.0498046875,15.84000015258789,0.004540451211160536,Pre_Breakout_Accumulation,Pre_Breakout_Accumulation
2013-05-07,6043.5498046875,16.5,0.012068796690554202,Pre_Breakout_Accumulation,Pre_Breakout_Accumulation
2013-05-08,6069.2998046875,16.760000228881836,0.0042516896717678145,Pre_Breakout_Accumulation,Pre_Breakout_Accumulation
2013-05-09,6050.14990234375,16.600000381469727,-0.0031601960062404705,Pre_Breakout_Accumulation,Pre_Breakout_Accumulation
2013-05-10,6094.75,16.860000610351562,0.0073446958820698885,Pre_Breakout_Accumulation,Pre_Breakout_Accumulation
2013-05-13,5980.4501953125,17.510000228881836,-0.018931896238816203,Pre_Breakout_Accumulation,Pre_Breakout_Accumulation
2013-05-14,5995.39990234375,17.170000076293945,0.0024966436077198026,Pre_Breakout_Accumulation,Pre_Breakout_Accumulation
2013-05-15,6146.75,18.1299991607666,0.024930994618493872,Pre_Breakout_Accumulation,Pre_Breakout_Accumulation
2013-05-16,6169.89990234375,17.739999771118164,0.003759127650507598,Pre_Breakout_Accumulation,Pre_Breakout_Accumulation
2013-05-17,6187.2998046875,17.56999969482422,0.0028161580707262417,Pre_Breakout_Accumulation,Pre_Breakout_Accumulation
2013-05-20,6156.89990234375,17.709999084472656,-0.004925384313636034,Pre_Breakout_Accumulation,Pre_Breakout_Accumulation
2013-05-21,6114.10009765625,17.8799991607666,-0.006975793048095481,Pre_Breakout_Accumulation,Pre_Breakout_Accumulation
2013-05-22,6094.5,17.719999313354492,-0.0032108700979154446,Pre_Breakout_Accumulation,Pre_Breakout_Accumulation
2013-05-23,5967.0498046875,18.729999542236328,-0.021134089920608477,Pre_Breakout_Accumulation,Pre_Breakout_Accumulation
2013-05-24,5983.5498046875,17.700000762939453,0.002761369474992902,Pre_Breakout_Accumulation,Pre_Breakout_Accumulation
2013-05-27,6083.14990234375,17.030000686645508,0.016508633198256576,Pre_Breakout_Accumulation,Pre_Breakout_Accumulation
2013-05-28,6111.25,17.1200008392334,0.004608697044323107,Pre_Breakout_Accumulation,Pre_Breakout_Accumulation
2013-05-29,6104.2998046875,17.860000610351562,-0.0011379260325724719,Pre_Breakout_Accumulation,Pre_Breakout_Accumulation
2013-05-30,6124.0498046875,16.040000915527344,0.0032302015895608275,Pre_Breakout_Accumulation,Pre_Breakout_Accumulation
2013-05-31,5985.9501953125,16.989999771118164,-0.022808521266850956,Pre_Breakout_Accumulation,Pre_Breakout_Accumulation
2013-06-03,5939.2998046875,17.290000915527344,-0.007823840773196913,Pre_Breakout_Accumulation,Pre_Breakout_Accumulation
2013-06-04,5919.4501953125,17.260000228881836,-0.00334767625808323,Pre_Breakout_Accumulation,Pre_Breakout_Accumulation
2013-06-05,5923.85009765625,16.780000686645508,0.0007430196714316884,Pre_Breakout_Accumulation,Pre_Breakout_Accumulation
2013-06-06,5921.39990234375,17.350000381469727,-0.0004137009092160573,Pre_Breakout_Accumulation,Pre_Breakout_Accumulation
2013-06-07,5881.0,17.350000381469727,-0.006846075453972334,Pre_Breakout_Accumulation,Pre_Breakout_Accumulation
2013-06-10,5878.0,18.110000610351562,-0.0005102474810933533,Pre_Breakout_Accumulation,Pre_Breakout_Accumulation
2013-06-11,5788.7998046875,19.489999771118164,-0.01529158551760873,Pre_Breakout_Accumulation,Pre_Breakout_Accumulation
2013-06-12,5760.2001953125,18.850000381469727,-0.004952752244654958,Pre_Breakout_Accumulation,Pre_Breakout_Accumulation
2013-06-13,5699.10009765625,19.440000534057617,-0.010663945462104954,Pre_Breakout_Accumulation,Pre_Breakout_Accumulation
2013-06-14,5808.39990234375,18.350000381469727,0.018996844089153475,Pre_Breakout_Accumulation,Pre_Breakout_Accumulation
2013-06-17,5850.0498046875,18.18000030517578,0.007145045967808824,Pre_Breakout_Accumulation,Pre_Breakout_Accumulation
2013-06-18,5813.60009765625,18.290000915527344,-0.006250157711134042,Pre_Breakout_Accumulation,Pre_Breakout_Accumulation
2013-06-19,5822.25,18.459999084472656,0.0014867678535771553,Pre_Breakout_Accumulation,Pre_Breakout_Accumulation
2013-06-20,5655.89990234375,19.190000534057617,-0.028987554139514253,Pre_Breakout_Accumulation,Pre_Breakout_Accumulation
2013-06-21,5667.64990234375,19.030000686645508,0.0020753216826701094,Pre_Breakout_Accumulation,Pre_Breakout_Accumulation
2013-06-24,5590.25,21.010000228881836,-0.013750543628800106,Pre_Breakout_Accumulation,Pre_Breakout_Accumulation
2013-06-25,5609.10009765625,21.139999389648438,0.003366287381407146,Pre_Breakout_Accumulation,Pre_Breakout_Accumulation
2013-06-26,5588.7001953125,21.06999969482422,-0.0036435593381386397,Pre_Breakout_Accumulation,Pre_Breakout_Accumulation
2013-06-27,5682.35009765625,18.850000381469727,0.01661815982028318,Pre_Breakout_Accumulation,Pre_Breakout_Accumulation
2013-06-28,5842.2001953125,17.950000762939453,0.0277425749122853,Pre_Breakout_Accumulation,Pre_Breakout_Accumulation
2013-07-01,5898.85009765625,18.09000015258789,0.009649961552167819,Pre_Breakout_Accumulation,Pre_Breakout_Accumulation
2013-07-02,5857.5498046875,18.209999084472656,-0.007026039129586622,Pre_Breakout_Accumulation,Pre_Breakout_Accumulation
2013-07-03,5770.89990234375,18.90999984741211,-0.014903363447433636,Pre_Breakout_Accumulation,Pre_Breakout_Accumulation
2013-07-04,5836.9501953125,18.579999923706055,0.011380402965057766,Pre_Breakout_Accumulation,Pre_Breakout_Accumulation
2013-07-05,5867.89990234375,18.670000076293945,0.005288368309453251,Pre_Breakout_Accumulation,Pre_Breakout_Accumulation
2013-07-08,5811.5498046875,19.34000015258789,-0.009649518823911232,Pre_Breakout_Accumulation,Pre_Breakout_Accumulation
2013-07-09,5859.0,19.31999969482422,0.008131657474948715,Pre_Breakout_Accumulation,Pre_Breakout_Accumulation
2013-07-10,5816.7001953125,19.979999542236328,-0.007245816361832232,Pre_Breakout_Accumulation,Pre_Breakout_Accumulation
2013-07-11,5935.10009765625,18.889999389648438,0.02015076937254802,Pre_Breakout_Accumulation,Pre_Breakout_Accumulation
2013-07-12,6009.0,18.690000534057617,0.012374451778423527,Pre_Breakout_Accumulation,Pre_Breakout_Accumulation
2013-07-15,6030.7998046875,18.790000915527344,0.003621294184999039,Pre_Breakout_Accumulation,Pre_Breakout_Accumulation
2013-07-16,5955.25,18.989999771118164,-0.012606456082598512,Pre_Breakout_Accumulation,Pre_Breakout_Accumulation
2013-07-17,5973.2998046875,19.360000610351562,0.0030263223541821547,Pre_Breakout_Accumulation,Pre_Breakout_Accumulation
2013-07-18,6038.0498046875,18.270000457763672,0.010781573982748167,Pre_Breakout_Accumulation,Pre_Breakout_Accumulation
2013-07-19,6029.2001953125,18.1299991607666,-0.0014667154424545085,Pre_Breakout_Accumulation,Pre_Breakout_Accumulation
2013-07-22,6031.7998046875,17.6299991607666,0.00043107692815792104,Pre_Breakout_Accumulation,Pre_Breakout_Accumulation
2013-07-23,6077.7998046875,16.719999313354492,0.00759731497994169,Pre_Breakout_Accumulation,Pre_Breakout_Accumulation
2013-07-24,5990.5,16.90999984741211,-0.014467875158950037,Pre_Breakout_Accumulation,Pre_Breakout_Accumulation
2013-07-25,5907.5,16.719999313354492,-0.013952151018890876,Pre_Breakout_Accumulation,Pre_Breakout_Accumulation
2013-07-26,5886.2001953125,16.780000686645508,-0.0036120687304303763,Pre_Breakout_Accumulation,Pre_Breakout_Accumulation
2013-07-29,5831.64990234375,18.25,-0.009310698906358704,Pre_Breakout_Accumulation,Pre_Breakout_Accumulation
2013-07-30,5755.0498046875,18.1200008392334,-0.013222266146311269,Pre_Breakout_Accumulation,Pre_Breakout_Accumulation
2013-07-31,5742.0,18.770000457763672,-0.0022701145969533727,Pre_Breakout_Accumulation,Pre_Breakout_Accumulation
2013-08-01,5727.85009765625,19.809999465942383,-0.0024673224848824594,Pre_Breakout_Accumulation,Pre_Breakout_Accumulation
2013-08-02,5677.89990234375,20.889999389648438,-0.008758830352814497,Pre_Breakout_Accumulation,Pre_Breakout_Accumulation
2013-08-05,5685.39990234375,20.799999237060547,0.0013200392875264806,Pre_Breakout_Accumulation,Pre_Breakout_Accumulation
2013-08-06,5542.25,22.729999542236328,-0.025500912656776276,Pre_Breakout_Accumulation,Pre_Breakout_Accumulation
2013-08-07,5519.10009765625,22.040000915527344,-0.004185734279980768,Pre_Breakout_Accumulation,Pre_Breakout_Accumulation
2013-08-08,5565.64990234375,21.190000534057617,0.008398940586119187,Pre_Breakout_Accumulation,Pre_Breakout_Accumulation
2013-08-12,5612.39990234375,21.280000686645508,0.008364656339552535,Pre_Breakout_Accumulation,Pre_Breakout_Accumulation
2013-08-13,5699.2998046875,19.260000228881836,0.015364907874385061,Pre_Breakout_Accumulation,Pre_Breakout_Accumulation
2013-08-14,5742.2998046875,18.700000762939453,0.007516466913095698,Pre_Breakout_Accumulation,Pre_Breakout_Accumulation
2013-08-16,5507.85009765625,23.639999389648438,-0.04168542781460944,Pre_Breakout_Accumulation,Pre_Breakout_Accumulation
2013-08-19,5414.75,25.59000015258789,-0.0170476537750192,Pre_Breakout_Accumulation,Pre_Breakout_Accumulation
2013-08-20,5401.4501953125,27.229999542236328,-0.002459239132094885,Pre_Breakout_Accumulation,Pre_Breakout_Accumulation
2013-08-21,5302.5498046875,28.09000015258789,-0.018479672110444576,Pre_Breakout_Accumulation,Pre_Breakout_Accumulation
2013-08-22,5408.4501953125,29.059999465942383,0.019774781357612244,Pre_Breakout_Accumulation,Pre_Breakout_Accumulation
2013-08-23,5471.75,25.75,0.011635910691516363,Pre_Breakout_Accumulation,Pre_Breakout_Accumulation
2013-08-26,5476.5,26.3799991607666,0.0008677186396066932,Pre_Breakout_Accumulation,Pre_Breakout_Accumulation
2013-08-27,5287.4501953125,29.420000076293945,-0.0351300857798711,Pre_Breakout_Accumulation,Pre_Breakout_Accumulation
2013-08-28,5285.0,32.380001068115234,-0.0004635056795921676,Pre_Breakout_Accumulation,Pre_Breakout_Accumulation
2013-08-29,5409.0498046875,29.40999984741211,0.023200821268735756,Pre_Breakout_Accumulation,Pre_Breakout_Accumulation
2013-08-30,5471.7998046875,27.809999465942383,0.01153415365937455,Pre_Breakout_Accumulation,Pre_Breakout_Accumulation
2013-09-02,5550.75,27.549999237060547,0.0143254595132373,Pre_Breakout_Accumulation,Pre_Breakout_Accumulation
2013-09-03,5341.4501953125,32.4900016784668,-0.038435865504589016,Pre_Breakout_Accumulation,Pre_Breakout_Accumulation
2013-09-04,5448.10009765625,31.110000610351562,0.019769753704386283,Pre_Breakout_Accumulation,Pre_Breakout_Accumulation
2013-09-05,5592.9501953125,28.530000686645508,0.026239969011229082,Pre_Breakout_Accumulation,Pre_Breakout_Accumulation
2013-09-06,5680.39990234375,28.649999618530273,0.015514724622354844,Pre_Breakout_Accumulation,Pre_Breakout_Accumulation
2013-09-10,5896.75,29.440000534057617,0.03737971608491806,Pre_Breakout_Accumulation,Pre_Breakout_Accumulation
2013-09-11,5913.14990234375,29.75,0.0027773161535761984,Pre_Breakout_Accumulation,Pre_Breakout_Accumulation
2013-09-12,5850.7001953125,29.709999084472656,-0.010617322247705436,Pre_Breakout_Accumulation,Pre_Breakout_Accumulation
2013-09-13,5850.60009765625,28.290000915527344,-1.7108809063270718e-05,Pre_Breakout_Accumulation,Pre_Breakout_Accumulation
2013-09-16,5840.5498046875,28.81999969482422,-0.0017192997315773116,Pre_Breakout_Accumulation,Pre_Breakout_Accumulation
2013-09-17,5850.2001953125,27.93000030517578,0.0016509450320878272,Pre_Breakout_Accumulation,Pre_Breakout_Accumulation
2013-09-18,5899.4501953125,27.690000534057617,0.008383277255138238,Pre_Breakout_Accumulation,Pre_Breakout_Accumulation
2013-09-19,6115.5498046875,24.5,0.035975516586889605,Pre_Breakout_Accumulation,Pre_Breakout_Accumulation
2013-09-20,6012.10009765625,24.729999542236328,-0.01706055452564804,Pre_Breakout_Accumulation,Pre_Breakout_Accumulation
2013-09-23,5889.75,27.020000457763672,-0.02056056945458911,Pre_Breakout_Accumulation,Pre_Breakout_Accumulation
2013-09-24,5892.4501953125,26.719999313354492,0.0004583516346713625,Pre_Breakout_Accumulation,Pre_Breakout_Accumulation
2013-09-25,5873.85009765625,25.68000030517578,-0.0031615907611521666,Pre_Breakout_Accumulation,Steady_Uptrend
2013-09-26,5882.25,24.0,0.0014290289642726517,Steady_Uptrend,Steady_Uptrend
2013-09-27,5833.2001953125,24.059999465942383,-0.008373573438567785,Steady_Uptrend,Steady_Uptrend
2013-09-30,5735.2998046875,26.649999618530273,-0.01692574280654838,Steady_Uptrend,Bearish_Distribution
2013-10-01,5780.0498046875,25.770000457763672,0.007772273841471294,Bearish_Distribution,Bearish_Distribution
2013-10-03,5909.7001953125,25.170000076293945,0.02218280238265632,Bearish_Distribution,Bearish_Distribution
2013-10-04,5907.2998046875,26.1299991607666,-0.0004062605835685447,Bearish_Distribution,Bearish_Distribution
2013-10-07,5906.14990234375,26.829999923706055,-0.00019467680921306599,Bearish_Distribution,Bearish_Distribution
2013-10-08,5928.39990234375,26.549999237060547,0.0037601812630294537,Bearish_Distribution,Bearish_Distribution
2013-10-09,6007.4501953125,25.8700008392334,0.013246052547886104,Bearish_Distribution,Bearish_Distribution
2013-10-10,6020.9501953125,25.8799991607666,0.002244688442359527,Bearish_Distribution,Pre_Breakout_Accumulation
2013-10-11,6096.2001953125,23.59000015258789,0.012420571665258479,Pre_Breakout_Accumulation,Pre_Breakout_Accumulation
2013-10-14,6112.7001953125,22.850000381469727,0.0027029477705162687,Pre_Breakout_Accumulation,Pre_Breakout_Accumulation
2013-10-15,6089.0498046875,23.239999771118164,-0.0038765620083412522,Pre_Breakout_Accumulation,Pre_Breakout_Accumulation
2013-10-17,6045.85009765625,21.059999465942383,-0.007119941635177799,Pre_Breakout_Accumulation,Pre_Breakout_Accumulation
2013-10-18,6189.35009765625,20.1200008392334,0.02345798647282757,Pre_Breakout_Accumulation,Pre_Breakout_Accumulation
2013-10-21,6204.9501953125,20.18000030517578,0.0025173031999250295,Pre_Breakout_Accumulation,Pre_Breakout_Accumulation
2013-10-22,6202.7998046875,19.959999084472656,-0.0003466205632012109,Pre_Breakout_Accumulation,Pre_Breakout_Accumulation
2013-10-23,6178.35009765625,20.350000381469727,-0.003949510183774189,Pre_Breakout_Accumulation,Pre_Breakout_Accumulation
2013-10-24,6164.35009765625,20.639999389648438,-0.0022685483374774457,Pre_Breakout_Accumulation,Pre_Breakout_Accumulation
2013-10-25,6144.89990234375,20.420000076293945,-0.003160259398470375,Pre_Breakout_Accumulation,Pre_Breakout_Accumulation
2013-10-28,6101.10009765625,21.290000915527344,-0.007153354803001501,Pre_Breakout_Accumulation,Pre_Breakout_Accumulation
2013-10-29,6220.89990234375,19.760000228881836,0.019445476322178384,Pre_Breakout_Accumulation,Pre_Breakout_Accumulation
2013-10-30,6251.7001953125,19.530000686645508,0.004938882885003037,Pre_Breakout_Accumulation,Pre_Breakout_Accumulation
2013-10-31,6299.14990234375,18.389999389648438,0.007561230152356484,Pre_Breakout_Accumulation,Pre_Breakout_Accumulation
2013-11-01,6307.2001953125,18.639999389648438,0.0012771807859823679,Pre_Breakout_Accumulation,Pre_Breakout_Accumulation
2013-11-05,6253.14990234375,19.940000534057617,-0.008606547777017665,Pre_Breakout_Accumulation,Pre_Breakout_Accumulation
2013-11-06,6215.14990234375,20.25,-0.00609547705014856,Pre_Breakout_Accumulation,Pre_Breakout_Accumulation
2013-11-07,6187.25,19.8700008392334,-0.004499121077551629,Pre_Breakout_Accumulation,Pre_Breakout_Accumulation
2013-11-08,6140.75,19.639999389648438,-0.007543838501638632,Pre_Breakout_Accumulation,Pre_Breakout_Accumulation
2013-11-11,6078.7998046875,19.979999542236328,-0.010139608589296157,Pre_Breakout_Accumulation,Pre_Breakout_Accumulation
2013-11-12,6018.0498046875,20.860000610351562,-0.010044021820206814,Pre_Breakout_Accumulation,Pre_Breakout_Accumulation
2013-11-13,5989.60009765625,20.450000762939453,-0.004738605888357065,Pre_Breakout_Accumulation,Pre_Breakout_Accumulation
2013-11-14,6056.14990234375,19.260000228881836,0.011049620288933722,Pre_Breakout_Accumulation,Pre_Breakout_Accumulation
2013-11-18,6189.0,18.81999969482422,0.021699254229649953,Pre_Breakout_Accumulation,Pre_Breakout_Accumulation
2013-11-19,6203.35009765625,19.299999237060547,0.0023159616952837573,Pre_Breakout_Accumulation,Pre_Breakout_Accumulation
2013-11-20,6122.89990234375,20.829999923706055,-0.013053659902868716,Pre_Breakout_Accumulation,Pre_Breakout_Accumulation
2013-11-21,5999.0498046875,21.139999389648438,-0.020434733748201976,Pre_Breakout_Accumulation,Pre_Breakout_Accumulation
2013-11-22,5995.4501953125,20.040000915527344,-0.0006002100100985879,Pre_Breakout_Accumulation,Pre_Breakout_Accumulation
2013-11-25,6115.35009765625,21.049999237060547,0.019801138983068924,Pre_Breakout_Accumulation,Pre_Breakout_Accumulation
2013-11-26,6059.10009765625,21.59000015258789,-0.00924072945680619,Pre_Breakout_Accumulation,Pre_Breakout_Accumulation
2013-11-27,6057.10009765625,21.139999389648438,-0.0003301365091241254,Pre_Breakout_Accumulation,Pre_Breakout_Accumulation
2013-11-28,6091.85009765625,20.709999084472656,0.005720674496259994,Pre_Breakout_Accumulation,Pre_Breakout_Accumulation
2013-11-29,6176.10009765625,21.3799991607666,0.01373519180845845,Pre_Breakout_Accumulation,Pre_Breakout_Accumulation
2013-12-02,6217.85009765625,23.360000610351562,0.006737183425796762,Pre_Breakout_Accumulation,Pre_Breakout_Accumulation
2013-12-03,6201.85009765625,24.719999313354492,-0.002576553153439162,Pre_Breakout_Accumulation,Pre_Breakout_Accumulation
2013-12-04,6160.9501953125,23.709999084472656,-0.006616632250020927,Pre_Breakout_Accumulation,Pre_Breakout_Accumulation
2013-12-05,6241.10009765625,21.68000030517578,0.012925446408512491,Pre_Breakout_Accumulation,Pre_Breakout_Accumulation
2013-12-06,6259.89990234375,22.209999084472656,0.003007730399185639,Pre_Breakout_Accumulation,Pre_Breakout_Accumulation
2013-12-09,6363.89990234375,19.15999984741211,0.016477186675700303,Pre_Breakout_Accumulation,Pre_Breakout_Accumulation
2013-12-10,6332.85009765625,17.979999542236328,-0.004890994401687254,Pre_Breakout_Accumulation,Pre_Breakout_Accumulation
2013-12-11,6307.89990234375,17.540000915527344,-0.003947586608913919,Pre_Breakout_Accumulation,Pre_Breakout_Accumulation
2013-12-12,6237.0498046875,17.739999771118164,-0.011295517736679127,Pre_Breakout_Accumulation,Pre_Breakout_Accumulation
2013-12-13,6168.39990234375,17.84000015258789,-0.01106781370198504,Pre_Breakout_Accumulation,Pre_Breakout_Accumulation
2013-12-16,6154.7001953125,18.360000610351562,-0.0022234198483338887,Pre_Breakout_Accumulation,Pre_Breakout_Accumulation
2013-12-17,6139.0498046875,18.329999923706055,-0.0025460740749505,Pre_Breakout_Accumulation,Pre_Breakout_Accumulation
2013-12-18,6217.14990234375,17.540000915527344,0.012641611434832655,Pre_Breakout_Accumulation,Pre_Breakout_Accumulation
2013-12-19,6166.64990234375,16.579999923706055,-0.008155861807590793,Pre_Breakout_Accumulation,Pre_Breakout_Accumulation
2013-12-20,6274.25,16.020000457763672,0.017298231088561187,Pre_Breakout_Accumulation,Pre_Breakout_Accumulation
2013-12-23,6284.5,16.260000228881836,0.0016323284205711835,Pre_Breakout_Accumulation,Pre_Breakout_Accumulation
2013-12-24,6268.39990234375,15.579999923706055,-0.002565161294966418,Pre_Breakout_Accumulation,Pre_Breakout_Accumulation
2013-12-26,6278.89990234375,14.880000114440918,0.001673667261396705,Pre_Breakout_Accumulation,Pre_Breakout_Accumulation
2013-12-27,6313.7998046875,14.65999984741211,0.0055428927092751245,Pre_Breakout_Accumulation,Pre_Breakout_Accumulation
2013-12-30,6291.10009765625,15.079999923706055,-0.003601731349932257,Pre_Breakout_Accumulation,Pre_Breakout_Accumulation
2013-12-31,6304.0,15.119999885559082,0.0020484008470497933,Pre_Breakout_Accumulation,Pre_Breakout_Accumulation
2014-01-02,6221.14990234375,16.549999237060547,-0.013229591131722482,Pre_Breakout_Accumulation,Pre_Breakout_Accumulation
2014-01-03,6211.14990234375,15.869999885559082,-0.001608713160675422,Pre_Breakout_Accumulation,Pre_Breakout_Accumulation
2014-01-06,6191.4501953125,16.5,-0.0031767086647526764,Pre_Breakout_Accumulation,Pre_Breakout_Accumulation
2014-01-07,6162.25,16.31999969482422,-0.004727369003838941,Pre_Breakout_Accumulation,Pre_Breakout_Accumulation
2014-01-08,6174.60009765625,16.31999969482422,0.0020021483091771735,Pre_Breakout_Accumulation,Pre_Breakout_Accumulation
2014-01-09,6168.35009765625,16.18000030517578,-0.0010127239331396106,Pre_Breakout_Accumulation,Pre_Breakout_Accumulation
2014-01-10,6171.4501953125,15.579999923706055,0.0005024550880677336,Pre_Breakout_Accumulation,Pre_Breakout_Accumulation
2014-01-13,6272.75,15.949999809265137,0.01628100492203701,Pre_Breakout_Accumulation,Pre_Breakout_Accumulation
2014-01-14,6241.85009765625,15.739999771118164,-0.004938226534857065,Pre_Breakout_Accumulation,Pre_Breakout_Accumulation
2014-01-15,6320.89990234375,15.420000076293945,0.012584959187806487,Pre_Breakout_Accumulation,Pre_Breakout_Accumulation
2014-01-16,6318.89990234375,15.539999961853027,-0.0003164607110232277,Pre_Breakout_Accumulation,Pre_Breakout_Accumulation
2014-01-17,6261.64990234375,15.40999984741211,-0.009101413862469748,Pre_Breakout_Accumulation,Pre_Breakout_Accumulation
2014-01-20,6303.9501953125,15.350000381469727,0.006732738974413205,Pre_Breakout_Accumulation,Pre_Breakout_Accumulation
2014-01-21,6313.7998046875,15.550000190734863,0.00156123102385989,Pre_Breakout_Accumulation,Pre_Breakout_Accumulation
2014-01-22,6338.9501953125,15.850000381469727,0.0039754873445066955,Pre_Breakout_Accumulation,Pre_Breakout_Accumulation
2014-01-23,6345.64990234375,15.579999923706055,0.0010563529953923905,Pre_Breakout_Accumulation,Pre_Breakout_Accumulation
2014-01-24,6266.75,15.829999923706055,-0.012511644446641086,Pre_Breakout_Accumulation,Pre_Breakout_Accumulation
2014-01-27,6135.85009765625,18.670000076293945,-0.02110924516297498,Pre_Breakout_Accumulation,Pre_Breakout_Accumulation
2014-01-28,6126.25,17.719999313354492,-0.0015658165471230908,Pre_Breakout_Accumulation,Pre_Breakout_Accumulation
2014-01-29,6120.25,18.040000915527344,-0.0009798718785080376,Pre_Breakout_Accumulation,Pre_Breakout_Accumulation
2014-01-30,6073.7001953125,17.25,-0.007634938648466337,Pre_Breakout_Accumulation,Pre_Breakout_Accumulation
2014-01-31,6089.5,16.81999969482422,0.002597969830382306,Pre_Breakout_Accumulation,Pre_Breakout_Accumulation
2014-02-03,6001.7998046875,18.270000457763672,-0.014506584850296355,Pre_Breakout_Accumulation,Pre_Breakout_Accumulation
2014-02-04,6000.89990234375,18.690000534057617,-0.00014994998915273514,Pre_Breakout_Accumulation,Pre_Breakout_Accumulation
2014-02-05,6022.39990234375,18.93000030517578,0.0035763930477856866,Pre_Breakout_Accumulation,Pre_Breakout_Accumulation
2014-02-06,6036.2998046875,18.940000534057617,0.0023053743500808565,Pre_Breakout_Accumulation,Pre_Breakout_Accumulation
2014-02-07,6063.2001953125,18.549999237060547,0.004446536625011425,Pre_Breakout_Accumulation,Pre_Breakout_Accumulation
2014-02-10,6053.4501953125,19.049999237060547,-0.0016093560167322405,Pre_Breakout_Accumulation,Pre_Breakout_Accumulation
2014-02-11,6062.7001953125,18.6299991607666,0.0015268879138819519,Pre_Breakout_Accumulation,Pre_Breakout_Accumulation
2014-02-12,6084.0,17.43000030517578,0.003507096771439477,Pre_Breakout_Accumulation,Pre_Breakout_Accumulation
2014-02-13,6001.10009765625,17.799999237060547,-0.013719572366101803,Pre_Breakout_Accumulation,Pre_Breakout_Accumulation
2014-02-14,6048.35009765625,16.65999984741211,0.007842721688164616,Pre_Breakout_Accumulation,Pre_Breakout_Accumulation
2014-02-18,6127.10009765625,15.40999984741211,0.012936047030872241,Pre_Breakout_Accumulation,Pre_Breakout_Accumulation
2014-02-19,6152.75,15.069999694824219,0.004177565596221632,Pre_Breakout_Accumulation,Pre_Breakout_Accumulation
2014-02-20,6091.4501953125,15.15999984741211,-0.010012955663091487,Pre_Breakout_Accumulation,Pre_Breakout_Accumulation
2014-02-21,6155.4501953125,14.039999961853027,0.010451719302448996,Pre_Breakout_Accumulation,Pre_Breakout_Accumulation
2014-02-24,6186.10009765625,14.359999656677246,0.004966955468135648,Pre_Breakout_Accumulation,Pre_Breakout_Accumulation
2014-02-25,6200.0498046875,13.949999809265137,0.002252469579198007,Pre_Breakout_Accumulation,Pre_Breakout_Accumulation
2014-02-26,6238.7998046875,13.960000038146973,0.006230499856538058,Pre_Breakout_Accumulation,Pre_Breakout_Accumulation
2014-02-28,6276.9501953125,14.180000305175781,0.00609639994140803,Pre_Breakout_Accumulation,Pre_Breakout_Accumulation
2014-03-03,6221.4501953125,15.279999732971191,-0.008881194883291635,Pre_Breakout_Accumulation,Pre_Breakout_Accumulation
2014-03-04,6297.9501953125,14.390000343322754,0.012221184683582093,Pre_Breakout_Accumulation,Pre_Breakout_Accumulation
2014-03-05,6328.64990234375,13.84000015258789,0.0048627132066446956,Pre_Breakout_Accumulation,Pre_Breakout_Accumulation
2014-03-06,6401.14990234375,14.479999542236328,0.011390718629937804,Pre_Breakout_Accumulation,Pre_Breakout_Accumulation
2014-03-07,6526.64990234375,16.719999313354492,0.01941613337444026,Pre_Breakout_Accumulation,Pre_Breakout_Accumulation
2014-03-10,6537.25,17.780000686645508,0.0016228078999031938,Pre_Breakout_Accumulation,Pre_Breakout_Accumulation
2014-03-11,6511.89990234375,17.329999923706055,-0.0038853304216658053,Pre_Breakout_Accumulation,Pre_Breakout_Accumulation
2014-03-12,6516.89990234375,17.040000915527344,0.0007675304433891083,Pre_Breakout_Accumulation,Pre_Breakout_Accumulation
2014-03-13,6493.10009765625,16.81999969482422,-0.0036586981147299726,Pre_Breakout_Accumulation,Pre_Breakout_Accumulation
2014-03-14,6504.2001953125,16.450000762939453,0.00170806245985478,Pre_Breakout_Accumulation,Pre_Breakout_Accumulation
2014-03-18,6516.64990234375,17.1299991607666,0.0019122731206803513,Pre_Breakout_Accumulation,Pre_Breakout_Accumulation
2014-03-19,6524.0498046875,16.8799991607666,0.0011348935723144095,Pre_Breakout_Accumulation,Pre_Breakout_Accumulation
2014-03-20,6483.10009765625,16.90999984741211,-0.006296512707220438,Pre_Breakout_Accumulation,Pre_Breakout_Accumulation
2014-03-21,6493.2001953125,16.18000030517578,0.001556699439417862,Pre_Breakout_Accumulation,Pre_Breakout_Accumulation
2014-03-24,6583.5,16.540000915527344,0.013811013280164102,Pre_Breakout_Accumulation,Pre_Breakout_Accumulation
2014-03-25,6589.75,16.920000076293945,0.0009488927134847534,Pre_Breakout_Accumulation,Pre_Breakout_Accumulation
2014-03-26,6601.39990234375,17.770000457763672,0.0017663214289679917,Pre_Breakout_Accumulation,Pre_Breakout_Accumulation
2014-03-27,6641.75,18.3700008392334,0.006093750024184339,Pre_Breakout_Accumulation,Pre_Breakout_Accumulation
2014-03-28,6695.89990234375,18.6299991607666,0.00811990122114581,Pre_Breakout_Accumulation,Pre_Breakout_Accumulation
2014-03-31,6704.2001953125,21.6200008392334,0.0012388406011620149,Pre_Breakout_Accumulation,Pre_Breakout_Accumulation
2014-04-01,6721.0498046875,20.690000534057617,0.0025101384662722147,Pre_Breakout_Accumulation,Pre_Breakout_Accumulation
2014-04-02,6752.5498046875,21.209999084472656,0.004675819128421151,Pre_Breakout_Accumulation,Pre_Breakout_Accumulation
2014-04-03,6736.10009765625,22.110000610351562,-0.0024390454649215365,Pre_Breakout_Accumulation,Pre_Breakout_Accumulation
2014-04-04,6694.35009765625,22.690000534057617,-0.006217235293906131,Pre_Breakout_Accumulation,Pre_Breakout_Accumulation
2014-04-07,6695.0498046875,24.950000762939453,0.0001045165633993392,Pre_Breakout_Accumulation,Pre_Breakout_Accumulation
2014-04-09,6796.2001953125,26.90999984741211,0.014995242988600424,Pre_Breakout_Accumulation,Pre_Breakout_Accumulation
2014-04-10,6796.39990234375,28.719999313354492,2.9384669574600685e-05,Pre_Breakout_Accumulation,Pre_Breakout_Accumulation
2014-04-11,6776.2998046875,29.190000534057617,-0.0029618444059262942,Pre_Breakout_Accumulation,Pre_Breakout_Accumulation
2014-04-15,6733.10009765625,31.8799991607666,-0.006395525277556329,Pre_Breakout_Accumulation,Steady_Uptrend
2014-04-16,6675.2998046875,31.15999984741211,-0.008621558339553982,Steady_Uptrend,Steady_Uptrend
2014-04-17,6779.39990234375,30.850000381469727,0.015474470218657372,Steady_Uptrend,Steady_Uptrend
2014-04-21,6817.64990234375,34.38999938964844,0.005626235315480606,Steady_Uptrend,Bearish_Distribution
2014-04-22,6815.35009765625,33.349998474121094,-0.0003373879130515304,Bearish_Distribution,Bearish_Distribution
2014-04-23,6840.7998046875,31.1299991607666,0.00372721984979212,Bearish_Distribution,Bearish_Distribution
2014-04-25,6782.75,30.68000030517578,-0.008522030871778505,Bearish_Distribution,Bearish_Distribution
2014-04-28,6761.25,31.389999389648438,-0.003174840233210194,Bearish_Distribution,Bearish_Distribution
2014-04-29,6715.25,31.049999237060547,-0.006826724839414866,Bearish_Distribution,Bearish_Distribution
2014-04-30,6696.39990234375,30.59000015258789,-0.0028110053879877397,Bearish_Distribution,Bearish_Distribution
2014-05-02,6694.7998046875,33.060001373291016,-0.0002389774925132282,Bearish_Distribution,Bearish_Distribution
2014-05-05,6699.35009765625,34.189998626708984,0.0006794448586849589,Bearish_Distribution,Bearish_Distribution
2014-05-06,6715.2998046875,33.27000045776367,0.002377954648569805,Bearish_Distribution,Bearish_Distribution
2014-05-07,6652.5498046875,33.61000061035156,-0.009388265536980073,Bearish_Distribution,Bearish_Distribution
2014-05-08,6659.85009765625,34.29999923706055,0.0010967659857117281,Bearish_Distribution,Pre_Breakout_Accumulation
2014-05-09,6858.7998046875,37.709999084472656,0.029435494406797515,Pre_Breakout_Accumulation,Pre_Breakout_Accumulation
2014-05-12,7014.25,37.099998474121094,0.02241132323613701,Pre_Breakout_Accumulation,Pre_Breakout_Accumulation
2014-05-13,7108.75,32.04999923706055,0.013382625556367727,Pre_Breakout_Accumulation,Pre_Breakout_Accumulation
2014-05-14,7108.75,32.41999816894531,0.0,Pre_Breakout_Accumulation,Pre_Breakout_Accumulation
2014-05-15,7123.14990234375,36.77000045776367,0.0020236099686651147,Pre_Breakout_Accumulation,Pre_Breakout_Accumulation
2014-05-16,7203.0,24.290000915527344,0.011147576299688492,Pre_Breakout_Accumulation,Pre_Breakout_Accumulation
2014-05-19,7263.5498046875,20.6299991607666,0.008371057244219524,Pre_Breakout_Accumulation,Pre_Breakout_Accumulation
2014-05-20,7275.5,19.229999542236328,0.0016438760667509807,Bearish_Distribution,Bearish_Distribution
2014-05-21,7252.89990234375,17.90999984741211,-0.003111163794727852,Bearish_Distribution,Bearish_Distribution
2014-05-22,7276.39990234375,17.84000015258789,0.003234845561498608,Bearish_Distribution,Bearish_Distribution
2014-05-23,7367.10009765625,17.700000762939453,0.012387933925730808,Bearish_Distribution,Bearish_Distribution
2014-05-26,7359.0498046875,19.84000015258789,-0.0010933331283551897,Bearish_Distribution,Bearish_Distribution
2014-05-27,7318.0,19.100000381469727,-0.0055937551853276766,Bearish_Distribution,Bearish_Distribution
2014-05-28,7329.64990234375,17.559999465942383,0.0015906858612653664,Bearish_Distribution,Bearish_Distribution
2014-05-29,7235.64990234375,16.690000534057617,-0.012907568856390952,Bearish_Distribution,Bearish_Distribution
2014-05-30,7229.9501953125,16.34000015258789,-0.0007880360700878707,Bearish_Distribution,Bearish_Distribution
2014-06-02,7362.5,16.5,0.018167401445903533,Steady_Uptrend,Steady_Uptrend
2014-06-03,7415.85009765625,15.800000190734863,0.007220065712657715,Steady_Uptrend,Steady_Uptrend
2014-06-04,7402.25,15.569999694824219,-0.0018356066412509439,Steady_Uptrend,Steady_Uptrend
2014-06-05,7474.10009765625,15.449999809265137,0.009659715706976952,Steady_Uptrend,Steady_Uptrend
2014-06-06,7583.39990234375,15.979999542236328,0.014517911265275567,Steady_Uptrend,Steady_Uptrend
2014-06-09,7654.60009765625,17.100000381469727,0.009345152051744758,Steady_Uptrend,Steady_Uptrend
2014-06-10,7656.39990234375,16.65999984741211,0.00023509956185606317,Steady_Uptrend,Steady_Uptrend
2014-06-11,7626.85009765625,17.059999465942383,-0.003866957814588266,Steady_Uptrend,Steady_Uptrend
2014-06-12,7649.89990234375,16.899999618530273,0.003017634271514681,Steady_Uptrend,Steady_Uptrend
2014-06-13,7542.10009765625,17.760000228881836,-0.01419189231300482,Steady_Uptrend,Steady_Uptrend
2014-06-16,7533.5498046875,17.979999542236328,-0.0011343184460937106,Steady_Uptrend,Steady_Uptrend
2014-06-17,7631.7001953125,17.700000762939453,0.012944298456771088,Steady_Uptrend,Steady_Uptrend
2014-06-18,7558.2001953125,18.579999923706055,-0.00967755834425001,Steady_Uptrend,Steady_Uptrend
2014-06-19,7540.7001953125,18.739999771118164,-0.002318050637252134,Steady_Uptrend,Steady_Uptrend
2014-06-20,7511.4501953125,18.850000381469727,-0.0038864927679996926,Steady_Uptrend,Steady_Uptrend
2014-06-23,7493.35009765625,18.959999084472656,-0.002412575453478406,Steady_Uptrend,Steady_Uptrend
2014-06-24,7580.2001953125,19.190000534057617,0.011523636710027154,Steady_Uptrend,Pre_Breakout_Accumulation
2014-06-25,7569.25,18.309999465942383,-0.0014456230527611481,Pre_Breakout_Accumulation,Pre_Breakout_Accumulation
2014-06-26,7493.2001953125,17.700000762939453,-0.010098018573784505,Pre_Breakout_Accumulation,Pre_Breakout_Accumulation
2014-06-27,7508.7998046875,17.6299991607666,0.0020796713768032227,Pre_Breakout_Accumulation,Pre_Breakout_Accumulation
2014-06-30,7611.35009765625,17.8700008392334,0.013564927084193412,Pre_Breakout_Accumulation,Pre_Breakout_Accumulation
2014-07-01,7634.7001953125,17.65999984741211,0.0030631036189189007,Pre_Breakout_Accumulation,Pre_Breakout_Accumulation
2014-07-02,7725.14990234375,17.56999969482422,0.01177755667969897,Pre_Breakout_Accumulation,Pre_Breakout_Accumulation
2014-07-03,7714.7998046875,17.809999465942383,-0.00134069079277555,Pre_Breakout_Accumulation,Pre_Breakout_Accumulation
2014-07-04,7751.60009765625,18.15999984741211,0.004758749631257964,Pre_Breakout_Accumulation,Pre_Breakout_Accumulation
2014-07-07,7787.14990234375,19.40999984741211,0.004575640474488179,Pre_Breakout_Accumulation,Pre_Breakout_Accumulation
2014-07-08,7623.2001953125,19.18000030517578,-0.02127867207000753,Pre_Breakout_Accumulation,Pre_Breakout_Accumulation
2014-07-09,7585.0,18.190000534057617,-0.005023641872147828,Pre_Breakout_Accumulation,Pre_Breakout_Accumulation
2014-07-10,7567.75,15.970000267028809,-0.0022768154231857557,Pre_Breakout_Accumulation,Pre_Breakout_Accumulation
2014-07-11,7459.60009765625,15.720000267028809,-0.014393990810803546,Pre_Breakout_Accumulation,Pre_Breakout_Accumulation
2014-07-14,7454.14990234375,15.5600004196167,-0.0007308953891714673,Pre_Breakout_Accumulation,Pre_Breakout_Accumulation
2014-07-15,7526.64990234375,14.770000457763672,0.009679131549908635,Pre_Breakout_Accumulation,Pre_Breakout_Accumulation
2014-07-16,7624.39990234375,14.729999542236328,0.012903575337152367,Pre_Breakout_Accumulation,Pre_Breakout_Accumulation
2014-07-17,7640.4501953125,14.970000267028809,0.002102909465983186,Pre_Breakout_Accumulation,Pre_Breakout_Accumulation
2014-07-18,7663.89990234375,15.100000381469727,0.0030644522939827193,Pre_Breakout_Accumulation,Pre_Breakout_Accumulation
2014-07-21,7684.2001953125,14.899999618530273,0.0026453182709969426,Pre_Breakout_Accumulation,Pre_Breakout_Accumulation
2014-07-22,7767.85009765625,14.640000343322754,0.01082713528937421,Pre_Breakout_Accumulation,Pre_Breakout_Accumulation
2014-07-23,7795.75,14.6899995803833,0.0035852800193615086,Pre_Breakout_Accumulation,Pre_Breakout_Accumulation
2014-07-24,7830.60009765625,14.720000267028809,0.004460434486412476,Pre_Breakout_Accumulation,Pre_Breakout_Accumulation
2014-07-25,7790.4501953125,14.220000267028809,-0.005140498238365478,Pre_Breakout_Accumulation,Pre_Breakout_Accumulation
2014-07-28,7748.7001953125,14.319999694824219,-0.005373537086780802,Pre_Breakout_Accumulation,Pre_Breakout_Accumulation
2014-07-30,7791.39990234375,13.890000343322754,0.005495436222823544,Pre_Breakout_Accumulation,Pre_Breakout_Accumulation
2014-07-31,7721.2998046875,13.819999694824219,-0.009037830441044684,Pre_Breakout_Accumulation,Pre_Breakout_Accumulation
2014-08-01,7602.60009765625,15.220000267028809,-0.015492411451246685,Pre_Breakout_Accumulation,Pre_Breakout_Accumulation
2014-08-04,7683.64990234375,14.819999694824219,0.010604375070275692,Pre_Breakout_Accumulation,Pre_Breakout_Accumulation
2014-08-05,7746.5498046875,13.949999809265137,0.00815287578222499,Pre_Breakout_Accumulation,Pre_Breakout_Accumulation
2014-08-06,7672.0498046875,14.300000190734863,-0.009663728440738909,Pre_Breakout_Accumulation,Pre_Breakout_Accumulation
2014-08-07,7649.25,14.140000343322754,-0.0029762254910542657,Pre_Breakout_Accumulation,Pre_Breakout_Accumulation
2014-08-08,7568.5498046875,14.619999885559082,-0.010606126094877983,Pre_Breakout_Accumulation,Pre_Breakout_Accumulation
2014-08-11,7625.9501953125,14.0,0.007555452786540585,Pre_Breakout_Accumulation,Pre_Breakout_Accumulation
2014-08-12,7727.0498046875,13.470000267028809,0.013170203962401476,Pre_Breakout_Accumulation,Pre_Breakout_Accumulation
2014-08-13,7739.5498046875,13.760000228881836,0.0016163866702790495,Pre_Breakout_Accumulation,Pre_Breakout_Accumulation
2014-08-14,7791.7001953125,13.220000267028809,0.0067155684981506794,Pre_Breakout_Accumulation,Pre_Breakout_Accumulation
2014-08-18,7874.25,13.5,0.010538852441929612,Pre_Breakout_Accumulation,Pre_Breakout_Accumulation
2014-08-19,7897.5,13.90999984741211,0.0029483116130798108,Pre_Breakout_Accumulation,Pre_Breakout_Accumulation
2014-08-20,7875.2998046875,13.65999984741211,-0.0028149992705591483,Pre_Breakout_Accumulation,Pre_Breakout_Accumulation
2014-08-21,7891.10009765625,13.729999542236328,0.0020043000756105184,Pre_Breakout_Accumulation,Pre_Breakout_Accumulation
2014-08-22,7913.2001953125,13.619999885559082,0.0027967213545059197,Pre_Breakout_Accumulation,Pre_Breakout_Accumulation
2014-08-25,7906.2998046875,13.789999961853027,-0.0008723905385931191,Pre_Breakout_Accumulation,Pre_Breakout_Accumulation
2014-08-26,7904.75,13.899999618530273,-0.0001960407071773607,Pre_Breakout_Accumulation,Pre_Breakout_Accumulation
2014-08-27,7936.0498046875,13.0600004196167,0.0039518011472649325,Pre_Breakout_Accumulation,Pre_Breakout_Accumulation
2014-08-28,7954.35009765625,13.069999694824219,0.002303315356676902,Pre_Breakout_Accumulation,Pre_Breakout_Accumulation
2014-09-01,8027.7001953125,13.529999732971191,0.009179124246061186,Pre_Breakout_Accumulation,Pre_Breakout_Accumulation
2014-09-02,8083.0498046875,13.449999809265137,0.0068711670335596,Pre_Breakout_Accumulation,Pre_Breakout_Accumulation
2014-09-03,8114.60009765625,13.390000343322754,0.0038956679592612917,Pre_Breakout_Accumulation,Pre_Breakout_Accumulation
2014-09-04,8095.9501953125,13.079999923706055,-0.0023009595892866165,Pre_Breakout_Accumulation,Pre_Breakout_Accumulation
2014-09-05,8086.85009765625,12.9399995803833,-0.0011246630312066596,Pre_Breakout_Accumulation,Pre_Breakout_Accumulation
2014-09-08,8173.89990234375,12.789999961853027,0.010706841477298593,Pre_Breakout_Accumulation,Pre_Breakout_Accumulation
2014-09-09,8152.9501953125,12.760000228881836,-0.002566290301383355,Pre_Breakout_Accumulation,Pre_Breakout_Accumulation
2014-09-10,8094.10009765625,12.930000305175781,-0.007244435632928195,Pre_Breakout_Accumulation,Pre_Breakout_Accumulation
2014-09-11,8085.7001953125,12.520000457763672,-0.0010383197500981691,Pre_Breakout_Accumulation,Pre_Breakout_Accumulation
2014-09-12,8105.5,12.369999885559082,0.0024457500763813006,Pre_Breakout_Accumulation,Pre_Breakout_Accumulation
2014-09-15,8042.0,13.260000228881836,-0.00786503512440859,Pre_Breakout_Accumulation,Pre_Breakout_Accumulation
2014-09-16,7932.89990234375,13.279999732971191,-0.013659152116613792,Pre_Breakout_Accumulation,Pre_Breakout_Accumulation
2014-09-17,7975.5,12.949999809265137,0.005355686271897236,Pre_Breakout_Accumulation,Pre_Breakout_Accumulation
2014-09-18,8114.75,12.329999923706055,0.01730905071438062,Pre_Breakout_Accumulation,Pre_Breakout_Accumulation
2014-09-19,8121.4501953125,11.890000343322754,0.0008253403644006908,Pre_Breakout_Accumulation,Pre_Breakout_Accumulation
2014-09-22,8146.2998046875,11.569999694824219,0.003055078754324302,Pre_Breakout_Accumulation,Pre_Breakout_Accumulation
2014-09-23,8017.5498046875,12.40999984741211,-0.01593094790039912,Pre_Breakout_Accumulation,Pre_Breakout_Accumulation
2014-09-24,8002.39990234375,12.539999961853027,-0.0018913800776086584,Pre_Breakout_Accumulation,Pre_Breakout_Accumulation
2014-09-25,7911.85009765625,13.300000190734863,-0.011379836545715916,Pre_Breakout_Accumulation,Pre_Breakout_Accumulation
2014-09-26,7968.85009765625,12.930000305175781,0.007178555614569579,Pre_Breakout_Accumulation,Pre_Breakout_Accumulation
2014-09-29,7958.89990234375,13.390000343322754,-0.0012494164721180694,Pre_Breakout_Accumulation,Pre_Breakout_Accumulation
2014-09-30,7964.7998046875,13.149999618530273,0.0007410215869771875,Pre_Breakout_Accumulation,Pre_Breakout_Accumulation
2014-10-01,7945.5498046875,13.0,-0.0024198097296141007,Pre_Breakout_Accumulation,Pre_Breakout_Accumulation
2014-10-07,7852.39990234375,14.460000038146973,-0.01179279382430551,Pre_Breakout_Accumulation,Pre_Breakout_Accumulation
2014-10-08,7842.7001953125,14.109999656677246,-0.001236017381957707,Pre_Breakout_Accumulation,Pre_Breakout_Accumulation
2014-10-09,7960.5498046875,13.15999984741211,0.014914880678345798,Pre_Breakout_Accumulation,Pre_Breakout_Accumulation
2014-10-10,7859.9501953125,14.329999923706055,-0.012717798464841716,Pre_Breakout_Accumulation,Pre_Breakout_Accumulation
2014-10-13,7884.25,14.5,0.0030868286329098203,Pre_Breakout_Accumulation,Pre_Breakout_Accumulation
2014-10-14,7864.0,14.59000015258789,-0.0025717157348472356,Pre_Breakout_Accumulation,Pre_Breakout_Accumulation
2014-10-16,7748.2001953125,16.43000030517578,-0.01483479931274002,Pre_Breakout_Accumulation,Pre_Breakout_Accumulation
2014-10-17,7779.7001953125,16.399999618530273,0.004057218608794233,Pre_Breakout_Accumulation,Pre_Breakout_Accumulation
2014-10-20,7879.39990234375,14.1899995803833,0.01273394430406019,Pre_Breakout_Accumulation,Pre_Breakout_Accumulation
2014-10-21,7927.75,13.329999923706055,0.006117516281268019,Pre_Breakout_Accumulation,Pre_Breakout_Accumulation
2014-10-22,7995.89990234375,13.029999732971191,0.008559635367284744,Pre_Breakout_Accumulation,Pre_Breakout_Accumulation
2014-10-27,7991.7001953125,13.520000457763672,-0.0005253705499506886,Pre_Breakout_Accumulation,Pre_Breakout_Accumulation
2014-10-28,8027.60009765625,13.319999694824219,0.004482088703870871,Pre_Breakout_Accumulation,Pre_Breakout_Accumulation
2014-10-29,8090.4501953125,13.010000228881836,0.007798761644535693,Pre_Breakout_Accumulation,Pre_Breakout_Accumulation
2014-10-30,8169.2001953125,13.270000457763672,0.009686630877276963,Pre_Breakout_Accumulation,Pre_Breakout_Accumulation
2014-10-31,8322.2001953125,13.300000190734863,0.01855565765600878,Pre_Breakout_Accumulation,Pre_Breakout_Accumulation
2014-11-03,8324.150390625,13.739999771118164,0.00023430905306898972,Pre_Breakout_Accumulation,Pre_Breakout_Accumulation
2014-11-05,8338.2998046875,13.760000228881836,0.0016983597607461473,Pre_Breakout_Accumulation,Pre_Breakout_Accumulation
2014-11-07,8337.0,14.109999656677246,-0.0001558958106129228,Pre_Breakout_Accumulation,Pre_Breakout_Accumulation
2014-11-10,8344.25,13.930000305175781,0.0008692394702429653,Pre_Breakout_Accumulation,Pre_Breakout_Accumulation
2014-11-11,8362.650390625,14.800000190734863,0.0022027303251594033,Pre_Breakout_Accumulation,Pre_Breakout_Accumulation
2014-11-12,8383.2998046875,14.4399995803833,0.0024661992049072835,Pre_Breakout_Accumulation,Pre_Breakout_Accumulation
2014-11-13,8357.849609375,13.800000190734863,-0.0030404381788521184,Pre_Breakout_Accumulation,Pre_Breakout_Accumulation
2014-11-14,8389.900390625,13.970000267028809,0.00382747776597414,Pre_Breakout_Accumulation,Pre_Breakout_Accumulation
2014-11-17,8430.75,14.40999984741211,0.004857088011971049,Pre_Breakout_Accumulation,Pre_Breakout_Accumulation
2014-11-18,8425.900390625,14.069999694824219,-0.0005753942089820699,Pre_Breakout_Accumulation,Pre_Breakout_Accumulation
2014-11-19,8382.2998046875,14.350000381469727,-0.005188025276412326,Pre_Breakout_Accumulation,Pre_Breakout_Accumulation
2014-11-20,8401.900390625,14.170000076293945,0.002335600698223698,Pre_Breakout_Accumulation,Pre_Breakout_Accumulation
2014-11-21,8477.349609375,13.850000381469727,0.008939937646133834,Pre_Breakout_Accumulation,Pre_Breakout_Accumulation
2014-11-24,8530.150390625,13.020000457763672,0.006209137249718906,Pre_Breakout_Accumulation,Pre_Breakout_Accumulation
2014-11-25,8463.099609375,13.529999732971191,-0.007891501533809672,Pre_Breakout_Accumulation,Pre_Breakout_Accumulation
2014-11-26,8475.75,12.989999771118164,0.0014936543234813655,Pre_Breakout_Accumulation,Pre_Breakout_Accumulation
2014-11-27,8494.2001953125,12.739999771118164,0.002174455713767457,Pre_Breakout_Accumulation,Pre_Breakout_Accumulation
2014-11-28,8588.25,12.899999618530273,0.011011389339421218,Pre_Breakout_Accumulation,Pre_Breakout_Accumulation
2014-12-01,8555.900390625,13.199999809265137,-0.0037738408764703764,Pre_Breakout_Accumulation,Pre_Breakout_Accumulation
2014-12-02,8524.7001953125,12.399999618530273,-0.0036532942570473856,Pre_Breakout_Accumulation,Pre_Breakout_Accumulation
2014-12-03,8537.650390625,12.369999885559082,0.0015179851960037325,Pre_Breakout_Accumulation,Pre_Breakout_Accumulation
2014-12-04,8564.400390625,12.449999809265137,0.003128282351293758,Pre_Breakout_Accumulation,Pre_Breakout_Accumulation
2014-12-05,8538.2998046875,11.949999809265137,-0.003052220515157543,Pre_Breakout_Accumulation,Pre_Breakout_Accumulation
2014-12-08,8438.25,12.210000038146973,-0.01178696074088962,Pre_Breakout_Accumulation,Pre_Breakout_Accumulation
2014-12-09,8340.7001953125,12.5,-0.01162777201814715,Pre_Breakout_Accumulation,Pre_Breakout_Accumulation
2014-12-10,8355.650390625,12.239999771118164,0.001790834377979736,Pre_Breakout_Accumulation,Pre_Breakout_Accumulation
2014-12-11,8292.900390625,12.770000457763672,-0.0075382293595515236,Pre_Breakout_Accumulation,Pre_Breakout_Accumulation
2014-12-12,8224.099609375,13.75,-0.008330953463077941,Pre_Breakout_Accumulation,Pre_Breakout_Accumulation
2014-12-15,8219.599609375,14.020000457763672,-0.0005473221143822177,Pre_Breakout_Accumulation,Pre_Breakout_Accumulation
2014-12-16,8067.60009765625,16.309999465942383,-0.01866544617437457,Pre_Breakout_Accumulation,Pre_Breakout_Accumulation
2014-12-17,8029.7998046875,16.93000030517578,-0.004696455660811477,Pre_Breakout_Accumulation,Pre_Breakout_Accumulation
2014-12-18,8159.2998046875,14.600000381469727,0.015998760320407486,Pre_Breakout_Accumulation,Pre_Breakout_Accumulation
2014-12-19,8225.2001953125,14.510000228881836,0.008044279165652847,Pre_Breakout_Accumulation,Pre_Breakout_Accumulation
2014-12-22,8324.0,14.210000038146973,0.01194027232053888,Pre_Breakout_Accumulation,Pre_Breakout_Accumulation
2014-12-23,8267.0,15.300000190734863,-0.006871222260849433,Pre_Breakout_Accumulation,Pre_Breakout_Accumulation
2014-12-24,8174.10009765625,15.069999694824219,-0.0113010553438477,Pre_Breakout_Accumulation,Pre_Breakout_Accumulation
2014-12-26,8200.7001953125,14.649999618530273,0.003248909370282162,Pre_Breakout_Accumulation,Pre_Breakout_Accumulation
2014-12-29,8246.2998046875,14.579999923706055,0.005545050916857839,Pre_Breakout_Accumulation,Pre_Breakout_Accumulation
2014-12-30,8248.25,14.859999656677246,0.00023646541975141835,Pre_Breakout_Accumulation,Pre_Breakout_Accumulation
2014-12-31,8282.7001953125,15.119999885559082,0.004167969146088031,Pre_Breakout_Accumulation,Pre_Breakout_Accumulation
2015-01-02,8395.4501953125,13.800000190734863,0.013520889912634575,Pre_Breakout_Accumulation,Pre_Breakout_Accumulation
2015-01-05,8378.400390625,14.149999618530273,-0.0020329035926431203,Pre_Breakout_Accumulation,Pre_Breakout_Accumulation
2015-01-06,8127.35009765625,17.420000076293945,-0.030422082918029548,Pre_Breakout_Accumulation,Pre_Breakout_Accumulation
2015-01-07,8102.10009765625,18.139999389648438,-0.0031116297926513815,Pre_Breakout_Accumulation,Pre_Breakout_Accumulation
2015-01-08,8234.599609375,16.469999313354492,0.01622144246054657,Pre_Breakout_Accumulation,Pre_Breakout_Accumulation
2015-01-09,8284.5,15.960000038146973,0.006041557177687999,Pre_Breakout_Accumulation,Pre_Breakout_Accumulation
2015-01-12,8323.0,16.110000610351562,0.004636467736743234,Pre_Breakout_Accumulation,Pre_Breakout_Accumulation
2015-01-13,8299.400390625,16.479999542236328,-0.0028394966643650508,Pre_Breakout_Accumulation,Pre_Breakout_Accumulation
2015-01-14,8277.5498046875,17.25,-0.0026362628028638235,Pre_Breakout_Accumulation,Pre_Breakout_Accumulation
2015-01-15,8494.150390625,16.15999984741211,0.025830729950324278,Pre_Breakout_Accumulation,Pre_Breakout_Accumulation
2015-01-16,8513.7998046875,17.270000457763672,0.0023106162211340322,Pre_Breakout_Accumulation,Pre_Breakout_Accumulation
2015-01-19,8550.7001953125,17.649999618530273,0.004324820315931695,Pre_Breakout_Accumulation,Pre_Breakout_Accumulation
2015-01-20,8695.599609375,17.270000457763672,0.01680393189462208,Pre_Breakout_Accumulation,Pre_Breakout_Accumulation
2015-01-21,8729.5,17.709999084472656,0.003890988763950604,Pre_Breakout_Accumulation,Pre_Breakout_Accumulation
2015-01-22,8761.400390625,18.56999969482422,0.003647659672542357,Pre_Breakout_Accumulation,Pre_Breakout_Accumulation
2015-01-23,8835.599609375,17.889999389648438,0.008433216854945564,Pre_Breakout_Accumulation,Pre_Breakout_Accumulation
2015-01-27,8910.5,18.09000015258789,0.008441385660836975,Pre_Breakout_Accumulation,Pre_Breakout_Accumulation
2015-01-28,8914.2998046875,19.770000457763672,0.0004263503418490414,Pre_Breakout_Accumulation,Pre_Breakout_Accumulation
2015-01-29,8952.349609375,19.43000030517578,0.0042593170470792705,Pre_Breakout_Accumulation,Pre_Breakout_Accumulation
2015-01-30,8808.900390625,20.170000076293945,-0.016153405638702815,Pre_Breakout_Accumulation,Pre_Breakout_Accumulation
2015-02-02,8797.400390625,20.40999984741211,-0.0013063506955069547,Pre_Breakout_Accumulation,Pre_Breakout_Accumulation
2015-02-03,8756.5498046875,19.809999465942383,-0.004654298232220474,Pre_Breakout_Accumulation,Pre_Breakout_Accumulation
2015-02-04,8723.7001953125,20.049999237060547,-0.0037584872121479928,Pre_Breakout_Accumulation,Pre_Breakout_Accumulation
2015-02-05,8711.7001953125,20.6200008392334,-0.0013765100457609084,Pre_Breakout_Accumulation,Pre_Breakout_Accumulation
2015-02-06,8661.0498046875,20.690000534057617,-0.005831032408607971,Pre_Breakout_Accumulation,Pre_Breakout_Accumulation
2015-02-09,8526.349609375,22.020000457763672,-0.015674617197285398,Pre_Breakout_Accumulation,Pre_Breakout_Accumulation
2015-02-10,8565.5498046875,21.190000534057617,0.004586999150377187,Pre_Breakout_Accumulation,Pre_Breakout_Accumulation
2015-02-11,8627.400390625,20.5,0.007194908616778425,Pre_Breakout_Accumulation,Pre_Breakout_Accumulation
2015-02-12,8711.5498046875,20.15999984741211,0.009706478627223793,Pre_Breakout_Accumulation,Pre_Breakout_Accumulation
2015-02-13,8805.5,20.100000381469727,0.010726817268910518,Pre_Breakout_Accumulation,Steady_Uptrend
2015-02-16,8809.349609375,20.829999923706055,0.0004370868354434235,Pre_Breakout_Accumulation,Pre_Breakout_Accumulation
2015-02-18,8869.099609375,20.90999984741211,0.006759668427262326,Pre_Breakout_Accumulation,Pre_Breakout_Accumulation
2015-02-19,8895.2998046875,20.399999618530273,0.0029497438893496893,Pre_Breakout_Accumulation,Pre_Breakout_Accumulation
2015-02-20,8833.599609375,21.270000457763672,-0.006960437077779418,Pre_Breakout_Accumulation,Pre_Breakout_Accumulation
2015-02-23,8754.9501953125,21.6299991607666,-0.008943311319236858,Pre_Breakout_Accumulation,Pre_Breakout_Accumulation
2015-02-24,8762.099609375,21.549999237060547,0.0008162806567537197,Pre_Breakout_Accumulation,Pre_Breakout_Accumulation
2015-02-25,8767.25,20.780000686645508,0.0005876305610850604,Pre_Breakout_Accumulation,Pre_Breakout_Accumulation
2015-02-26,8683.849609375,20.579999923706055,-0.009558254487962844,Pre_Breakout_Accumulation,Pre_Breakout_Accumulation
2015-02-27,8844.599609375,19.56999969482422,0.018342125395864908,Pre_Breakout_Accumulation,Pre_Breakout_Accumulation
2015-03-02,8956.75,15.850000381469727,0.012600378838793266,Pre_Breakout_Accumulation,Pre_Breakout_Accumulation
2015-03-03,8996.25,15.489999771118164,0.00440038586730066,Pre_Breakout_Accumulation,Pre_Breakout_Accumulation
2015-03-04,8922.650390625,15.199999809265137,-0.008214792388202198,Pre_Breakout_Accumulation,Pre_Breakout_Accumulation
2015-03-05,8937.75,14.4399995803833,0.0016908482052135402,Pre_Breakout_Accumulation,Pre_Breakout_Accumulation
2015-03-09,8756.75,15.8100004196167,-0.02045904811401918,Pre_Breakout_Accumulation,Pre_Breakout_Accumulation
2015-03-10,8712.0498046875,15.529999732971191,-0.005117729137055929,Pre_Breakout_Accumulation,Pre_Breakout_Accumulation
2015-03-11,8699.9501953125,15.130000114440918,-0.00138980143838521,Pre_Breakout_Accumulation,Pre_Breakout_Accumulation
2015-03-12,8776.0,14.75,0.00870342200550124,Pre_Breakout_Accumulation,Pre_Breakout_Accumulation
2015-03-13,8647.75,14.970000267028809,-0.014721551472009752,Pre_Breakout_Accumulation,Pre_Breakout_Accumulation
2015-03-16,8633.150390625,15.180000305175781,-0.0016896819631506011,Pre_Breakout_Accumulation,Pre_Breakout_Accumulation
2015-03-17,8723.2998046875,15.130000114440918,0.01038809476984804,Pre_Breakout_Accumulation,Pre_Breakout_Accumulation
2015-03-18,8685.900390625,15.510000228881836,-0.0042965180681336585,Pre_Breakout_Accumulation,Pre_Breakout_Accumulation
2015-03-19,8634.650390625,15.199999809265137,-0.005917842938767325,Pre_Breakout_Accumulation,Pre_Breakout_Accumulation
2015-03-20,8570.900390625,14.260000228881836,-0.0074104331263360745,Pre_Breakout_Accumulation,Pre_Breakout_Accumulation
2015-03-23,8550.900390625,14.270000457763672,-0.002336203925268819,Pre_Breakout_Accumulation,Pre_Breakout_Accumulation
2015-03-24,8542.9501953125,13.670000076293945,-0.0009301819792756467,Pre_Breakout_Accumulation,Pre_Breakout_Accumulation
2015-03-25,8530.7998046875,13.140000343322754,-0.0014232834235154116,Pre_Breakout_Accumulation,Pre_Breakout_Accumulation
2015-03-26,8342.150390625,15.15999984741211,-0.022362097108321904,Pre_Breakout_Accumulation,Pre_Breakout_Accumulation
2015-03-27,8341.400390625,14.5,-8.990891811211022e-05,Pre_Breakout_Accumulation,Pre_Breakout_Accumulation
2015-03-30,8492.2998046875,14.260000228881836,0.017928732765285012,Pre_Breakout_Accumulation,Pre_Breakout_Accumulation
2015-03-31,8491.0,14.489999771118164,-0.00015306856794447524,Pre_Breakout_Accumulation,Pre_Breakout_Accumulation
2015-04-01,8586.25,13.670000076293945,0.011155307528727893,Pre_Breakout_Accumulation,Pre_Breakout_Accumulation
2015-04-06,8659.900390625,14.569999694824219,0.008541133724940244,Pre_Breakout_Accumulation,Pre_Breakout_Accumulation
2015-04-07,8660.2998046875,14.25,4.6121183134830896e-05,Pre_Breakout_Accumulation,Pre_Breakout_Accumulation
2015-04-08,8714.400390625,14.350000381469727,0.006227533157299894,Pre_Breakout_Accumulation,Pre_Breakout_Accumulation
2015-04-09,8778.2998046875,14.420000076293945,0.007305870171212896,Pre_Breakout_Accumulation,Pre_Breakout_Accumulation
2015-04-10,8780.349609375,14.260000228881836,0.00023348090715570997,Pre_Breakout_Accumulation,Pre_Breakout_Accumulation
2015-04-13,8834.0,14.489999771118164,0.0060916874846368065,Pre_Breakout_Accumulation,Pre_Breakout_Accumulation
2015-04-16,8706.7001953125,14.949999809265137,-0.014515046525185486,Pre_Breakout_Accumulation,Pre_Breakout_Accumulation
2015-04-17,8606.0,15.039999961853027,-0.011633232232741262,Pre_Breakout_Accumulation,Pre_Breakout_Accumulation
2015-04-20,8448.099609375,16.299999237060547,-0.01851811663955681,Pre_Breakout_Accumulation,Pre_Breakout_Accumulation
2015-04-21,8377.75,17.030000686645508,-0.008362135754524264,Pre_Breakout_Accumulation,Pre_Breakout_Accumulation
2015-04-22,8429.7001953125,17.209999084472656,0.006181825339152998,Pre_Breakout_Accumulation,Pre_Breakout_Accumulation
2015-04-23,8398.2998046875,18.5,-0.003731926202576211,Pre_Breakout_Accumulation,Pre_Breakout_Accumulation
2015-04-24,8305.25,19.110000610351562,-0.011141436198728826,Pre_Breakout_Accumulation,Pre_Breakout_Accumulation
2015-04-27,8213.7998046875,18.739999771118164,-0.011072202173819238,Pre_Breakout_Accumulation,Pre_Breakout_Accumulation
2015-04-28,8285.599609375,17.40999984741211,0.008703378361128562,Pre_Breakout_Accumulation,Pre_Breakout_Accumulation
2015-04-29,8239.75,17.239999771118164,-0.0055490174921902485,Pre_Breakout_Accumulation,Pre_Breakout_Accumulation
2015-04-30,8181.5,17.229999542236328,-0.007094495768480639,Pre_Breakout_Accumulation,Pre_Breakout_Accumulation
2015-05-04,8331.9501953125,17.309999465942383,0.018222037975143816,Pre_Breakout_Accumulation,Pre_Breakout_Accumulation
2015-05-05,8324.7998046875,17.360000610351562,-0.0008585577695799613,Pre_Breakout_Accumulation,Pre_Breakout_Accumulation
2015-05-06,8097.0,19.670000076293945,-0.027745365388399824,Pre_Breakout_Accumulation,Pre_Breakout_Accumulation
2015-05-07,8057.2998046875,19.649999618530273,-0.004915134139810429,Pre_Breakout_Accumulation,Pre_Breakout_Accumulation
2015-05-08,8191.5,19.110000610351562,0.01651854271401412,Pre_Breakout_Accumulation,Pre_Breakout_Accumulation
2015-05-11,8325.25,18.6299991607666,0.016196034167464263,Pre_Breakout_Accumulation,Pre_Breakout_Accumulation
2015-05-12,8126.9501953125,20.549999237060547,-0.024107341992543527,Pre_Breakout_Accumulation,Pre_Breakout_Accumulation
2015-05-13,8235.4501953125,20.690000534057617,0.013262307208340643,Pre_Breakout_Accumulation,Pre_Breakout_Accumulation
2015-05-14,8224.2001953125,20.700000762939453,-0.0013669794296785854,Pre_Breakout_Accumulation,Pre_Breakout_Accumulation
2015-05-15,8262.349609375,19.81999969482422,0.004627952191887896,Pre_Breakout_Accumulation,Pre_Breakout_Accumulation
2015-05-18,8373.650390625,17.899999618530273,0.013380913913783618,Pre_Breakout_Accumulation,Pre_Breakout_Accumulation
2015-05-19,8365.650390625,18.270000457763672,-0.0009558345015271625,Pre_Breakout_Accumulation,Pre_Breakout_Accumulation
2015-05-20,8423.25,17.719999313354492,0.006861656693210339,Pre_Breakout_Accumulation,Pre_Breakout_Accumulation
2015-05-21,8421.0,17.40999984741211,-0.0002671534812630433,Pre_Breakout_Accumulation,Pre_Breakout_Accumulation
2015-05-22,8458.9501953125,16.950000762939453,0.004496489481834225,Pre_Breakout_Accumulation,Pre_Breakout_Accumulation
2015-05-25,8370.25,16.93000030517578,-0.010541322896106728,Pre_Breakout_Accumulation,Pre_Breakout_Accumulation
2015-05-26,8339.349609375,17.06999969482422,-0.003698523791285403,Pre_Breakout_Accumulation,Pre_Breakout_Accumulation
2015-05-27,8334.599609375,17.280000686645508,-0.0005697510609127147,Pre_Breakout_Accumulation,Pre_Breakout_Accumulation
2015-05-28,8319.0,17.1299991607666,-0.0018734224796336696,Pre_Breakout_Accumulation,Pre_Breakout_Accumulation
2015-05-29,8433.650390625,16.65999984741211,0.01368764678319723,Pre_Breakout_Accumulation,Pre_Breakout_Accumulation
2015-06-01,8433.400390625,16.90999984741211,-2.9643593685729908e-05,Pre_Breakout_Accumulation,Pre_Breakout_Accumulation
2015-06-02,8236.4501953125,16.81999969482422,-0.02363060893126965,Pre_Breakout_Accumulation,Pre_Breakout_Accumulation
2015-06-03,8135.10009765625,17.510000228881836,-0.012381404397236432,Pre_Breakout_Accumulation,Pre_Breakout_Accumulation
2015-06-04,8130.64990234375,18.1200008392334,-0.0005471860103022912,Pre_Breakout_Accumulation,Pre_Breakout_Accumulation
2015-06-05,8114.7001953125,18.09000015258789,-0.001963603376990351,Pre_Breakout_Accumulation,Pre_Breakout_Accumulation
2015-06-08,8044.14990234375,18.889999389648438,-0.008732148739867544,Pre_Breakout_Accumulation,Pre_Breakout_Accumulation
2015-06-09,8022.39990234375,18.010000228881836,-0.0027074902267056862,Pre_Breakout_Accumulation,Pre_Breakout_Accumulation
2015-06-10,8124.4501953125,17.079999923706055,0.012640440848079765,Pre_Breakout_Accumulation,Pre_Breakout_Accumulation
2015-06-11,7965.35009765625,17.809999465942383,-0.019777160752925255,Pre_Breakout_Accumulation,Pre_Breakout_Accumulation
2015-06-12,7982.89990234375,17.479999542236328,0.0022008448289133065,Pre_Breakout_Accumulation,Pre_Breakout_Accumulation
2015-06-15,8013.89990234375,17.520000457763672,0.0038757800540692557,Pre_Breakout_Accumulation,Pre_Breakout_Accumulation
2015-06-16,8047.2998046875,17.170000076293945,0.0041590853857635356,Pre_Breakout_Accumulation,Pre_Breakout_Accumulation
2015-06-17,8091.5498046875,16.729999542236328,0.005483675969067097,Pre_Breakout_Accumulation,Pre_Breakout_Accumulation
2015-06-18,8174.60009765625,16.020000457763672,0.010211514727058937,Pre_Breakout_Accumulation,Pre_Breakout_Accumulation
2015-06-19,8224.9501953125,15.09000015258789,0.006140443483030782,Pre_Breakout_Accumulation,Pre_Breakout_Accumulation
2015-06-22,8353.099609375,15.489999771118164,0.015460439332762258,Pre_Breakout_Accumulation,Pre_Breakout_Accumulation
2015-06-23,8381.5498046875,15.039999961853027,0.003400157603319678,Pre_Breakout_Accumulation,Pre_Breakout_Accumulation
2015-06-24,8360.849609375,15.920000076293945,-0.0024727884395158908,Pre_Breakout_Accumulation,Pre_Breakout_Accumulation
2015-06-25,8398.0,15.930000305175781,0.004433532413488122,Pre_Breakout_Accumulation,Pre_Breakout_Accumulation
2015-06-26,8381.099609375,15.760000228881836,-0.0020144580738723343,Pre_Breakout_Accumulation,Pre_Breakout_Accumulation
2015-06-29,8318.400390625,17.299999237060547,-0.007509148581665224,Pre_Breakout_Accumulation,Pre_Breakout_Accumulation
2015-06-30,8368.5,16.93000030517578,0.006004681365091595,Pre_Breakout_Accumulation,Pre_Breakout_Accumulation
2015-07-01,8453.0498046875,15.850000381469727,0.010052642911917523,Pre_Breakout_Accumulation,Pre_Breakout_Accumulation
2015-07-02,8444.900390625,15.5600004196167,-0.000964544764320111,Pre_Breakout_Accumulation,Pre_Breakout_Accumulation
2015-07-03,8484.900390625,16.309999465942383,0.004725404031422576,Pre_Breakout_Accumulation,Pre_Breakout_Accumulation
2015-07-06,8522.150390625,16.020000457763672,0.004380543110671768,Pre_Breakout_Accumulation,Pre_Breakout_Accumulation
2015-07-07,8510.7998046875,16.309999465942383,-0.001332779992604704,Pre_Breakout_Accumulation,Pre_Breakout_Accumulation
2015-07-08,8363.0498046875,17.790000915527344,-0.017512752525573723,Pre_Breakout_Accumulation,Pre_Breakout_Accumulation
2015-07-09,8328.5498046875,17.440000534057617,-0.004133821795005965,Pre_Breakout_Accumulation,Pre_Breakout_Accumulation
2015-07-10,8360.5498046875,17.06999969482422,0.0038348430969963264,Pre_Breakout_Accumulation,Pre_Breakout_Accumulation
2015-07-13,8459.650390625,16.270000457763672,0.011783656733947193,Pre_Breakout_Accumulation,Pre_Breakout_Accumulation
2015-07-14,8454.099609375,16.010000228881836,-0.000656363189627265,Pre_Breakout_Accumulation,Pre_Breakout_Accumulation
2015-07-15,8523.7998046875,15.569999694824219,0.008210743295109776,Pre_Breakout_Accumulation,Pre_Breakout_Accumulation
2015-07-16,8608.0498046875,14.779999732971191,0.009835561378738018,Pre_Breakout_Accumulation,Pre_Breakout_Accumulation
2015-07-17,8609.849609375,14.800000190734863,0.00020906205231804127,Pre_Breakout_Accumulation,Pre_Breakout_Accumulation
2015-07-20,8603.4501953125,14.960000038146973,-0.0007435430080160121,Pre_Breakout_Accumulation,Pre_Breakout_Accumulation
2015-07-21,8529.4501953125,15.100000381469727,-0.008638404295993872,Pre_Breakout_Accumulation,Pre_Breakout_Accumulation
2015-07-22,8633.5,15.130000114440918,0.012125080858812433,Pre_Breakout_Accumulation,Pre_Breakout_Accumulation
2015-07-23,8589.7998046875,15.520000457763672,-0.005074554770036643,Pre_Breakout_Accumulation,Pre_Breakout_Accumulation
2015-07-24,8521.5498046875,15.460000038146973,-0.00797720384261551,Pre_Breakout_Accumulation,Pre_Breakout_Accumulation
2015-07-27,8361.0,16.3700008392334,-0.019020189089775028,Pre_Breakout_Accumulation,Pre_Breakout_Accumulation
2015-07-28,8337.0,15.920000076293945,-0.002874597739444469,Pre_Breakout_Accumulation,Pre_Breakout_Accumulation
2015-07-29,8375.0498046875,15.880000114440918,0.0045535850933296085,Pre_Breakout_Accumulation,Pre_Breakout_Accumulation
2015-07-30,8421.7998046875,15.329999923706055,0.005566534416230723,Pre_Breakout_Accumulation,Pre_Breakout_Accumulation
2015-07-31,8532.849609375,14.569999694824219,0.013099815871268341,Pre_Breakout_Accumulation,Pre_Breakout_Accumulation
2015-08-03,8543.0498046875,15.390000343322754,0.0011946892258352072,Pre_Breakout_Accumulation,Pre_Breakout_Accumulation
2015-08-04,8516.900390625,14.829999923706055,-0.0030655933038692055,Pre_Breakout_Accumulation,Pre_Breakout_Accumulation
2015-08-05,8567.9501953125,14.670000076293945,0.005976049525257857,Pre_Breakout_Accumulation,Pre_Breakout_Accumulation
2015-08-06,8588.650390625,14.729999542236328,0.0024130893825477714,Pre_Breakout_Accumulation,Pre_Breakout_Accumulation
2015-08-07,8564.599609375,14.90999984741211,-0.0028042262557410207,Pre_Breakout_Accumulation,Pre_Breakout_Accumulation
2015-08-10,8525.599609375,15.470000267028809,-0.004564027276617137,Pre_Breakout_Accumulation,Pre_Breakout_Accumulation
2015-08-11,8462.349609375,15.890000343322754,-0.00744648944425946,Pre_Breakout_Accumulation,Pre_Breakout_Accumulation
2015-08-12,8349.4501953125,17.450000762939453,-0.013431174840318333,Pre_Breakout_Accumulation,Pre_Breakout_Accumulation
2015-08-13,8355.849609375,17.020000457763672,0.0007661537895581861,Pre_Breakout_Accumulation,Pre_Breakout_Accumulation
2015-08-14,8518.5498046875,16.020000457763672,0.01928427002460754,Pre_Breakout_Accumulation,Pre_Breakout_Accumulation
2015-08-17,8477.2998046875,16.459999084472656,-0.004854135797220708,Pre_Breakout_Accumulation,Pre_Breakout_Accumulation
2015-08-18,8466.5498046875,16.360000610351562,-0.001268897173926015,Pre_Breakout_Accumulation,Pre_Breakout_Accumulation
2015-08-19,8495.150390625,16.68000030517578,0.00337237573051901,Pre_Breakout_Accumulation,Pre_Breakout_Accumulation
2015-08-20,8372.75,16.979999542236328,-0.014513073495647132,Pre_Breakout_Accumulation,Pre_Breakout_Accumulation
2015-08-21,8299.9501953125,17.110000610351562,-0.008732870680242016,Pre_Breakout_Accumulation,Pre_Breakout_Accumulation
2015-08-24,7809.0,28.1299991607666,-0.0609725995392517,Pre_Breakout_Accumulation,Pre_Breakout_Accumulation
2015-08-25,7880.7001953125,26.850000381469727,0.009139842514835898,Pre_Breakout_Accumulation,Pre_Breakout_Accumulation
2015-08-26,7791.85009765625,25.520000457763672,-0.011338429020653107,Pre_Breakout_Accumulation,Pre_Breakout_Accumulation
2015-08-27,7948.9501953125,22.040000915527344,0.019961540867943228,Pre_Breakout_Accumulation,Steady_Uptrend
2015-08-28,8001.9501953125,23.329999923706055,0.006645417343079588,Steady_Uptrend,Steady_Uptrend
2015-08-31,7971.2998046875,24.600000381469727,-0.0038377197180878234,Steady_Uptrend,Steady_Uptrend
2015-09-01,7785.85009765625,28.719999313354492,-0.02353957047024599,Steady_Uptrend,Steady_Uptrend
2015-09-02,7717.0,26.649999618530273,-0.008882308721944062,Steady_Uptrend,Steady_Uptrend
2015-09-03,7823.0,24.1200008392334,0.01364242522747763,Steady_Uptrend,Steady_Uptrend
2015-09-04,7655.0498046875,26.420000076293945,-0.021702577450189775,Steady_Uptrend,Pre_Breakout_Accumulation
2015-09-07,7558.7998046875,26.350000381469727,-0.012653113658095735,Pre_Breakout_Accumulation,Pre_Breakout_Accumulation
2015-09-08,7688.25,24.56999969482422,0.016980767754825463,Pre_Breakout_Accumulation,Pre_Breakout_Accumulation
2015-09-09,7818.60009765625,24.299999237060547,0.016812333537542277,Pre_Breakout_Accumulation,Pre_Breakout_Accumulation
2015-09-10,7788.10009765625,24.75,-0.003908582653268309,Pre_Breakout_Accumulation,Pre_Breakout_Accumulation
2015-09-11,7789.2998046875,24.979999542236328,0.00015403174356981987,Pre_Breakout_Accumulation,Pre_Breakout_Accumulation
2015-09-14,7872.25,24.31999969482422,0.010592945398427487,Pre_Breakout_Accumulation,Pre_Breakout_Accumulation
2015-09-15,7829.10009765625,23.739999771118164,-0.00549634403468119,Pre_Breakout_Accumulation,Pre_Breakout_Accumulation
2015-09-16,7899.14990234375,22.0,0.008907573043561995,Pre_Breakout_Accumulation,Pre_Breakout_Accumulation
2015-09-18,7981.89990234375,18.290000915527344,0.010421319740291772,Pre_Breakout_Accumulation,Pre_Breakout_Accumulation
2015-09-21,7977.10009765625,18.18000030517578,-0.0006015169913181517,Pre_Breakout_Accumulation,Pre_Breakout_Accumulation
2015-09-22,7812.0,20.350000381469727,-0.020913936119176794,Pre_Breakout_Accumulation,Pre_Breakout_Accumulation
2015-09-23,7845.9501953125,20.690000534057617,0.004336486972064778,Pre_Breakout_Accumulation,Pre_Breakout_Accumulation
2015-09-24,7868.5,20.8799991607666,0.0028699470722847766,Pre_Breakout_Accumulation,Pre_Breakout_Accumulation
2015-09-28,7795.7001953125,21.670000076293945,-0.009295122372462671,Pre_Breakout_Accumulation,Pre_Breakout_Accumulation
2015-09-29,7843.2998046875,21.56999969482422,0.006087314580231289,Pre_Breakout_Accumulation,Pre_Breakout_Accumulation
2015-09-30,7948.89990234375,19.6299991607666,0.01337390276102144,Pre_Breakout_Accumulation,Pre_Breakout_Accumulation
2015-10-01,7950.89990234375,19.239999771118164,0.0002515754959328041,Pre_Breakout_Accumulation,Pre_Breakout_Accumulation
2015-10-05,8119.2998046875,19.1299991607666,0.02095880198216427,Pre_Breakout_Accumulation,Pre_Breakout_Accumulation
2015-10-06,8152.89990234375,19.309999465942383,0.004129760698013392,Pre_Breakout_Accumulation,Pre_Breakout_Accumulation
2015-10-07,8177.39990234375,19.34000015258789,0.003000559533489925,Pre_Breakout_Accumulation,Pre_Breakout_Accumulation
2015-10-08,8129.35009765625,19.559999465942383,-0.00589325816039762,Pre_Breakout_Accumulation,Pre_Breakout_Accumulation
2015-10-09,8189.7001953125,18.93000030517578,0.007396309429230271,Pre_Breakout_Accumulation,Pre_Breakout_Accumulation
2015-10-12,8143.60009765625,19.1200008392334,-0.005644936325841478,Pre_Breakout_Accumulation,Pre_Breakout_Accumulation
2015-10-13,8131.7001953125,18.020000457763672,-0.0014623268695636497,Pre_Breakout_Accumulation,Pre_Breakout_Accumulation
2015-10-14,8107.89990234375,17.719999313354492,-0.002931144839264699,Pre_Breakout_Accumulation,Pre_Breakout_Accumulation
2015-10-15,8179.5,17.170000076293945,0.008792141080753622,Pre_Breakout_Accumulation,Pre_Breakout_Accumulation
2015-10-16,8238.150390625,16.270000457763672,0.007144827515608405,Pre_Breakout_Accumulation,Pre_Breakout_Accumulation
2015-10-19,8275.0498046875,16.8799991607666,0.00446908837067067,Pre_Breakout_Accumulation,Pre_Breakout_Accumulation
2015-10-20,8261.650390625,17.0,-0.0016205672034621203,Pre_Breakout_Accumulation,Pre_Breakout_Accumulation
2015-10-21,8251.7001953125,16.6200008392334,-0.0012051093404612868,Pre_Breakout_Accumulation,Pre_Breakout_Accumulation
2015-10-23,8295.4501953125,16.190000534057617,0.005287931868963474,Pre_Breakout_Accumulation,Pre_Breakout_Accumulation
2015-10-26,8260.5498046875,17.229999542236328,-0.004216047634858218,Pre_Breakout_Accumulation,Pre_Breakout_Accumulation
2015-10-27,8232.900390625,16.540000915527344,-0.003352778179937369,Pre_Breakout_Accumulation,Pre_Breakout_Accumulation
2015-10-28,8171.2001953125,17.040000915527344,-0.007522568634822207,Pre_Breakout_Accumulation,Pre_Breakout_Accumulation
2015-10-29,8111.75,17.579999923706055,-0.0073021729802976425,Pre_Breakout_Accumulation,Pre_Breakout_Accumulation
2015-10-30,8065.7998046875,17.8799991607666,-0.005680751342262694,Pre_Breakout_Accumulation,Pre_Breakout_Accumulation
2015-11-02,8050.7998046875,19.479999542236328,-0.0018614353765358403,Pre_Breakout_Accumulation,Pre_Breakout_Accumulation
2015-11-03,8060.7001953125,19.559999465942383,0.0012289844981697455,Pre_Breakout_Accumulation,Pre_Breakout_Accumulation
2015-11-04,8040.2001953125,19.360000610351562,-0.0025464428174963505,Pre_Breakout_Accumulation,Pre_Breakout_Accumulation
2015-11-05,7955.4501953125,19.290000915527344,-0.010596729858654794,Pre_Breakout_Accumulation,Pre_Breakout_Accumulation
2015-11-06,7954.2998046875,19.469999313354492,-0.00014461454479229208,Pre_Breakout_Accumulation,Pre_Breakout_Accumulation
2015-11-09,7915.2001953125,17.040000915527344,-0.004927652224989373,Pre_Breakout_Accumulation,Pre_Breakout_Accumulation
2015-11-10,7783.35009765625,16.829999923706055,-0.016798136847989233,Pre_Breakout_Accumulation,Pre_Breakout_Accumulation
2015-11-13,7762.25,17.649999618530273,-0.0027146086971354118,Pre_Breakout_Accumulation,Pre_Breakout_Accumulation
2015-11-16,7806.60009765625,17.8799991607666,0.005697301642988936,Pre_Breakout_Accumulation,Pre_Breakout_Accumulation
2015-11-17,7837.5498046875,16.969999313354492,0.0039567183391247835,Pre_Breakout_Accumulation,Pre_Breakout_Accumulation
2015-11-18,7731.7998046875,17.420000076293945,-0.013584591382027576,Pre_Breakout_Accumulation,Pre_Breakout_Accumulation
2015-11-19,7842.75,15.84000015258789,0.014247868942778304,Pre_Breakout_Accumulation,Pre_Breakout_Accumulation
2015-11-20,7856.5498046875,15.899999618530273,0.0017580157603643014,Pre_Breakout_Accumulation,Pre_Breakout_Accumulation
2015-11-23,7849.25,17.079999923706055,-0.0009295680963622142,Pre_Breakout_Accumulation,Pre_Breakout_Accumulation
2015-11-24,7831.60009765625,16.25,-0.0022511419581774496,Pre_Breakout_Accumulation,Pre_Breakout_Accumulation
2015-11-26,7883.7998046875,16.690000534057617,0.006643152490718722,Pre_Breakout_Accumulation,Pre_Breakout_Accumulation
2015-11-27,7942.7001953125,16.729999542236328,0.007443296061827621,Pre_Breakout_Accumulation,Pre_Breakout_Accumulation
2015-11-30,7935.25,16.43000030517578,-0.000938432954834984,Pre_Breakout_Accumulation,Pre_Breakout_Accumulation
2015-12-01,7954.89990234375,15.640000343322754,0.0024732192560477395,Pre_Breakout_Accumulation,Pre_Breakout_Accumulation
2015-12-02,7931.35009765625,15.489999771118164,-0.0029648056574549755,Pre_Breakout_Accumulation,Pre_Breakout_Accumulation
2015-12-03,7864.14990234375,16.059999465942383,-0.008508828559286395,Pre_Breakout_Accumulation,Pre_Breakout_Accumulation
2015-12-04,7781.89990234375,16.09000015258789,-0.010513932743920033,Pre_Breakout_Accumulation,Pre_Breakout_Accumulation
2015-12-07,7765.39990234375,15.869999885559082,-0.0021225558652615325,Pre_Breakout_Accumulation,Pre_Breakout_Accumulation
2015-12-08,7701.7001953125,15.970000267028809,-0.008236846826399094,Pre_Breakout_Accumulation,Pre_Breakout_Accumulation
2015-12-09,7612.5,16.729999542236328,-0.011649476035916928,Pre_Breakout_Accumulation,Pre_Breakout_Accumulation
2015-12-10,7683.2998046875,16.290000915527344,0.009257483913935133,Pre_Breakout_Accumulation,Pre_Breakout_Accumulation
2015-12-11,7610.4501953125,17.18000030517578,-0.009526788440796045,Pre_Breakout_Accumulation,Pre_Breakout_Accumulation
2015-12-14,7650.0498046875,17.799999237060547,0.0051898297247641055,Pre_Breakout_Accumulation,Pre_Breakout_Accumulation
2015-12-15,7700.89990234375,17.34000015258789,0.006625034231155874,Pre_Breakout_Accumulation,Pre_Breakout_Accumulation
2015-12-16,7750.89990234375,16.729999542236328,0.006471760590641962,Pre_Breakout_Accumulation,Pre_Breakout_Accumulation
2015-12-17,7844.35009765625,14.220000267028809,0.011984586823973591,Pre_Breakout_Accumulation,Pre_Breakout_Accumulation
2015-12-18,7761.9501953125,14.489999771118164,-0.010559923429662535,Pre_Breakout_Accumulation,Pre_Breakout_Accumulation
2015-12-21,7834.4501953125,14.229999542236328,0.009297083993681328,Pre_Breakout_Accumulation,Pre_Breakout_Accumulation
2015-12-22,7786.10009765625,14.479999542236328,-0.006190595230165718,Pre_Breakout_Accumulation,Pre_Breakout_Accumulation
2015-12-23,7865.9501953125,13.649999618530273,0.010203237135106905,Pre_Breakout_Accumulation,Pre_Breakout_Accumulation
2015-12-24,7861.0498046875,13.75,-0.0006231818889286995,Pre_Breakout_Accumulation,Pre_Breakout_Accumulation
2015-12-28,7925.14990234375,14.399999618530273,0.008121074246974173,Pre_Breakout_Accumulation,Pre_Breakout_Accumulation
2015-12-29,7928.9501953125,14.239999771118164,0.0004794082310730862,Pre_Breakout_Accumulation,Pre_Breakout_Accumulation
2015-12-30,7896.25,14.350000381469727,-0.004132679706995248,Pre_Breakout_Accumulation,Pre_Breakout_Accumulation
2015-12-31,7946.35009765625,13.869999885559082,0.006324752800432643,Pre_Breakout_Accumulation,Pre_Breakout_Accumulation
2016-01-04,7791.2998046875,16.84000015258789,-0.019705014523420224,Pre_Breakout_Accumulation,Pre_Breakout_Accumulation
2016-01-05,7784.64990234375,16.700000762939453,-0.0008538680302466864,Pre_Breakout_Accumulation,Pre_Breakout_Accumulation
2016-01-06,7741.0,16.549999237060547,-0.005622955254962513,Pre_Breakout_Accumulation,Pre_Breakout_Accumulation
2016-01-07,7568.2998046875,18.959999084472656,-0.022562432473354942,Pre_Breakout_Accumulation,Pre_Breakout_Accumulation
2016-01-08,7601.35009765625,17.799999237060547,0.004357430194614917,Pre_Breakout_Accumulation,Pre_Breakout_Accumulation
2016-01-11,7563.85009765625,18.690000534057617,-0.00494554321070581,Pre_Breakout_Accumulation,Pre_Breakout_Accumulation
2016-01-12,7510.2998046875,18.709999084472656,-0.007104947023205757,Pre_Breakout_Accumulation,Pre_Breakout_Accumulation
2016-01-13,7562.39990234375,18.350000381469727,0.00691320150571891,Pre_Breakout_Accumulation,Pre_Breakout_Accumulation
2016-01-14,7536.7998046875,18.610000610351562,-0.0033909243778356985,Pre_Breakout_Accumulation,Pre_Breakout_Accumulation
2016-01-15,7437.7998046875,19.420000076293945,-0.013222582904531205,Pre_Breakout_Accumulation,Pre_Breakout_Accumulation
2016-01-18,7351.0,20.229999542236328,-0.01173872154132596,Pre_Breakout_Accumulation,Pre_Breakout_Accumulation
2016-01-19,7435.10009765625,18.43000030517578,0.011375684463334866,Pre_Breakout_Accumulation,Pre_Breakout_Accumulation
2016-01-20,7309.2998046875,20.969999313354492,-0.017064559633827973,Pre_Breakout_Accumulation,Pre_Breakout_Accumulation
2016-01-21,7276.7998046875,20.809999465942383,-0.004456304927870771,Pre_Breakout_Accumulation,Pre_Breakout_Accumulation
2016-01-22,7422.4501953125,18.81999969482422,0.019818039378412727,Pre_Breakout_Accumulation,Pre_Breakout_Accumulation
2016-01-25,7436.14990234375,18.270000457763672,0.0018440109866640082,Pre_Breakout_Accumulation,Pre_Breakout_Accumulation
2016-01-27,7437.75,19.059999465942383,0.00021515509354344282,Pre_Breakout_Accumulation,Pre_Breakout_Accumulation
2016-01-28,7424.64990234375,17.899999618530273,-0.0017628513745914778,Pre_Breakout_Accumulation,Pre_Breakout_Accumulation
2016-01-29,7563.5498046875,17.239999771118164,0.018535098493895702,Pre_Breakout_Accumulation,Pre_Breakout_Accumulation
2016-02-01,7555.9501953125,17.889999389648438,-0.001005272663116682,Pre_Breakout_Accumulation,Pre_Breakout_Accumulation
2016-02-02,7455.5498046875,18.040000915527344,-0.013376662920665904,Pre_Breakout_Accumulation,Pre_Breakout_Accumulation
2016-02-03,7361.7998046875,18.59000015258789,-0.012654253761286621,Pre_Breakout_Accumulation,Pre_Breakout_Accumulation
2016-02-04,7404.0,18.209999084472656,0.00571595318480905,Pre_Breakout_Accumulation,Pre_Breakout_Accumulation
2016-02-05,7489.10009765625,18.110000610351562,0.011428248424226505,Pre_Breakout_Accumulation,Pre_Breakout_Accumulation
2016-02-08,7387.25,20.260000228881836,-0.013693101923425259,Pre_Breakout_Accumulation,Pre_Breakout_Accumulation
2016-02-09,7298.2001953125,21.729999542236328,-0.012127772043135017,Pre_Breakout_Accumulation,Pre_Breakout_Accumulation
2016-02-10,7215.7001953125,22.469999313354492,-0.011368534484495037,Pre_Breakout_Accumulation,Pre_Breakout_Accumulation
2016-02-11,6976.35009765625,25.969999313354492,-0.03373336331978199,Pre_Breakout_Accumulation,Pre_Breakout_Accumulation
2016-02-12,6980.9501953125,24.670000076293945,0.0006591672782349067,Pre_Breakout_Accumulation,Pre_Breakout_Accumulation
2016-02-15,7162.9501953125,22.3799991607666,0.02573689591661371,Pre_Breakout_Accumulation,Pre_Breakout_Accumulation
2016-02-16,7048.25,23.040000915527344,-0.01614257549907488,Pre_Breakout_Accumulation,Pre_Breakout_Accumulation
2016-02-17,7108.4501953125,21.829999923706055,0.008504885651830765,Pre_Breakout_Accumulation,Pre_Breakout_Accumulation
2016-02-18,7191.75,21.489999771118164,0.011650291007518507,Pre_Breakout_Accumulation,Pre_Breakout_Accumulation
2016-02-19,7210.75,20.920000076293945,0.002638432358562314,Pre_Breakout_Accumulation,Pre_Breakout_Accumulation
2016-02-22,7234.5498046875,21.020000457763672,0.0032951654232690796,Pre_Breakout_Accumulation,Pre_Breakout_Accumulation
2016-02-23,7109.5498046875,23.84000015258789,-0.017429210300505937,Pre_Breakout_Accumulation,Pre_Breakout_Accumulation
2016-02-24,7018.7001953125,22.959999084472656,-0.0128608796700014,Pre_Breakout_Accumulation,Pre_Breakout_Accumulation
2016-02-25,6970.60009765625,22.75,-0.006876725240095017,Pre_Breakout_Accumulation,Pre_Breakout_Accumulation
2016-02-26,7029.75,21.8700008392334,0.008449825021575584,Pre_Breakout_Accumulation,Pre_Breakout_Accumulation
2016-02-29,6987.0498046875,20.15999984741211,-0.006092735574228962,Pre_Breakout_Accumulation,Pre_Breakout_Accumulation
2016-03-01,7222.2998046875,18.670000076293945,0.03311502695088197,Pre_Breakout_Accumulation,Pre_Breakout_Accumulation
2016-03-02,7368.85009765625,18.989999771118164,0.02008823459754814,Pre_Breakout_Accumulation,Pre_Breakout_Accumulation
2016-03-03,7475.60009765625,18.040000915527344,0.014382727390574045,Pre_Breakout_Accumulation,Pre_Breakout_Accumulation
2016-03-04,7485.35009765625,17.8799991607666,0.0013033933343828406,Pre_Breakout_Accumulation,Pre_Breakout_Accumulation
2016-03-08,7485.2998046875,18.469999313354492,-6.718875810813698e-06,Pre_Breakout_Accumulation,Pre_Breakout_Accumulation
2016-03-09,7531.7998046875,17.510000228881836,0.006192960002448895,Pre_Breakout_Accumulation,Pre_Breakout_Accumulation
2016-03-10,7486.14990234375,17.899999618530273,-0.006079397498643517,Pre_Breakout_Accumulation,Pre_Breakout_Accumulation
2016-03-11,7510.2001953125,17.100000381469727,0.0032074889464729544,Pre_Breakout_Accumulation,Pre_Breakout_Accumulation
2016-03-14,7538.75,17.100000381469727,0.0037942631968658764,Pre_Breakout_Accumulation,Pre_Breakout_Accumulation
2016-03-15,7460.60009765625,17.600000381469727,-0.010420532757604035,Pre_Breakout_Accumulation,Pre_Breakout_Accumulation
2016-03-16,7498.75,17.110000610351562,0.005100486959710426,Pre_Breakout_Accumulation,Pre_Breakout_Accumulation
2016-03-17,7512.5498046875,16.84000015258789,0.0018385894298917032,Pre_Breakout_Accumulation,Pre_Breakout_Accumulation
2016-03-18,7604.35009765625,16.3799991607666,0.012145535400108631,Pre_Breakout_Accumulation,Pre_Breakout_Accumulation
2016-03-21,7704.25,16.329999923706055,0.013051659829120443,Pre_Breakout_Accumulation,Pre_Breakout_Accumulation
2016-03-22,7714.89990234375,16.43000030517578,0.0013813866658977931,Pre_Breakout_Accumulation,Steady_Uptrend
2016-03-23,7716.5,16.350000381469727,0.000207382048564695,Pre_Breakout_Accumulation,Pre_Breakout_Accumulation
2016-03-28,7615.10009765625,17.489999771118164,-0.013227762297457975,Pre_Breakout_Accumulation,Pre_Breakout_Accumulation
2016-03-29,7597.0,17.639999389648438,-0.0023796985402065656,Pre_Breakout_Accumulation,Pre_Breakout_Accumulation
2016-03-30,7735.2001953125,16.809999465942383,0.018027932915947852,Pre_Breakout_Accumulation,Pre_Breakout_Accumulation
2016-03-31,7738.39990234375,16.579999923706055,0.0004135698294723892,Pre_Breakout_Accumulation,Pre_Breakout_Accumulation
2016-04-01,7713.0498046875,17.280000686645508,-0.0032812610960895605,Pre_Breakout_Accumulation,Pre_Breakout_Accumulation
2016-04-04,7758.7998046875,17.450000762939453,0.005913983718554631,Pre_Breakout_Accumulation,Pre_Breakout_Accumulation
2016-04-05,7603.2001953125,17.829999923706055,-0.020258420894693874,Pre_Breakout_Accumulation,Pre_Breakout_Accumulation
2016-04-06,7614.35009765625,17.350000381469727,0.0014654006885952725,Pre_Breakout_Accumulation,Pre_Breakout_Accumulation
2016-04-07,7546.4501953125,16.93000030517578,-0.008957357794121351,Pre_Breakout_Accumulation,Pre_Breakout_Accumulation
2016-04-08,7555.2001953125,16.43000030517578,0.001158813871706803,Pre_Breakout_Accumulation,Pre_Breakout_Accumulation
2016-04-11,7671.39990234375,16.010000228881836,0.015263021567415073,Pre_Breakout_Accumulation,Pre_Breakout_Accumulation
2016-04-12,7708.9501953125,16.020000457763672,0.0048829015384887434,Pre_Breakout_Accumulation,Pre_Breakout_Accumulation
2016-04-13,7850.4501953125,16.040000915527344,0.018188863004861715,Pre_Breakout_Accumulation,Pre_Breakout_Accumulation
2016-04-18,7914.7001953125,16.950000762939453,0.008150934704248517,Pre_Breakout_Accumulation,Pre_Breakout_Accumulation
2016-04-20,7914.75,17.079999923706055,6.292661701482301e-06,Pre_Breakout_Accumulation,Pre_Breakout_Accumulation
2016-04-21,7912.0498046875,16.510000228881836,-0.00034121810751646184,Pre_Breakout_Accumulation,Pre_Breakout_Accumulation
2016-04-22,7899.2998046875,16.3799991607666,-0.0016127659027939515,Pre_Breakout_Accumulation,Pre_Breakout_Accumulation
2016-04-25,7855.0498046875,16.56999969482422,-0.005617511031739854,Pre_Breakout_Accumulation,Pre_Breakout_Accumulation
2016-04-26,7962.64990234375,16.579999923706055,0.013605234565983467,Pre_Breakout_Accumulation,Pre_Breakout_Accumulation
2016-04-27,7979.89990234375,16.350000381469727,0.002164021055994669,Pre_Breakout_Accumulation,Pre_Breakout_Accumulation
2016-04-28,7847.25,16.600000381469727,-0.016762715869970777,Pre_Breakout_Accumulation,Pre_Breakout_Accumulation
2016-04-29,7849.7998046875,16.540000915527344,0.0003248769344116223,Pre_Breakout_Accumulation,Pre_Breakout_Accumulation
2016-05-02,7805.89990234375,17.09000015258789,-0.005608183374211703,Pre_Breakout_Accumulation,Pre_Breakout_Accumulation
2016-05-03,7747.0,17.459999084472656,-0.007574173857563739,Pre_Breakout_Accumulation,Pre_Breakout_Accumulation
2016-05-04,7706.5498046875,17.450000762939453,-0.005235080380291306,Pre_Breakout_Accumulation,Pre_Breakout_Accumulation
2016-05-05,7735.5,17.170000076293945,0.003749531907512104,Pre_Breakout_Accumulation,Pre_Breakout_Accumulation
2016-05-06,7733.4501953125,16.950000762939453,-0.00026502182418547155,Pre_Breakout_Accumulation,Pre_Breakout_Accumulation
2016-05-09,7866.0498046875,16.610000610351562,0.017000904277695215,Pre_Breakout_Accumulation,Pre_Breakout_Accumulation
2016-05-10,7887.7998046875,16.420000076293945,0.0027612316174809364,Pre_Breakout_Accumulation,Pre_Breakout_Accumulation
2016-05-11,7848.85009765625,16.959999084472656,-0.004950200558543867,Pre_Breakout_Accumulation,Pre_Breakout_Accumulation
2016-05-12,7900.39990234375,16.329999923706055,0.006546342052207653,Pre_Breakout_Accumulation,Pre_Breakout_Accumulation
2016-05-13,7814.89990234375,17.0,-0.010881223351540733,Pre_Breakout_Accumulation,Pre_Breakout_Accumulation
2016-05-16,7860.75,17.030000686645508,0.005849866346159204,Pre_Breakout_Accumulation,Pre_Breakout_Accumulation
2016-05-17,7890.75,16.3700008392334,0.0038091656381104887,Pre_Breakout_Accumulation,Pre_Breakout_Accumulation
2016-05-18,7870.14990234375,16.450000762939453,-0.002614077814670393,Pre_Breakout_Accumulation,Pre_Breakout_Accumulation
2016-05-19,7783.39990234375,17.059999465942383,-0.011083861385826453,Pre_Breakout_Accumulation,Pre_Breakout_Accumulation
2016-05-20,7749.7001953125,16.43000030517578,-0.004339090032687426,Pre_Breakout_Accumulation,Pre_Breakout_Accumulation
2016-05-23,7731.0498046875,16.15999984741211,-0.0024094956185153732,Pre_Breakout_Accumulation,Pre_Breakout_Accumulation
2016-05-24,7748.85009765625,16.219999313354492,0.0022997953380331686,Pre_Breakout_Accumulation,Pre_Breakout_Accumulation
2016-05-25,7934.89990234375,15.520000457763672,0.023726281336622208,Pre_Breakout_Accumulation,Pre_Breakout_Accumulation
2016-05-26,8069.64990234375,15.329999923706055,0.01683935953427849,Pre_Breakout_Accumulation,Pre_Breakout_Accumulation
2016-05-27,8156.64990234375,15.260000228881836,0.010723434761836886,Pre_Breakout_Accumulation,Pre_Breakout_Accumulation
2016-05-30,8178.5,15.979999542236328,0.002675226223002301,Pre_Breakout_Accumulation,Pre_Breakout_Accumulation
2016-05-31,8160.10009765625,16.049999237060547,-0.0022523239460265896,Pre_Breakout_Accumulation,Pre_Breakout_Accumulation
2016-06-01,8179.9501953125,15.84000015258789,0.0024296262330994575,Pre_Breakout_Accumulation,Pre_Breakout_Accumulation
2016-06-02,8218.9501953125,15.09000015258789,0.004756425442880727,Pre_Breakout_Accumulation,Pre_Breakout_Accumulation
2016-06-03,8220.7998046875,15.0,0.00022501672869773692,Pre_Breakout_Accumulation,Pre_Breakout_Accumulation
2016-06-06,8201.0498046875,15.359999656677246,-0.0024053331374929024,Pre_Breakout_Accumulation,Pre_Breakout_Accumulation
2016-06-07,8266.4501953125,14.869999885559082,0.007943007071457264,Pre_Breakout_Accumulation,Pre_Breakout_Accumulation
2016-06-08,8273.0498046875,15.140000343322754,0.0007980422292402209,Pre_Breakout_Accumulation,Pre_Breakout_Accumulation
2016-06-09,8203.599609375,15.670000076293945,-0.008430185637149968,Pre_Breakout_Accumulation,Pre_Breakout_Accumulation
2016-06-10,8170.0498046875,15.970000267028809,-0.004098029802836798,Pre_Breakout_Accumulation,Pre_Breakout_Accumulation
2016-06-13,8110.60009765625,16.579999923706055,-0.007303144729646939,Pre_Breakout_Accumulation,Pre_Breakout_Accumulation
2016-06-14,8108.85009765625,17.190000534057617,-0.00021579029938960387,Pre_Breakout_Accumulation,Pre_Breakout_Accumulation
2016-06-15,8206.599609375,17.059999465942383,0.011982591110193301,Pre_Breakout_Accumulation,Pre_Breakout_Accumulation
2016-06-16,8140.75,17.700000762939453,-0.008056347617289792,Pre_Breakout_Accumulation,Pre_Breakout_Accumulation
2016-06-17,8170.2001953125,17.350000381469727,0.0036110989197415846,Pre_Breakout_Accumulation,Pre_Breakout_Accumulation
2016-06-20,8238.5,17.520000457763672,0.008324876233428225,Pre_Breakout_Accumulation,Pre_Breakout_Accumulation
2016-06-21,8219.900390625,17.260000228881836,-0.0022601974495153427,Pre_Breakout_Accumulation,Pre_Breakout_Accumulation
2016-06-22,8203.7001953125,18.18000030517578,-0.001972795244488282,Pre_Breakout_Accumulation,Pre_Breakout_Accumulation
2016-06-23,8270.4501953125,18.020000457763672,0.00810364889252149,Pre_Breakout_Accumulation,Pre_Breakout_Accumulation
2016-06-24,8088.60009765625,18.6299991607666,-0.02223326969761141,Pre_Breakout_Accumulation,Pre_Breakout_Accumulation
2016-06-27,8094.7001953125,18.530000686645508,0.0007538756415223447,Pre_Breakout_Accumulation,Pre_Breakout_Accumulation
2016-06-28,8127.85009765625,17.729999542236328,0.004086897298664459,Pre_Breakout_Accumulation,Pre_Breakout_Accumulation
2016-06-29,8204.0,16.15999984741211,0.009325392253691965,Pre_Breakout_Accumulation,Pre_Breakout_Accumulation
2016-06-30,8287.75,16.290000915527344,0.010156680759383653,Pre_Breakout_Accumulation,Pre_Breakout_Accumulation
2016-07-01,8328.349609375,15.739999771118164,0.004886789454209853,Pre_Breakout_Accumulation,Pre_Breakout_Accumulation
2016-07-04,8370.7001953125,15.579999923706055,0.005072225932684971,Pre_Breakout_Accumulation,Pre_Breakout_Accumulation
2016-07-05,8335.9501953125,15.359999656677246,-0.00416002601386157,Pre_Breakout_Accumulation,Pre_Breakout_Accumulation
2016-07-07,8337.900390625,15.3100004196167,0.0002339226096985007,Pre_Breakout_Accumulation,Pre_Breakout_Accumulation
2016-07-08,8323.2001953125,15.079999923706055,-0.0017646132140196943,Pre_Breakout_Accumulation,Pre_Breakout_Accumulation
2016-07-11,8467.900390625,14.850000381469727,0.01723577043083921,Pre_Breakout_Accumulation,Pre_Breakout_Accumulation
2016-07-12,8521.0498046875,14.779999732971191,0.006256959594241648,Pre_Breakout_Accumulation,Pre_Breakout_Accumulation
2016-07-13,8519.5,15.329999923706055,-0.0001818960901539572,Pre_Breakout_Accumulation,Pre_Breakout_Accumulation
2016-07-14,8565.0,15.609999656677246,0.005326478102926448,Pre_Breakout_Accumulation,Pre_Breakout_Accumulation
2016-07-15,8541.400390625,15.640000343322754,-0.0027591572520208334,Pre_Breakout_Accumulation,Pre_Breakout_Accumulation
2016-07-18,8508.7001953125,15.989999771118164,-0.0038357821106622886,Pre_Breakout_Accumulation,Pre_Breakout_Accumulation
2016-07-19,8528.5498046875,15.800000190734863,0.0023301434628515147,Pre_Breakout_Accumulation,Pre_Breakout_Accumulation
2016-07-20,8565.849609375,15.989999771118164,0.004363986470652139,Pre_Breakout_Accumulation,Pre_Breakout_Accumulation
2016-07-21,8510.099609375,15.710000038146973,-0.00652967485068765,Pre_Breakout_Accumulation,Pre_Breakout_Accumulation
2016-07-22,8541.2001953125,15.5,0.0036478885225085054,Pre_Breakout_Accumulation,Pre_Breakout_Accumulation
2016-07-25,8635.650390625,15.720000267028809,0.010997493024321226,Pre_Breakout_Accumulation,Pre_Breakout_Accumulation
2016-07-26,8590.650390625,15.619999885559082,-0.005224581055714631,Pre_Breakout_Accumulation,Pre_Breakout_Accumulation
2016-07-27,8615.7998046875,15.430000305175781,0.0029232563005614403,Pre_Breakout_Accumulation,Pre_Breakout_Accumulation
2016-07-28,8666.2998046875,15.149999618530273,0.005844213941164874,Pre_Breakout_Accumulation,Pre_Breakout_Accumulation
2016-07-29,8638.5,14.920000076293945,-0.0032129615963578163,Pre_Breakout_Accumulation,Pre_Breakout_Accumulation
2016-08-01,8636.5498046875,15.180000305175781,-0.00022578173062699604,Pre_Breakout_Accumulation,Pre_Breakout_Accumulation
2016-08-02,8622.900390625,15.6899995803833,-0.0015816745902789463,Pre_Breakout_Accumulation,Pre_Breakout_Accumulation
2016-08-03,8544.849609375,16.239999771118164,-0.009092783738205783,Pre_Breakout_Accumulation,Pre_Breakout_Accumulation
2016-08-04,8551.099609375,15.140000343322754,0.0007311673892417124,Pre_Breakout_Accumulation,Pre_Breakout_Accumulation
2016-08-05,8683.150390625,14.350000381469727,0.015324527088340225,Pre_Breakout_Accumulation,Pre_Breakout_Accumulation
2016-08-08,8711.349609375,14.59000015258789,0.003242317221417232,Pre_Breakout_Accumulation,Pre_Breakout_Accumulation
2016-08-09,8678.25,14.539999961853027,-0.0038068328301676924,Pre_Breakout_Accumulation,Pre_Breakout_Accumulation
2016-08-10,8575.2998046875,14.920000076293945,-0.0119339403558223,Pre_Breakout_Accumulation,Pre_Breakout_Accumulation
2016-08-11,8592.150390625,14.210000038146973,0.001963086091088332,Pre_Breakout_Accumulation,Pre_Breakout_Accumulation
2016-08-16,8642.5498046875,14.180000305175781,0.0058486143833095606,Pre_Breakout_Accumulation,Pre_Breakout_Accumulation
2016-08-17,8624.0498046875,14.779999732971191,-0.0021428662849281455,Pre_Breakout_Accumulation,Pre_Breakout_Accumulation
2016-08-18,8673.25,14.550000190734863,0.005688787100174632,Pre_Breakout_Accumulation,Pre_Breakout_Accumulation
2016-08-19,8666.900390625,14.539999961853027,-0.0007323592374647016,Pre_Breakout_Accumulation,Pre_Breakout_Accumulation
2016-08-22,8629.150390625,14.239999771118164,-0.004365165253066113,Pre_Breakout_Accumulation,Pre_Breakout_Accumulation
2016-08-23,8632.599609375,13.899999618530273,0.0003996372089627608,Pre_Breakout_Accumulation,Pre_Breakout_Accumulation
2016-08-24,8650.2998046875,13.489999771118164,0.0020482907499330422,Pre_Breakout_Accumulation,Pre_Breakout_Accumulation
2016-08-25,8592.2001953125,13.289999961853027,-0.006739142150229588,Pre_Breakout_Accumulation,Pre_Breakout_Accumulation
2016-08-26,8572.5498046875,13.569999694824219,-0.0022896225356679534,Pre_Breakout_Accumulation,Pre_Breakout_Accumulation
2016-08-29,8607.4501953125,13.170000076293945,0.00406291485846204,Pre_Breakout_Accumulation,Pre_Breakout_Accumulation
2016-08-30,8744.349609375,13.020000457763672,0.015779602831678955,Pre_Breakout_Accumulation,Pre_Breakout_Accumulation
2016-08-31,8786.2001953125,13.239999771118164,0.0047745981624819625,Pre_Breakout_Accumulation,Pre_Breakout_Accumulation
2016-09-01,8774.650390625,13.34000015258789,-0.0013154039773133465,Pre_Breakout_Accumulation,Pre_Breakout_Accumulation
2016-09-02,8809.650390625,12.9399995803833,0.00398082888319566,Pre_Breakout_Accumulation,Pre_Breakout_Accumulation
2016-09-06,8943.0,12.75,0.015023347446829987,Pre_Breakout_Accumulation,Pre_Breakout_Accumulation
2016-09-07,8917.9501953125,13.149999618530273,-0.0028049819116828943,Pre_Breakout_Accumulation,Pre_Breakout_Accumulation
2016-09-08,8952.5,13.119999885559082,0.0038667014380895045,Pre_Breakout_Accumulation,Pre_Breakout_Accumulation
2016-09-09,8866.7001953125,13.229999542236328,-0.009630114351834806,Pre_Breakout_Accumulation,Pre_Breakout_Accumulation
2016-09-12,8715.599609375,15.239999771118164,-0.01718822993969123,Pre_Breakout_Accumulation,Pre_Breakout_Accumulation
2016-09-14,8726.599609375,14.760000228881836,0.0012613090035687876,Pre_Breakout_Accumulation,Pre_Breakout_Accumulation
2016-09-15,8742.5498046875,14.680000305175781,0.0018260991839711186,Pre_Breakout_Accumulation,Pre_Breakout_Accumulation
2016-09-16,8779.849609375,14.579999923706055,0.0042573919410826295,Pre_Breakout_Accumulation,Pre_Breakout_Accumulation
2016-09-19,8808.400390625,14.9399995803833,0.003246577269225301,Pre_Breakout_Accumulation,Pre_Breakout_Accumulation
2016-09-20,8775.900390625,14.779999732971191,-0.0036964832905136196,Pre_Breakout_Accumulation,Pre_Breakout_Accumulation
2016-09-21,8777.150390625,14.8100004196167,0.00014242538436080372,Pre_Breakout_Accumulation,Pre_Breakout_Accumulation
2016-09-22,8867.4501953125,13.34000015258789,0.01023549301709891,Pre_Breakout_Accumulation,Pre_Breakout_Accumulation
2016-09-23,8831.5498046875,13.25,-0.004056776073300545,Pre_Breakout_Accumulation,Pre_Breakout_Accumulation
2016-09-26,8723.0498046875,14.569999694824219,-0.01236159001721051,Pre_Breakout_Accumulation,Pre_Breakout_Accumulation
2016-09-27,8706.400390625,14.25,-0.0019104927510736648,Pre_Breakout_Accumulation,Pre_Breakout_Accumulation
2016-09-28,8745.150390625,13.850000381469727,0.004440873383603119,Pre_Breakout_Accumulation,Pre_Breakout_Accumulation
2016-09-29,8591.25,18.450000762939453,-0.01775506219605918,Pre_Breakout_Accumulation,Pre_Breakout_Accumulation
2016-09-30,8611.150390625,17.18000030517578,0.002313677050935853,Pre_Breakout_Accumulation,Pre_Breakout_Accumulation
2016-10-03,8738.099609375,15.619999885559082,0.014634809521912494,Pre_Breakout_Accumulation,Pre_Breakout_Accumulation
2016-10-04,8769.150390625,14.989999771118164,0.0035471948830647004,Pre_Breakout_Accumulation,Pre_Breakout_Accumulation
2016-10-05,8743.9501953125,14.930000305175781,-0.002877869921600413,Pre_Breakout_Accumulation,Pre_Breakout_Accumulation
2016-10-06,8709.5498046875,14.84000015258789,-0.00394195263650275,Pre_Breakout_Accumulation,Pre_Breakout_Accumulation
2016-10-07,8697.599609375,14.489999771118164,-0.0013730217286708416,Pre_Breakout_Accumulation,Pre_Breakout_Accumulation
2016-10-10,8708.7998046875,14.289999961853027,0.0012869056479532695,Pre_Breakout_Accumulation,Pre_Breakout_Accumulation
2016-10-13,8573.349609375,15.430000305175781,-0.015675477121613476,Pre_Breakout_Accumulation,Pre_Breakout_Accumulation
2016-10-14,8583.400390625,14.890000343322754,0.001171641761961016,Pre_Breakout_Accumulation,Pre_Breakout_Accumulation
2016-10-17,8520.400390625,15.65999984741211,-0.007366816969274471,Pre_Breakout_Accumulation,Pre_Breakout_Accumulation
2016-10-18,8677.900390625,14.539999961853027,0.018316274989203487,Pre_Breakout_Accumulation,Pre_Breakout_Accumulation
2016-10-19,8659.099609375,14.609999656677246,-0.0021688629658940845,Pre_Breakout_Accumulation,Pre_Breakout_Accumulation
2016-10-20,8699.400390625,14.170000076293945,0.004643356702434108,Pre_Breakout_Accumulation,Pre_Breakout_Accumulation
2016-10-21,8693.0498046875,13.829999923706055,-0.0007302693005771827,Pre_Breakout_Accumulation,Pre_Breakout_Accumulation
2016-10-24,8708.9501953125,14.329999923706055,0.001827421566475664,Pre_Breakout_Accumulation,Pre_Breakout_Accumulation
2016-10-25,8691.2998046875,14.479999542236328,-0.0020287520787162444,Pre_Breakout_Accumulation,Pre_Breakout_Accumulation
2016-10-26,8615.25,14.449999809265137,-0.008788614143283245,Pre_Breakout_Accumulation,Pre_Breakout_Accumulation
2016-10-27,8615.25,14.09000015258789,0.0,Pre_Breakout_Accumulation,Pre_Breakout_Accumulation
2016-10-28,8638.0,14.649999618530273,0.0026371858270232084,Pre_Breakout_Accumulation,Pre_Breakout_Accumulation
2016-11-01,8626.25,15.739999771118164,-0.001361194585834806,Pre_Breakout_Accumulation,Pre_Breakout_Accumulation
2016-11-02,8514.0,16.799999237060547,-0.013098012546713908,Pre_Breakout_Accumulation,Pre_Breakout_Accumulation
2016-11-03,8484.9501953125,16.469999313354492,-0.003417838470350909,Pre_Breakout_Accumulation,Pre_Breakout_Accumulation
2016-11-04,8433.75,16.850000381469727,-0.006052515976111644,Pre_Breakout_Accumulation,Pre_Breakout_Accumulation
2016-11-07,8497.0498046875,16.510000228881836,0.007477508488472915,Pre_Breakout_Accumulation,Pre_Breakout_Accumulation
2016-11-08,8543.5498046875,16.770000457763672,0.005457567982692605,Pre_Breakout_Accumulation,Pre_Breakout_Accumulation
2016-11-09,8432.0,16.6200008392334,-0.013142597631657107,Pre_Breakout_Accumulation,Pre_Breakout_Accumulation
2016-11-10,8525.75,15.460000038146973,0.01105700404045472,Pre_Breakout_Accumulation,Pre_Breakout_Accumulation
2016-11-11,8296.2998046875,17.360000610351562,-0.027281387102400093,Pre_Breakout_Accumulation,Pre_Breakout_Accumulation
2016-11-15,8108.4501953125,20.149999618530273,-0.02290285685988103,Pre_Breakout_Accumulation,Pre_Breakout_Accumulation
2016-11-16,8111.60009765625,19.5,0.00038839613027746525,Pre_Breakout_Accumulation,Pre_Breakout_Accumulation
2016-11-17,8079.9501953125,18.709999084472656,-0.003909439439923456,Pre_Breakout_Accumulation,Pre_Breakout_Accumulation
2016-11-18,8074.10009765625,17.809999465942383,-0.0007242886837538094,Pre_Breakout_Accumulation,Pre_Breakout_Accumulation
2016-11-21,7929.10009765625,19.100000381469727,-0.01812187142597807,Pre_Breakout_Accumulation,Pre_Breakout_Accumulation
2016-11-22,8002.2998046875,18.469999313354492,0.009189427494782599,Pre_Breakout_Accumulation,Pre_Breakout_Accumulation
2016-11-23,8033.2998046875,18.040000915527344,0.0038664021768522933,Pre_Breakout_Accumulation,Pre_Breakout_Accumulation
2016-11-24,7965.5,17.15999984741211,-0.008475662098624583,Pre_Breakout_Accumulation,Pre_Breakout_Accumulation
2016-11-25,8114.2998046875,17.610000610351562,0.018508197132649923,Pre_Breakout_Accumulation,Pre_Breakout_Accumulation
2016-11-28,8126.89990234375,18.059999465942383,0.0015516218520139676,Pre_Breakout_Accumulation,Pre_Breakout_Accumulation
2016-11-29,8142.14990234375,17.709999084472656,0.001874725893588773,Pre_Breakout_Accumulation,Pre_Breakout_Accumulation
2016-11-30,8224.5,16.850000381469727,0.010063243621010479,Pre_Breakout_Accumulation,Pre_Breakout_Accumulation
2016-12-01,8192.900390625,16.690000534057617,-0.0038495313077255163,Pre_Breakout_Accumulation,Pre_Breakout_Accumulation
2016-12-02,8086.7998046875,17.93000030517578,-0.013034894616329137,Pre_Breakout_Accumulation,Pre_Breakout_Accumulation
2016-12-05,8128.75,17.290000915527344,0.005174081595203409,Pre_Breakout_Accumulation,Pre_Breakout_Accumulation
2016-12-06,8143.14990234375,17.110000610351562,0.0017699108511295017,Pre_Breakout_Accumulation,Pre_Breakout_Accumulation
2016-12-07,8102.0498046875,16.850000381469727,-0.005059979081726745,Pre_Breakout_Accumulation,Pre_Breakout_Accumulation
2016-12-08,8246.849609375,15.529999732971191,0.017714169916451,Pre_Breakout_Accumulation,Pre_Breakout_Accumulation
2016-12-09,8261.75,15.069999694824219,0.0018051676124941,Pre_Breakout_Accumulation,Pre_Breakout_Accumulation
2016-12-12,8170.7998046875,16.190000534057617,-0.011069630108506541,Pre_Breakout_Accumulation,Pre_Breakout_Accumulation
2016-12-13,8221.7998046875,15.920000076293945,0.006222340051564259,Pre_Breakout_Accumulation,Pre_Breakout_Accumulation
2016-12-14,8182.4501953125,16.59000015258789,-0.004797498800311476,Pre_Breakout_Accumulation,Pre_Breakout_Accumulation
2016-12-15,8153.60009765625,15.65999984741211,-0.0035320811496494836,Pre_Breakout_Accumulation,Pre_Breakout_Accumulation
2016-12-16,8139.4501953125,15.25,-0.0017369253327930302,Pre_Breakout_Accumulation,Pre_Breakout_Accumulation
2016-12-19,8104.35009765625,14.84000015258789,-0.004321667547371758,Pre_Breakout_Accumulation,Pre_Breakout_Accumulation
2016-12-20,8082.39990234375,14.539999961853027,-0.0027121205636996375,Pre_Breakout_Accumulation,Pre_Breakout_Accumulation
2016-12-21,8061.2998046875,14.710000038146973,-0.0026140364419853872,Pre_Breakout_Accumulation,Pre_Breakout_Accumulation
2016-12-22,7979.10009765625,15.550000190734863,-0.010249174221346512,Pre_Breakout_Accumulation,Pre_Breakout_Accumulation
2016-12-23,7985.75,15.130000114440918,0.0008330679821808747,Pre_Breakout_Accumulation,Pre_Breakout_Accumulation
2016-12-26,7908.25,16.600000381469727,-0.009752185003088458,Pre_Breakout_Accumulation,Pre_Breakout_Accumulation
2016-12-27,8032.85009765625,15.079999923706055,0.015632877835896817,Pre_Breakout_Accumulation,Pre_Breakout_Accumulation
2016-12-28,8034.85009765625,15.539999961853027,0.00024894664276991384,Pre_Breakout_Accumulation,Pre_Breakout_Accumulation
2016-12-29,8103.60009765625,15.279999732971191,0.008520076594398652,Pre_Breakout_Accumulation,Pre_Breakout_Accumulation
2016-12-30,8185.7998046875,15.470000267028809,0.010092502517199517,Pre_Breakout_Accumulation,Pre_Breakout_Accumulation
2017-01-02,8179.5,15.829999923706055,-0.0007698979027411989,Pre_Breakout_Accumulation,Pre_Breakout_Accumulation
2017-01-03,8192.25,15.960000038146973,0.0015575613575361691,Pre_Breakout_Accumulation,Pre_Breakout_Accumulation
2017-01-04,8190.5,15.890000343322754,-0.00021363934707617968,Pre_Breakout_Accumulation,Pre_Breakout_Accumulation
2017-01-05,8273.7998046875,15.050000190734863,0.01011892597298775,Pre_Breakout_Accumulation,Pre_Breakout_Accumulation
2017-01-06,8243.7998046875,14.90999984741211,-0.0036324930615801707,Pre_Breakout_Accumulation,Pre_Breakout_Accumulation
2017-01-09,8236.0498046875,15.479999542236328,-0.0009405426329750955,Pre_Breakout_Accumulation,Pre_Breakout_Accumulation
2017-01-10,8288.599609375,15.199999809265137,0.006360193250249055,Pre_Breakout_Accumulation,Pre_Breakout_Accumulation
2017-01-11,8380.650390625,14.8100004196167,0.011044494137506545,Pre_Breakout_Accumulation,Pre_Breakout_Accumulation
2017-01-12,8407.2001953125,14.609999656677246,0.0031629810720875113,Pre_Breakout_Accumulation,Pre_Breakout_Accumulation
2017-01-13,8400.349609375,14.380000114440918,-0.0008151796539613075,Pre_Breakout_Accumulation,Pre_Breakout_Accumulation
2017-01-16,8412.7998046875,15.069999694824219,0.0014810071904502009,Pre_Breakout_Accumulation,Pre_Breakout_Accumulation
2017-01-17,8398.0,15.390000343322754,-0.001760750075312027,Pre_Breakout_Accumulation,Pre_Breakout_Accumulation
2017-01-18,8417.0,15.180000305175781,0.002259887967437504,Pre_Breakout_Accumulation,Pre_Breakout_Accumulation
2017-01-19,8435.099609375,15.020000457763672,0.0021480547533008396,Pre_Breakout_Accumulation,Pre_Breakout_Accumulation
2017-01-20,8349.349609375,15.789999961853027,-0.010217880246458876,Pre_Breakout_Accumulation,Pre_Breakout_Accumulation
2017-01-23,8391.5,15.90999984741211,0.005035644029815811,Pre_Breakout_Accumulation,Pre_Breakout_Accumulation
2017-01-24,8475.7998046875,15.289999961853027,0.009995732282151228,Pre_Breakout_Accumulation,Pre_Breakout_Accumulation
2017-01-25,8602.75,15.170000076293945,0.014866898538362306,Pre_Breakout_Accumulation,Pre_Breakout_Accumulation
2017-01-27,8641.25,16.010000228881836,0.004465328690727306,Pre_Breakout_Accumulation,Pre_Breakout_Accumulation
2017-01-30,8632.75,16.670000076293945,-0.0009841380903137704,Pre_Breakout_Accumulation,Pre_Breakout_Accumulation
2017-01-31,8561.2998046875,16.829999923706055,-0.008311085218864388,Pre_Breakout_Accumulation,Pre_Breakout_Accumulation
2017-02-01,8716.400390625,13.970000267028809,0.017954328487415367,Pre_Breakout_Accumulation,Pre_Breakout_Accumulation
2017-02-02,8734.25,13.520000457763672,0.002045724967320079,Pre_Breakout_Accumulation,Pre_Breakout_Accumulation
2017-02-03,8740.9501953125,13.130000114440918,0.0007668233343177947,Pre_Breakout_Accumulation,Pre_Breakout_Accumulation
2017-02-06,8801.0498046875,13.399999618530273,0.006852108598963618,Pre_Breakout_Accumulation,Pre_Breakout_Accumulation
2017-02-07,8768.2998046875,13.510000228881836,-0.003728087682222944,Pre_Breakout_Accumulation,Pre_Breakout_Accumulation
2017-02-08,8769.0498046875,13.350000381469727,8.553173850807276e-05,Pre_Breakout_Accumulation,Pre_Breakout_Accumulation
2017-02-09,8778.400390625,13.239999771118164,0.0010657487804178315,Pre_Breakout_Accumulation,Pre_Breakout_Accumulation
2017-02-10,8793.5498046875,13.180000305175781,0.0017242727924366554,Pre_Breakout_Accumulation,Pre_Breakout_Accumulation
2017-02-13,8805.0498046875,13.6899995803833,0.0013069223565665177,Pre_Breakout_Accumulation,Pre_Breakout_Accumulation
2017-02-14,8792.2998046875,13.800000190734863,-0.0014490821077153884,Pre_Breakout_Accumulation,Pre_Breakout_Accumulation
2017-02-15,8724.7001953125,14.210000038146973,-0.007718210304816345,Pre_Breakout_Accumulation,Pre_Breakout_Accumulation
2017-02-16,8778.0,13.729999542236328,0.006090485336691579,Pre_Breakout_Accumulation,Pre_Breakout_Accumulation
2017-02-17,8821.7001953125,13.430000305175781,0.004966026084143879,Pre_Breakout_Accumulation,Pre_Breakout_Accumulation
2017-02-20,8879.2001953125,13.609999656677246,0.006496867502078924,Pre_Breakout_Accumulation,Pre_Breakout_Accumulation
2017-02-21,8907.849609375,13.529999732971191,0.0032213817527225,Pre_Breakout_Accumulation,Pre_Breakout_Accumulation
2017-02-22,8926.900390625,13.699999809265137,0.0021363673161383717,Pre_Breakout_Accumulation,Pre_Breakout_Accumulation
2017-02-23,8939.5,13.399999618530273,0.0014104252886116898,Pre_Breakout_Accumulation,Pre_Breakout_Accumulation
2017-02-27,8896.7001953125,13.680000305175781,-0.00479921579345047,Pre_Breakout_Accumulation,Pre_Breakout_Accumulation
2017-02-28,8879.599609375,13.789999961853027,-0.0019239764630964217,Pre_Breakout_Accumulation,Pre_Breakout_Accumulation
2017-03-01,8945.7998046875,13.579999923706055,0.007427659614302356,Pre_Breakout_Accumulation,Pre_Breakout_Accumulation
2017-03-02,8899.75,13.359999656677246,-0.005160940111567701,Pre_Breakout_Accumulation,Pre_Breakout_Accumulation
2017-03-03,8897.5498046875,13.350000381469727,-0.0002472504647169898,Pre_Breakout_Accumulation,Pre_Breakout_Accumulation
2017-03-06,8963.4501953125,13.640000343322754,0.00737928331770254,Pre_Breakout_Accumulation,Pre_Breakout_Accumulation
2017-03-07,8946.900390625,13.880000114440918,-0.0018480720763560477,Pre_Breakout_Accumulation,Pre_Breakout_Accumulation
2017-03-08,8924.2998046875,14.079999923706055,-0.0025292759007722594,Pre_Breakout_Accumulation,Pre_Breakout_Accumulation
2017-03-09,8927.0,14.390000343322754,0.0003025208654424808,Pre_Breakout_Accumulation,Pre_Breakout_Accumulation
2017-03-10,8934.5498046875,13.960000038146973,0.0008453695473995277,Pre_Breakout_Accumulation,Pre_Breakout_Accumulation
2017-03-14,9087.0,12.399999618530273,0.016919058968585234,Pre_Breakout_Accumulation,Pre_Breakout_Accumulation
2017-03-15,9084.7998046875,12.420000076293945,-0.00024215491551740303,Pre_Breakout_Accumulation,Pre_Breakout_Accumulation
2017-03-16,9153.7001953125,11.90999984741211,0.0075555246752815495,Pre_Breakout_Accumulation,Pre_Breakout_Accumulation
2017-03-17,9160.0498046875,11.850000381469727,0.000693425391241901,Pre_Breakout_Accumulation,Pre_Breakout_Accumulation
2017-03-20,9126.849609375,12.020000457763672,-0.0036310400180971465,Pre_Breakout_Accumulation,Pre_Breakout_Accumulation
2017-03-21,9121.5,11.9399995803833,-0.0005863115999817308,Pre_Breakout_Accumulation,Pre_Breakout_Accumulation
2017-03-22,9030.4501953125,12.270000457763672,-0.010032042543653485,Pre_Breakout_Accumulation,Pre_Breakout_Accumulation
2017-03-23,9086.2998046875,11.84000015258789,0.006165541424006181,Pre_Breakout_Accumulation,Pre_Breakout_Accumulation
2017-03-24,9108.0,11.979999542236328,0.0023853850750034113,Pre_Breakout_Accumulation,Pre_Breakout_Accumulation
2017-03-27,9045.2001953125,12.4399995803833,-0.006918896341847197,Pre_Breakout_Accumulation,Pre_Breakout_Accumulation
2017-03-28,9100.7998046875,12.119999885559082,0.006128048426003716,Pre_Breakout_Accumulation,Pre_Breakout_Accumulation
2017-03-29,9143.7998046875,12.09000015258789,0.004713732341589461,Pre_Breakout_Accumulation,Pre_Breakout_Accumulation
2017-03-30,9173.75,12.149999618530273,0.0032701122498964663,Pre_Breakout_Accumulation,Pre_Breakout_Accumulation
2017-03-31,9173.75,12.420000076293945,0.0,Pre_Breakout_Accumulation,Pre_Breakout_Accumulation
2017-04-03,9237.849609375,11.489999771118164,0.006962987433382358,Pre_Breakout_Accumulation,Pre_Breakout_Accumulation
2017-04-05,9265.150390625,11.550000190734863,0.0029509594186491106,Pre_Breakout_Accumulation,Pre_Breakout_Accumulation
2017-04-06,9261.9501953125,11.289999961853027,-0.00034546099962948787,Pre_Breakout_Accumulation,Pre_Breakout_Accumulation
2017-04-07,9198.2998046875,11.6899995803833,-0.006895967591191596,Pre_Breakout_Accumulation,Pre_Breakout_Accumulation
2017-04-10,9181.4501953125,11.619999885559082,-0.001833497636833679,Pre_Breakout_Accumulation,Pre_Breakout_Accumulation
2017-04-11,9237.0,11.399999618530273,0.006031992108960761,Pre_Breakout_Accumulation,Pre_Breakout_Accumulation
2017-04-12,9203.4501953125,11.630000114440918,-0.0036387226287440087,Pre_Breakout_Accumulation,Pre_Breakout_Accumulation
2017-04-13,9150.7998046875,11.579999923706055,-0.005737149166000338,Pre_Breakout_Accumulation,Pre_Breakout_Accumulation
2017-04-17,9139.2998046875,11.890000343322754,-0.0012575110864404995,Pre_Breakout_Accumulation,Pre_Breakout_Accumulation
2017-04-18,9105.150390625,12.380000114440918,-0.003743544319295666,Pre_Breakout_Accumulation,Pre_Breakout_Accumulation
2017-04-19,9103.5,12.220000267028809,-0.00018127544810997014,Pre_Breakout_Accumulation,Pre_Breakout_Accumulation
2017-04-20,9136.400390625,11.5600004196167,0.00360752258526342,Pre_Breakout_Accumulation,Pre_Breakout_Accumulation
2017-04-21,9119.400390625,11.420000076293945,-0.0018624222643066866,Pre_Breakout_Accumulation,Pre_Breakout_Accumulation
2017-04-24,9217.9501953125,11.630000114440918,0.010748636018943606,Pre_Breakout_Accumulation,Pre_Breakout_Accumulation
2017-04-25,9306.599609375,11.15999984741211,0.009571092601938416,Pre_Breakout_Accumulation,Pre_Breakout_Accumulation
2017-04-26,9351.849609375,11.739999771118164,0.00485035901773151,Pre_Breakout_Accumulation,Pre_Breakout_Accumulation
2017-04-27,9342.150390625,11.069999694824219,-0.001037682638315093,Pre_Breakout_Accumulation,Pre_Breakout_Accumulation
2017-04-28,9304.0498046875,10.859999656677246,-0.004086692040742791,Pre_Breakout_Accumulation,Pre_Breakout_Accumulation
2017-05-02,9313.7998046875,11.449999809265137,0.0010473820656935206,Pre_Breakout_Accumulation,Pre_Breakout_Accumulation
2017-05-03,9311.9501953125,11.529999732971191,-0.00019860777483643832,Pre_Breakout_Accumulation,Pre_Breakout_Accumulation
2017-05-04,9359.900390625,11.329999923706055,0.005136105872378302,Pre_Breakout_Accumulation,Pre_Breakout_Accumulation
2017-05-05,9285.2998046875,11.989999771118164,-0.008002164979810267,Pre_Breakout_Accumulation,Pre_Breakout_Accumulation
2017-05-08,9314.0498046875,11.670000076293945,0.0030915084131222883,Pre_Breakout_Accumulation,Pre_Breakout_Accumulation
2017-05-09,9316.849609375,11.109999656677246,0.0003005549701442118,Pre_Breakout_Accumulation,Pre_Breakout_Accumulation
2017-05-10,9407.2998046875,10.949999809265137,0.009661416055306064,Pre_Breakout_Accumulation,Pre_Breakout_Accumulation
2017-05-11,9422.400390625,10.84000015258789,0.0016039118008357616,Pre_Breakout_Accumulation,Pre_Breakout_Accumulation
2017-05-12,9400.900390625,10.630000114440918,-0.0022844037397764944,Pre_Breakout_Accumulation,Pre_Breakout_Accumulation
2017-05-15,9445.400390625,10.680000305175781,0.004722420937348687,Pre_Breakout_Accumulation,Pre_Breakout_Accumulation
2017-05-16,9512.25,10.5600004196167,0.007052549770711115,Pre_Breakout_Accumulation,Pre_Breakout_Accumulation
2017-05-17,9525.75,10.640000343322754,0.0014182164368899746,Pre_Breakout_Accumulation,Pre_Breakout_Accumulation
2017-05-18,9429.4501953125,11.789999961853027,-0.01016086690923151,Pre_Breakout_Accumulation,Pre_Breakout_Accumulation
2017-05-19,9427.900390625,11.300000190734863,-0.00016437141409942322,Pre_Breakout_Accumulation,Pre_Breakout_Accumulation
2017-05-22,9438.25,11.199999809265137,0.0010971618691591547,Pre_Breakout_Accumulation,Pre_Breakout_Accumulation
2017-05-23,9386.150390625,12.199999809265137,-0.005535341505865151,Pre_Breakout_Accumulation,Pre_Breakout_Accumulation
2017-05-24,9360.5498046875,11.829999923706055,-0.002731211528938736,Pre_Breakout_Accumulation,Pre_Breakout_Accumulation
2017-05-25,9509.75,10.449999809265137,0.01581355951256376,Pre_Breakout_Accumulation,Pre_Breakout_Accumulation
2017-05-26,9595.099609375,10.859999656677246,0.008934922695320598,Pre_Breakout_Accumulation,Pre_Breakout_Accumulation
2017-05-29,9604.900390625,11.789999961853027,0.001020914802213731,Pre_Breakout_Accumulation,Pre_Breakout_Accumulation
2017-05-30,9624.5498046875,11.770000457763672,0.0020436799494468433,Pre_Breakout_Accumulation,Pre_Breakout_Accumulation
2017-05-31,9621.25,11.760000228881836,-0.0003429116745806887,Pre_Breakout_Accumulation,Pre_Breakout_Accumulation
2017-06-01,9616.099609375,11.3100004196167,-0.0005354574151470177,Pre_Breakout_Accumulation,Pre_Breakout_Accumulation
2017-06-02,9653.5,10.8100004196167,0.003881807442491232,Pre_Breakout_Accumulation,Pre_Breakout_Accumulation
2017-06-05,9675.099609375,11.020000457763672,0.00223499051174814,Pre_Breakout_Accumulation,Pre_Breakout_Accumulation
2017-06-06,9637.150390625,11.130000114440918,-0.003930072114359614,Pre_Breakout_Accumulation,Pre_Breakout_Accumulation
2017-06-07,9663.900390625,10.890000343322754,0.002771871586730097,Pre_Breakout_Accumulation,Pre_Breakout_Accumulation
2017-06-08,9647.25,11.069999694824219,-0.0017244332330555142,Pre_Breakout_Accumulation,Pre_Breakout_Accumulation
2017-06-09,9668.25,10.859999656677246,0.0021744203643893584,Pre_Breakout_Accumulation,Pre_Breakout_Accumulation
2017-06-12,9616.400390625,11.420000076293945,-0.005377306123000276,Pre_Breakout_Accumulation,Pre_Breakout_Accumulation
2017-06-13,9606.900390625,11.34000015258789,-0.0009883839285963953,Pre_Breakout_Accumulation,Pre_Breakout_Accumulation
2017-06-14,9618.150390625,11.180000305175781,0.001170348147540874,Pre_Breakout_Accumulation,Pre_Breakout_Accumulation
2017-06-15,9578.0498046875,11.329999923706055,-0.00417797729350316,Pre_Breakout_Accumulation,Pre_Breakout_Accumulation
2017-06-16,9588.0498046875,10.920000076293945,0.0010435092284018055,Pre_Breakout_Accumulation,Pre_Breakout_Accumulation
2017-06-19,9657.5498046875,10.630000114440918,0.0072224616043765726,Pre_Breakout_Accumulation,Pre_Breakout_Accumulation
2017-06-20,9653.5,10.65999984741211,-0.00041942875067181194,Pre_Breakout_Accumulation,Pre_Breakout_Accumulation
2017-06-21,9633.599609375,10.920000076293945,-0.0020635967138743832,Pre_Breakout_Accumulation,Pre_Breakout_Accumulation
2017-06-22,9630.0,11.210000038146973,-0.00037372136982585634,Pre_Breakout_Accumulation,Pre_Breakout_Accumulation
2017-06-23,9574.9501953125,11.5600004196167,-0.005732892290795095,Pre_Breakout_Accumulation,Pre_Breakout_Accumulation
2017-06-27,9511.400390625,12.510000228881836,-0.006659213268124637,Pre_Breakout_Accumulation,Pre_Breakout_Accumulation
2017-06-28,9491.25,11.989999771118164,-0.002120798705808072,Pre_Breakout_Accumulation,Pre_Breakout_Accumulation
2017-06-29,9504.099609375,11.380000114440918,0.001352921804466218,Pre_Breakout_Accumulation,Pre_Breakout_Accumulation
2017-06-30,9520.900390625,11.729999542236328,0.0017661798283679123,Pre_Breakout_Accumulation,Pre_Breakout_Accumulation
2017-07-03,9615.0,11.199999809265137,0.00983495586260243,Pre_Breakout_Accumulation,Pre_Breakout_Accumulation
2017-07-04,9613.2998046875,11.279999732971191,-0.00017684302140083614,Pre_Breakout_Accumulation,Pre_Breakout_Accumulation
2017-07-05,9637.599609375,11.149999618530273,0.0025245384198064923,Pre_Breakout_Accumulation,Pre_Breakout_Accumulation
2017-07-06,9674.5498046875,10.979999542236328,0.00382663157881288,Pre_Breakout_Accumulation,Pre_Breakout_Accumulation
2017-07-07,9665.7998046875,10.869999885559082,-0.000904844097829429,Pre_Breakout_Accumulation,Pre_Breakout_Accumulation
2017-07-10,9771.0498046875,10.90999984741211,0.010830050223587575,Pre_Breakout_Accumulation,Pre_Breakout_Accumulation
2017-07-11,9786.0498046875,10.890000343322754,0.0015339700917757582,Pre_Breakout_Accumulation,Pre_Breakout_Accumulation
2017-07-12,9816.099609375,11.050000190734863,0.003065972775967725,Pre_Breakout_Accumulation,Pre_Breakout_Accumulation
2017-07-13,9891.7001953125,11.25,0.0076721863955028615,Pre_Breakout_Accumulation,Pre_Breakout_Accumulation
2017-07-14,9886.349609375,11.170000076293945,-0.0005410630593885717,Pre_Breakout_Accumulation,Pre_Breakout_Accumulation
2017-07-17,9915.9501953125,11.460000038146973,0.0029896131536668747,Pre_Breakout_Accumulation,Pre_Breakout_Accumulation
2017-07-18,9827.150390625,11.489999771118164,-0.008995588419495522,Pre_Breakout_Accumulation,Pre_Breakout_Accumulation
2017-07-19,9899.599609375,11.260000228881836,0.007345309743460549,Pre_Breakout_Accumulation,Pre_Breakout_Accumulation
2017-07-20,9873.2998046875,11.319999694824219,-0.002660188538483533,Pre_Breakout_Accumulation,Pre_Breakout_Accumulation
2017-07-21,9915.25,11.09000015258789,0.004239851688892752,Pre_Breakout_Accumulation,Pre_Breakout_Accumulation
2017-07-24,9966.400390625,11.3100004196167,0.005145498736317388,Pre_Breakout_Accumulation,Pre_Breakout_Accumulation
2017-07-25,9964.5498046875,10.90999984741211,-0.00018569972075426088,Pre_Breakout_Accumulation,Pre_Breakout_Accumulation
2017-07-26,10020.650390625,11.170000076293945,0.005614227803035337,Pre_Breakout_Accumulation,Pre_Breakout_Accumulation
2017-07-27,10020.5498046875,11.220000267028809,-1.0037915545995924e-05,Pre_Breakout_Accumulation,Pre_Breakout_Accumulation
2017-07-28,10014.5,11.140000343322754,-0.0006039221195206731,Pre_Breakout_Accumulation,Pre_Breakout_Accumulation
2017-07-31,10077.099609375,11.899999618530273,0.006231441314613235,Pre_Breakout_Accumulation,Pre_Breakout_Accumulation
2017-08-01,10114.650390625,11.90999984741211,0.003719422490879323,Pre_Breakout_Accumulation,Pre_Breakout_Accumulation
2017-08-02,10081.5,11.9399995803833,-0.0032828454686495033,Pre_Breakout_Accumulation,Pre_Breakout_Accumulation
2017-08-03,10013.650390625,11.640000343322754,-0.006752859858295522,Pre_Breakout_Accumulation,Pre_Breakout_Accumulation
2017-08-04,10066.400390625,11.390000343322754,0.005253982862758577,Pre_Breakout_Accumulation,Pre_Breakout_Accumulation
2017-08-07,10057.400390625,11.899999618530273,-0.0008944632972548343,Pre_Breakout_Accumulation,Pre_Breakout_Accumulation
2017-08-08,9978.5498046875,12.770000457763672,-0.007870951189924851,Pre_Breakout_Accumulation,Pre_Breakout_Accumulation
2017-08-09,9908.0498046875,13.449999809265137,-0.007090231284273741,Pre_Breakout_Accumulation,Pre_Breakout_Accumulation
2017-08-10,9820.25,13.800000190734863,-0.008900958038211523,Pre_Breakout_Accumulation,Pre_Breakout_Accumulation
2017-08-11,9710.7998046875,15.199999809265137,-0.01120793220489222,Pre_Breakout_Accumulation,Pre_Breakout_Accumulation
2017-08-14,9794.150390625,14.380000114440918,0.008546660459731773,Pre_Breakout_Accumulation,Pre_Breakout_Accumulation
2017-08-16,9897.2998046875,14.239999771118164,0.010476664391422662,Pre_Breakout_Accumulation,Pre_Breakout_Accumulation
2017-08-17,9904.150390625,14.34000015258789,0.0006919277268328227,Pre_Breakout_Accumulation,Pre_Breakout_Accumulation
2017-08-18,9837.400390625,14.569999694824219,-0.006762412448120804,Pre_Breakout_Accumulation,Pre_Breakout_Accumulation
2017-08-21,9754.349609375,14.819999694824219,-0.008478188903126932,Pre_Breakout_Accumulation,Pre_Breakout_Accumulation
2017-08-22,9765.5498046875,14.109999656677246,0.0011475670344457027,Pre_Breakout_Accumulation,Pre_Breakout_Accumulation
2017-08-23,9852.5,13.180000305175781,0.008864363739937172,Pre_Breakout_Accumulation,Pre_Breakout_Accumulation
2017-08-24,9857.0498046875,12.569999694824219,0.0004616853061997081,Pre_Breakout_Accumulation,Pre_Breakout_Accumulation
2017-08-28,9912.7998046875,12.640000343322754,0.005639916223863896,Pre_Breakout_Accumulation,Pre_Breakout_Accumulation
2017-08-29,9796.0498046875,13.539999961853027,-0.011847608353940924,Pre_Breakout_Accumulation,Pre_Breakout_Accumulation
2017-08-30,9884.400390625,12.890000343322754,0.0089785730092648,Pre_Breakout_Accumulation,Pre_Breakout_Accumulation
2017-08-31,9917.900390625,11.949999809265137,0.0033834484516002566,Pre_Breakout_Accumulation,Pre_Breakout_Accumulation
2017-09-01,9974.400390625,11.680000305175781,0.005680605029627355,Pre_Breakout_Accumulation,Pre_Breakout_Accumulation
2017-09-04,9912.849609375,13.170000076293945,-0.006189993868598528,Pre_Breakout_Accumulation,Pre_Breakout_Accumulation
2017-09-05,9952.2001953125,12.890000343322754,0.003961795997934277,Pre_Breakout_Accumulation,Pre_Breakout_Accumulation
2017-09-06,9916.2001953125,13.119999885559082,-0.0036238487939692175,Pre_Breakout_Accumulation,Pre_Breakout_Accumulation
2017-09-07,9929.900390625,13.010000228881836,0.001380643762176384,Pre_Breakout_Accumulation,Pre_Breakout_Accumulation
2017-09-08,9934.7998046875,12.960000038146973,0.0004932784400140928,Pre_Breakout_Accumulation,Pre_Breakout_Accumulation
2017-09-11,10006.0498046875,12.359999656677246,0.007146165244692658,Pre_Breakout_Accumulation,Pre_Breakout_Accumulation
2017-09-12,10093.0498046875,11.760000228881836,0.008657158285843384,Pre_Breakout_Accumulation,Pre_Breakout_Accumulation
2017-09-13,10079.2998046875,11.760000228881836,-0.0013632524119145414,Pre_Breakout_Accumulation,Pre_Breakout_Accumulation
2017-09-14,10086.599609375,11.470000267028809,0.0007239751479918529,Pre_Breakout_Accumulation,Pre_Breakout_Accumulation
2017-09-15,10085.400390625,11.680000305175781,-0.0001188993408102696,Pre_Breakout_Accumulation,Pre_Breakout_Accumulation
2017-09-18,10153.099609375,11.4399995803833,0.006690166885736892,Pre_Breakout_Accumulation,Pre_Breakout_Accumulation
2017-09-19,10147.5498046875,11.470000267028809,-0.0005467613092135457,Pre_Breakout_Accumulation,Pre_Breakout_Accumulation
2017-09-20,10141.150390625,11.630000114440918,-0.000630835313560427,Pre_Breakout_Accumulation,Pre_Breakout_Accumulation
2017-09-21,10121.900390625,11.630000114440918,-0.001900010615274047,Pre_Breakout_Accumulation,Pre_Breakout_Accumulation
2017-09-22,9964.400390625,12.8100004196167,-0.01568265154818977,Pre_Breakout_Accumulation,Pre_Breakout_Accumulation
2017-09-25,9872.599609375,13.34000015258789,-0.009255576609087487,Pre_Breakout_Accumulation,Pre_Breakout_Accumulation
2017-09-26,9871.5,12.930000305175781,-0.00011138612526191736,Pre_Breakout_Accumulation,Pre_Breakout_Accumulation
2017-09-27,9735.75,13.859999656677246,-0.013847140123069935,Pre_Breakout_Accumulation,Pre_Breakout_Accumulation
2017-09-28,9768.9501953125,13.170000076293945,0.0034043309606841105,Pre_Breakout_Accumulation,Pre_Breakout_Accumulation
2017-09-29,9788.599609375,12.489999771118164,0.0020093949262780385,Pre_Breakout_Accumulation,Pre_Breakout_Accumulation
2017-10-03,9859.5,12.460000038146973,0.00721705404356513,Pre_Breakout_Accumulation,Pre_Breakout_Accumulation
2017-10-04,9914.900390625,11.800000190734863,0.005603258200374948,Pre_Breakout_Accumulation,Pre_Breakout_Accumulation
2017-10-05,9888.7001953125,11.710000038146973,-0.0026460047490028745,Pre_Breakout_Accumulation,Pre_Breakout_Accumulation
2017-10-06,9979.7001953125,11.119999885559082,0.009160338481321154,Pre_Breakout_Accumulation,Pre_Breakout_Accumulation
2017-10-09,9988.75,11.390000343322754,0.0009064103842389305,Pre_Breakout_Accumulation,Pre_Breakout_Accumulation
2017-10-10,10016.9501953125,11.109999656677246,0.0028192178944088774,Pre_Breakout_Accumulation,Pre_Breakout_Accumulation
2017-10-11,9984.7998046875,11.729999542236328,-0.00321476053982032,Pre_Breakout_Accumulation,Pre_Breakout_Accumulation
2017-10-12,10096.400390625,11.039999961853027,0.011115046293774924,Pre_Breakout_Accumulation,Pre_Breakout_Accumulation
2017-10-13,10167.4501953125,11.260000228881836,0.007012497012134821,Pre_Breakout_Accumulation,Pre_Breakout_Accumulation
2017-10-16,10230.849609375,11.3100004196167,0.006216166917771876,Pre_Breakout_Accumulation,Pre_Breakout_Accumulation
2017-10-17,10234.4501953125,11.609999656677246,0.0003518722920273383,Pre_Breakout_Accumulation,Pre_Breakout_Accumulation
2017-10-18,10210.849609375,11.539999961853027,-0.0023086574073600593,Pre_Breakout_Accumulation,Pre_Breakout_Accumulation
2017-10-19,10146.5498046875,12.399999618530273,-0.006317115188263494,Pre_Breakout_Accumulation,Pre_Breakout_Accumulation
2017-10-23,10184.849609375,12.329999923706055,0.003767556695072139,Pre_Breakout_Accumulation,Pre_Breakout_Accumulation
2017-10-24,10207.7001953125,11.59000015258789,0.002241072913402321,Pre_Breakout_Accumulation,Pre_Breakout_Accumulation
2017-10-25,10295.349609375,11.760000228881836,0.008549942456258083,Pre_Breakout_Accumulation,Pre_Breakout_Accumulation
2017-10-26,10343.7998046875,11.619999885559082,0.004694988474485417,Pre_Breakout_Accumulation,Pre_Breakout_Accumulation
2017-10-27,10323.0498046875,11.479999542236328,-0.0020080474155119445,Pre_Breakout_Accumulation,Pre_Breakout_Accumulation
2017-10-30,10363.650390625,12.109999656677246,0.003925288971653147,Pre_Breakout_Accumulation,Pre_Breakout_Accumulation
2017-10-31,10335.2998046875,12.4399995803833,-0.0027393276855447964,Pre_Breakout_Accumulation,Pre_Breakout_Accumulation
2017-11-01,10440.5,12.140000343322754,0.010127272636955603,Pre_Breakout_Accumulation,Pre_Breakout_Accumulation
2017-11-02,10423.7998046875,12.010000228881836,-0.001600839619376669,Pre_Breakout_Accumulation,Pre_Breakout_Accumulation
2017-11-03,10452.5,11.90999984741211,0.002749549839980272,Pre_Breakout_Accumulation,Pre_Breakout_Accumulation
2017-11-06,10451.7998046875,13.020000457763672,-6.699055402996047e-05,Pre_Breakout_Accumulation,Pre_Breakout_Accumulation
2017-11-07,10350.150390625,13.239999771118164,-0.009773143593572503,Pre_Breakout_Accumulation,Pre_Breakout_Accumulation
2017-11-08,10303.150390625,13.609999656677246,-0.004551338464517429,Pre_Breakout_Accumulation,Pre_Breakout_Accumulation
2017-11-09,10308.9501953125,13.270000457763672,0.0005627572809849458,Pre_Breakout_Accumulation,Pre_Breakout_Accumulation
2017-11-10,10321.75,13.479999542236328,0.0012408504033945,Pre_Breakout_Accumulation,Pre_Breakout_Accumulation
2017-11-13,10224.9501953125,14.050000190734863,-0.009422488277922888,Pre_Breakout_Accumulation,Pre_Breakout_Accumulation
2017-11-14,10186.599609375,14.170000076293945,-0.003757738283689395,Pre_Breakout_Accumulation,Pre_Breakout_Accumulation
2017-11-15,10118.0498046875,14.270000457763672,-0.0067521545169891405,Pre_Breakout_Accumulation,Pre_Breakout_Accumulation
2017-11-16,10214.75,13.460000038146973,0.009511815914835575,Pre_Breakout_Accumulation,Pre_Breakout_Accumulation
2017-11-17,10283.599609375,13.710000038146973,0.006717601133431633,Pre_Breakout_Accumulation,Pre_Breakout_Accumulation
2017-11-20,10298.75,13.430000305175781,0.001472173357154509,Pre_Breakout_Accumulation,Pre_Breakout_Accumulation
2017-11-21,10326.900390625,13.720000267028809,0.0027296504663746014,Pre_Breakout_Accumulation,Pre_Breakout_Accumulation
2017-11-22,10342.2998046875,14.039999961853027,0.0014900834832817704,Pre_Breakout_Accumulation,Pre_Breakout_Accumulation
2017-11-23,10348.75,13.869999885559082,0.0006234768735595227,Pre_Breakout_Accumulation,Pre_Breakout_Accumulation
2017-11-24,10389.7001953125,13.510000228881836,0.003949210104835523,Pre_Breakout_Accumulation,Pre_Breakout_Accumulation
2017-11-27,10399.5498046875,13.029999732971191,0.0009475676238426342,Pre_Breakout_Accumulation,Pre_Breakout_Accumulation
2017-11-28,10370.25,13.149999618530273,-0.0028213872448567432,Pre_Breakout_Accumulation,Pre_Breakout_Accumulation
2017-11-29,10361.2998046875,13.0600004196167,-0.0008634372203591307,Pre_Breakout_Accumulation,Pre_Breakout_Accumulation
2017-11-30,10226.5498046875,13.550000190734863,-0.013090432150481796,Pre_Breakout_Accumulation,Pre_Breakout_Accumulation
2017-12-01,10121.7998046875,14.800000190734863,-0.010295766224326257,Pre_Breakout_Accumulation,Pre_Breakout_Accumulation
2017-12-04,10127.75,14.859999656677246,0.0005876866933977984,Pre_Breakout_Accumulation,Pre_Breakout_Accumulation
2017-12-05,10118.25,15.010000228881836,-0.000938457048031478,Pre_Breakout_Accumulation,Pre_Breakout_Accumulation
2017-12-06,10044.099609375,15.09000015258789,-0.007355365457362713,Pre_Breakout_Accumulation,Pre_Breakout_Accumulation
2017-12-07,10166.7001953125,14.270000457763672,0.012132334291871919,Pre_Breakout_Accumulation,Pre_Breakout_Accumulation
2017-12-08,10265.650390625,13.670000076293945,0.009685715646246356,Pre_Breakout_Accumulation,Pre_Breakout_Accumulation
2017-12-11,10322.25,14.149999618530273,0.005498351059959995,Pre_Breakout_Accumulation,Pre_Breakout_Accumulation
2017-12-12,10240.150390625,15.260000228881836,-0.007985453457626933,Pre_Breakout_Accumulation,Pre_Breakout_Accumulation
2017-12-13,10192.9501953125,15.949999809265137,-0.0046199820794001496,Pre_Breakout_Accumulation,Pre_Breakout_Accumulation
2017-12-14,10252.099609375,16.40999984741211,0.005786200538018408,Pre_Breakout_Accumulation,Pre_Breakout_Accumulation
2017-12-15,10333.25,14.9399995803833,0.007884326721783314,Pre_Breakout_Accumulation,Pre_Breakout_Accumulation
2017-12-18,10388.75,13.119999885559082,0.005356638616709943,Pre_Breakout_Accumulation,Pre_Breakout_Accumulation
2017-12-19,10463.2001953125,12.1899995803833,0.007140867974318959,Pre_Breakout_Accumulation,Pre_Breakout_Accumulation
2017-12-20,10444.2001953125,12.1899995803833,-0.0018175387542658723,Pre_Breakout_Accumulation,Pre_Breakout_Accumulation
2017-12-21,10440.2998046875,12.09000015258789,-0.00037352013889224483,Pre_Breakout_Accumulation,Pre_Breakout_Accumulation
2017-12-22,10493.0,11.59000015258789,0.0050350692095142814,Pre_Breakout_Accumulation,Pre_Breakout_Accumulation
2017-12-26,10531.5,12.050000190734863,0.0036623979675021196,Pre_Breakout_Accumulation,Pre_Breakout_Accumulation
2017-12-27,10490.75,12.489999771118164,-0.0038768496273459364,Pre_Breakout_Accumulation,Pre_Breakout_Accumulation
2017-12-28,10477.900390625,12.300000190734863,-0.0012256021006669842,Pre_Breakout_Accumulation,Pre_Breakout_Accumulation
2017-12-29,10530.7001953125,12.670000076293945,0.005026504801246669,Pre_Breakout_Accumulation,Pre_Breakout_Accumulation
2018-01-02,10442.2001953125,13.6899995803833,-0.008439512288536271,Pre_Breakout_Accumulation,Pre_Breakout_Accumulation
2018-01-03,10443.2001953125,13.619999885559082,9.576067320342099e-05,Pre_Breakout_Accumulation,Pre_Breakout_Accumulation
2018-01-04,10504.7998046875,13.420000076293945,0.005881209368789884,Pre_Breakout_Accumulation,Pre_Breakout_Accumulation
2018-01-05,10558.849609375,13.109999656677246,0.005132056867763014,Pre_Breakout_Accumulation,Pre_Breakout_Accumulation
2018-01-08,10623.599609375,13.739999771118164,0.006113570815585057,Pre_Breakout_Accumulation,Pre_Breakout_Accumulation
2018-01-09,10637.0,13.850000381469727,0.001260584616212523,Pre_Breakout_Accumulation,Pre_Breakout_Accumulation
2018-01-10,10632.2001953125,14.039999961853027,-0.0004513385294137436,Pre_Breakout_Accumulation,Pre_Breakout_Accumulation
2018-01-11,10651.2001953125,14.010000228881836,0.0017854294613236375,Pre_Breakout_Accumulation,Pre_Breakout_Accumulation
2018-01-12,10681.25,13.729999542236328,0.0028172876803263624,Pre_Breakout_Accumulation,Pre_Breakout_Accumulation
2018-01-15,10741.5498046875,14.3100004196167,0.005629512900836509,Pre_Breakout_Accumulation,Pre_Breakout_Accumulation
2018-01-16,10700.4501953125,14.09000015258789,-0.00383356587156863,Pre_Breakout_Accumulation,Pre_Breakout_Accumulation
2018-01-17,10788.5498046875,13.859999656677246,0.00819955353642979,Pre_Breakout_Accumulation,Pre_Breakout_Accumulation
2018-01-18,10817.0,13.960000038146973,0.002633602200690908,Pre_Breakout_Accumulation,Pre_Breakout_Accumulation
2018-01-19,10894.7001953125,13.979999542236328,0.007157479729840962,Pre_Breakout_Accumulation,Pre_Breakout_Accumulation
2018-01-22,10966.2001953125,15.390000343322754,0.006541382438729125,Pre_Breakout_Accumulation,Pre_Breakout_Accumulation
2018-01-23,11083.7001953125,16.229999542236328,0.010657745398174344,Pre_Breakout_Accumulation,Pre_Breakout_Accumulation
2018-01-24,11086.0,18.040000915527344,0.000207472782716017,Pre_Breakout_Accumulation,Pre_Breakout_Accumulation
2018-01-25,11069.650390625,17.510000228881836,-0.0014758864718050037,Pre_Breakout_Accumulation,Pre_Breakout_Accumulation
2018-01-29,11130.400390625,17.889999389648438,0.00547297411504586,Pre_Breakout_Accumulation,Pre_Breakout_Accumulation
2018-01-30,11049.650390625,16.420000076293945,-0.007281350035077295,Pre_Breakout_Accumulation,Pre_Breakout_Accumulation
2018-01-31,11027.7001953125,15.930000305175781,-0.0019884815852113905,Pre_Breakout_Accumulation,Pre_Breakout_Accumulation
2018-02-01,11016.900390625,14.109999656677246,-0.000979814128127614,Pre_Breakout_Accumulation,Pre_Breakout_Accumulation
2018-02-02,10760.599609375,15.25,-0.023539213933076866,Pre_Breakout_Accumulation,Pre_Breakout_Accumulation
2018-02-05,10666.5498046875,16.049999237060547,-0.00877862069830589,Pre_Breakout_Accumulation,Pre_Breakout_Accumulation
2018-02-06,10498.25,20.020000457763672,-0.01590408165467595,Pre_Breakout_Accumulation,Pre_Breakout_Accumulation
2018-02-07,10476.7001953125,19.469999313354492,-0.0020548141539544224,Pre_Breakout_Accumulation,Pre_Breakout_Accumulation
2018-02-08,10576.849609375,17.770000457763672,0.009513851145813865,Pre_Breakout_Accumulation,Steady_Uptrend
2018-02-09,10454.9501953125,19.229999542236328,-0.0115920444485001,Steady_Uptrend,Steady_Uptrend
2018-02-12,10539.75,17.8799991607666,0.008078254517088934,Steady_Uptrend,Steady_Uptrend
2018-02-14,10500.900390625,17.18000030517578,-0.003692818691702758,Steady_Uptrend,Steady_Uptrend
2018-02-15,10545.5,16.31999969482422,0.004238223668407977,Steady_Uptrend,Steady_Uptrend
2018-02-16,10452.2998046875,16.3799991607666,-0.008877197442514924,Steady_Uptrend,Steady_Uptrend
2018-02-19,10378.400390625,16.670000076293945,-0.007095270288084443,Steady_Uptrend,Steady_Uptrend
2018-02-20,10360.400390625,16.8700008392334,-0.0017358770846747271,Steady_Uptrend,Steady_Uptrend
2018-02-21,10397.4501953125,15.920000076293945,0.003569718731482044,Steady_Uptrend,Steady_Uptrend
2018-02-22,10382.7001953125,14.829999923706055,-0.0014196242279203768,Steady_Uptrend,Pre_Breakout_Accumulation
2018-02-23,10491.0498046875,14.199999809265137,0.010381515779008083,Pre_Breakout_Accumulation,Pre_Breakout_Accumulation
2018-02-26,10582.599609375,13.699999809265137,0.008688611908417675,Pre_Breakout_Accumulation,Pre_Breakout_Accumulation
2018-02-27,10554.2998046875,13.920000076293945,-0.002677764703635068,Pre_Breakout_Accumulation,Pre_Breakout_Accumulation
2018-02-28,10492.849609375,13.8100004196167,-0.0058393057141950064,Pre_Breakout_Accumulation,Pre_Breakout_Accumulation
2018-03-01,10458.349609375,14.069999694824219,-0.003293370543887722,Pre_Breakout_Accumulation,Pre_Breakout_Accumulation
2018-03-05,10358.849609375,15.399999618530273,-0.009559475957881534,Pre_Breakout_Accumulation,Pre_Breakout_Accumulation
2018-03-06,10249.25,16.25,-0.01063665692404489,Pre_Breakout_Accumulation,Pre_Breakout_Accumulation
2018-03-07,10154.2001953125,15.699999809265137,-0.009317099938461516,Pre_Breakout_Accumulation,Pre_Breakout_Accumulation
2018-03-08,10242.650390625,14.59000015258789,0.00867298109371104,Pre_Breakout_Accumulation,Pre_Breakout_Accumulation
2018-03-09,10226.849609375,14.529999732971191,-0.0015438368683495453,Pre_Breakout_Accumulation,Pre_Breakout_Accumulation
2018-03-12,10421.400390625,14.489999771118164,0.018844845326350685,Pre_Breakout_Accumulation,Pre_Breakout_Accumulation
2018-03-13,10426.849609375,14.460000038146973,0.000522750722395459,Pre_Breakout_Accumulation,Pre_Breakout_Accumulation
2018-03-14,10410.900390625,14.359999656677246,-0.0015308007692338495,Pre_Breakout_Accumulation,Pre_Breakout_Accumulation
2018-03-15,10360.150390625,14.329999923706055,-0.004886618546444992,Pre_Breakout_Accumulation,Pre_Breakout_Accumulation
2018-03-16,10195.150390625,15.220000267028809,-0.0160545978679463,Pre_Breakout_Accumulation,Pre_Breakout_Accumulation
2018-03-19,10094.25,15.819999694824219,-0.00994620052782473,Pre_Breakout_Accumulation,Pre_Breakout_Accumulation
2018-03-20,10124.349609375,15.609999656677246,0.002977420018466655,Pre_Breakout_Accumulation,Pre_Breakout_Accumulation
2018-03-21,10155.25,15.109999656677246,0.003047438325629427,Pre_Breakout_Accumulation,Pre_Breakout_Accumulation
2018-03-22,10114.75,15.25,-0.003996058598285198,Pre_Breakout_Accumulation,Pre_Breakout_Accumulation
2018-03-23,9998.0498046875,15.550000190734863,-0.011604700101594518,Pre_Breakout_Accumulation,Pre_Breakout_Accumulation
2018-03-26,10130.650390625,15.199999809265137,0.01317546616079525,Pre_Breakout_Accumulation,Pre_Breakout_Accumulation
2018-03-27,10184.150390625,15.550000190734863,0.005267107884641591,Pre_Breakout_Accumulation,Pre_Breakout_Accumulation
2018-03-28,10113.7001953125,15.760000228881836,-0.006941668814759831,Pre_Breakout_Accumulation,Pre_Breakout_Accumulation
2018-04-02,10211.7998046875,15.350000381469727,0.009652935584409928,Pre_Breakout_Accumulation,Pre_Breakout_Accumulation
2018-04-03,10245.0,15.1899995803833,0.0032458864317621047,Pre_Breakout_Accumulation,Pre_Breakout_Accumulation
2018-04-04,10128.400390625,16.34000015258789,-0.011446384030859532,Pre_Breakout_Accumulation,Pre_Breakout_Accumulation
2018-04-05,10325.150390625,14.800000190734863,0.019239306758980577,Pre_Breakout_Accumulation,Pre_Breakout_Accumulation
2018-04-06,10331.599609375,14.75,0.0006244175835545499,Pre_Breakout_Accumulation,Pre_Breakout_Accumulation
2018-04-09,10379.349609375,14.869999885559082,0.004611095715747583,Pre_Breakout_Accumulation,Pre_Breakout_Accumulation
2018-04-10,10402.25,14.5,0.0022039111834326382,Pre_Breakout_Accumulation,Pre_Breakout_Accumulation
2018-04-11,10417.150390625,14.720000267028809,0.001431395034394698,Pre_Breakout_Accumulation,Pre_Breakout_Accumulation
2018-04-12,10458.650390625,14.5600004196167,0.0039759006232568585,Pre_Breakout_Accumulation,Pre_Breakout_Accumulation
2018-04-13,10480.599609375,14.140000343322754,0.002096467331850084,Pre_Breakout_Accumulation,Pre_Breakout_Accumulation
2018-04-16,10528.349609375,14.260000228881836,0.004545689717794212,Pre_Breakout_Accumulation,Pre_Breakout_Accumulation
2018-04-17,10548.7001953125,14.039999961853027,0.0019310664870136763,Pre_Breakout_Accumulation,Pre_Breakout_Accumulation
2018-04-18,10526.2001953125,14.109999656677246,-0.0021352422200410556,Pre_Breakout_Accumulation,Pre_Breakout_Accumulation
2018-04-19,10565.2998046875,13.75,0.0037076219486611,Pre_Breakout_Accumulation,Pre_Breakout_Accumulation
2018-04-20,10564.0498046875,12.9399995803833,-0.00011831883371402492,Pre_Breakout_Accumulation,Pre_Breakout_Accumulation
2018-04-23,10584.7001953125,13.149999618530273,0.0019528716532068399,Pre_Breakout_Accumulation,Pre_Breakout_Accumulation
2018-04-24,10614.349609375,11.899999618530273,0.002797241731914462,Pre_Breakout_Accumulation,Pre_Breakout_Accumulation
2018-04-25,10570.5498046875,12.399999618530273,-0.004135008266019891,Pre_Breakout_Accumulation,Pre_Breakout_Accumulation
2018-04-26,10617.7998046875,12.039999961853027,0.004460005540255803,Pre_Breakout_Accumulation,Pre_Breakout_Accumulation
2018-04-27,10692.2998046875,12.020000457763672,0.006992018327494462,Pre_Breakout_Accumulation,Pre_Breakout_Accumulation
2018-04-30,10739.349609375,12.359999656677246,0.004390691482923282,Pre_Breakout_Accumulation,Pre_Breakout_Accumulation
2018-05-02,10718.0498046875,12.84000015258789,-0.0019853115722468315,Pre_Breakout_Accumulation,Pre_Breakout_Accumulation
2018-05-03,10679.650390625,12.989999771118164,-0.003589119852419833,Pre_Breakout_Accumulation,Pre_Breakout_Accumulation
2018-05-04,10618.25,13.25,-0.005765879228025447,Pre_Breakout_Accumulation,Pre_Breakout_Accumulation
2018-05-07,10715.5,13.760000228881836,0.009117072584576636,Pre_Breakout_Accumulation,Pre_Breakout_Accumulation
2018-05-08,10717.7998046875,14.0600004196167,0.00021460108497364168,Pre_Breakout_Accumulation,Pre_Breakout_Accumulation
2018-05-09,10741.7001953125,14.270000457763672,0.002227489038162844,Pre_Breakout_Accumulation,Pre_Breakout_Accumulation
2018-05-10,10716.5498046875,14.430000305175781,-0.002344124254457977,Pre_Breakout_Accumulation,Pre_Breakout_Accumulation
2018-05-11,10806.5,13.979999542236328,0.008358547680564028,Pre_Breakout_Accumulation,Pre_Breakout_Accumulation
2018-05-14,10806.599609375,14.25,9.217500201396874e-06,Pre_Breakout_Accumulation,Pre_Breakout_Accumulation
2018-05-15,10801.849609375,13.170000076293945,-0.00043964284789006357,Pre_Breakout_Accumulation,Pre_Breakout_Accumulation
2018-05-16,10741.099609375,13.4399995803833,-0.005639911268794516,Pre_Breakout_Accumulation,Pre_Breakout_Accumulation
2018-05-17,10682.7001953125,13.40999984741211,-0.005451839472282671,Pre_Breakout_Accumulation,Pre_Breakout_Accumulation
2018-05-18,10596.400390625,14.149999618530273,-0.008111271197454395,Pre_Breakout_Accumulation,Pre_Breakout_Accumulation
2018-05-21,10516.7001953125,14.40999984741211,-0.007549869197766206,Pre_Breakout_Accumulation,Pre_Breakout_Accumulation
2018-05-22,10536.7001953125,13.600000381469727,0.0018999311888009693,Pre_Breakout_Accumulation,Pre_Breakout_Accumulation
2018-05-23,10430.349609375,14.15999984741211,-0.010144631600820039,Pre_Breakout_Accumulation,Pre_Breakout_Accumulation
2018-05-24,10513.849609375,13.149999618530273,0.007973610404251362,Pre_Breakout_Accumulation,Pre_Breakout_Accumulation
2018-05-25,10605.150390625,12.649999618530273,0.008646370571623485,Pre_Breakout_Accumulation,Pre_Breakout_Accumulation
2018-05-28,10688.650390625,13.0600004196167,0.00784269833741265,Pre_Breakout_Accumulation,Pre_Breakout_Accumulation
2018-05-29,10633.2998046875,13.069999694824219,-0.005191899405584954,Pre_Breakout_Accumulation,Pre_Breakout_Accumulation
2018-05-30,10614.349609375,13.40999984741211,-0.0017837455774774606,Pre_Breakout_Accumulation,Pre_Breakout_Accumulation
2018-05-31,10736.150390625,13.220000267028809,0.011409765823805856,Pre_Breakout_Accumulation,Pre_Breakout_Accumulation
2018-06-01,10696.2001953125,13.569999694824219,-0.003728031736138272,Pre_Breakout_Accumulation,Pre_Breakout_Accumulation
2018-06-04,10628.5,13.880000114440918,-0.00634948413268003,Pre_Breakout_Accumulation,Pre_Breakout_Accumulation
2018-06-05,10593.150390625,13.319999694824219,-0.003331469647161854,Pre_Breakout_Accumulation,Pre_Breakout_Accumulation
2018-06-06,10684.650390625,12.550000190734863,0.00860056590990892,Pre_Breakout_Accumulation,Pre_Breakout_Accumulation
2018-06-07,10768.349609375,12.779999732971191,0.007803071219768874,Pre_Breakout_Accumulation,Pre_Breakout_Accumulation
2018-06-08,10767.650390625,12.699999809265137,-6.49348765086917e-05,Pre_Breakout_Accumulation,Pre_Breakout_Accumulation
2018-06-11,10786.9501953125,13.180000305175781,0.0017907833428202438,Pre_Breakout_Accumulation,Pre_Breakout_Accumulation
2018-06-12,10842.849609375,12.729999542236328,0.005168752278609608,Pre_Breakout_Accumulation,Pre_Breakout_Accumulation
2018-06-13,10856.7001953125,12.640000343322754,0.001276578356983104,Pre_Breakout_Accumulation,Pre_Breakout_Accumulation
2018-06-14,10808.0498046875,12.100000381469727,-0.004491210136474933,Pre_Breakout_Accumulation,Pre_Breakout_Accumulation
2018-06-15,10817.7001953125,12.069999694824219,0.0008924907821071907,Pre_Breakout_Accumulation,Pre_Breakout_Accumulation
2018-06-18,10799.849609375,12.380000114440918,-0.0016514905857463397,Pre_Breakout_Accumulation,Pre_Breakout_Accumulation
2018-06-19,10710.4501953125,12.920000076293945,-0.00831229035595547,Pre_Breakout_Accumulation,Pre_Breakout_Accumulation
2018-06-20,10772.0498046875,12.170000076293945,0.005734879851344152,Pre_Breakout_Accumulation,Pre_Breakout_Accumulation
2018-06-21,10741.099609375,12.449999809265137,-0.002877330145384961,Pre_Breakout_Accumulation,Pre_Breakout_Accumulation
2018-06-22,10821.849609375,12.020000457763672,0.00748973404895337,Pre_Breakout_Accumulation,Pre_Breakout_Accumulation
2018-06-25,10762.4501953125,12.579999923706055,-0.0055039602444048865,Pre_Breakout_Accumulation,Pre_Breakout_Accumulation
2018-06-26,10769.150390625,12.800000190734863,0.0006223592623338975,Pre_Breakout_Accumulation,Pre_Breakout_Accumulation
2018-06-27,10671.400390625,13.510000228881836,-0.009118299083682797,Pre_Breakout_Accumulation,Pre_Breakout_Accumulation
2018-06-28,10589.099609375,13.949999809265137,-0.007742169031781291,Pre_Breakout_Accumulation,Pre_Breakout_Accumulation
2018-06-29,10714.2998046875,12.9399995803833,0.011754146307527904,Pre_Breakout_Accumulation,Pre_Breakout_Accumulation
2018-07-02,10657.2998046875,13.369999885559082,-0.005334194556937323,Pre_Breakout_Accumulation,Pre_Breakout_Accumulation
2018-07-03,10699.900390625,13.0,0.003989347109783859,Pre_Breakout_Accumulation,Pre_Breakout_Accumulation
2018-07-04,10769.900390625,12.65999984741211,0.0065208102070441875,Pre_Breakout_Accumulation,Pre_Breakout_Accumulation
2018-07-05,10749.75,12.579999923706055,-0.0018727438548922296,Pre_Breakout_Accumulation,Pre_Breakout_Accumulation
2018-07-06,10772.650390625,12.4399995803833,0.002128052526818883,Pre_Breakout_Accumulation,Pre_Breakout_Accumulation
2018-07-09,10852.900390625,12.390000343322754,0.007421810355794803,Pre_Breakout_Accumulation,Pre_Breakout_Accumulation
2018-07-10,10947.25,12.399999618530273,0.008655921796766377,Pre_Breakout_Accumulation,Pre_Breakout_Accumulation
2018-07-11,10948.2998046875,12.779999732971191,9.589206004582807e-05,Pre_Breakout_Accumulation,Pre_Breakout_Accumulation
2018-07-12,11023.2001953125,12.510000228881836,0.006817985187144955,Pre_Breakout_Accumulation,Pre_Breakout_Accumulation
2018-07-13,11018.900390625,12.300000190734863,-0.00039014473464332456,Pre_Breakout_Accumulation,Pre_Breakout_Accumulation
2018-07-16,10936.849609375,12.949999809265137,-0.007474230051277428,Pre_Breakout_Accumulation,Pre_Breakout_Accumulation
2018-07-17,11008.0498046875,12.829999923706055,0.006489019959189796,Pre_Breakout_Accumulation,Pre_Breakout_Accumulation
2018-07-18,10980.4501953125,13.680000305175781,-0.0025103689537061304,Pre_Breakout_Accumulation,Pre_Breakout_Accumulation
2018-07-19,10957.099609375,13.59000015258789,-0.00212882431847883,Pre_Breakout_Accumulation,Pre_Breakout_Accumulation
2018-07-20,11010.2001953125,13.539999961853027,0.004834521296150269,Pre_Breakout_Accumulation,Pre_Breakout_Accumulation
2018-07-23,11084.75,13.010000228881836,0.0067481562013002455,Pre_Breakout_Accumulation,Pre_Breakout_Accumulation
2018-07-24,11134.2998046875,12.470000267028809,0.004460126536742217,Pre_Breakout_Accumulation,Pre_Breakout_Accumulation
2018-07-25,11132.0,12.210000038146973,-0.00020657268750096133,Pre_Breakout_Accumulation,Pre_Breakout_Accumulation
2018-07-26,11167.2998046875,12.029999732971191,0.0031660038191820943,Pre_Breakout_Accumulation,Pre_Breakout_Accumulation
2018-07-27,11278.349609375,12.3100004196167,0.00989507665693427,Pre_Breakout_Accumulation,Pre_Breakout_Accumulation
2018-07-30,11319.5498046875,12.59000015258789,0.0036463779405013436,Pre_Breakout_Accumulation,Pre_Breakout_Accumulation
2018-07-31,11356.5,12.479999542236328,0.003258965149071806,Pre_Breakout_Accumulation,Pre_Breakout_Accumulation
2018-08-01,11346.2001953125,12.529999732971191,-0.0009073639087465626,Pre_Breakout_Accumulation,Pre_Breakout_Accumulation
2018-08-02,11244.7001953125,12.5600004196167,-0.008985979419681003,Pre_Breakout_Accumulation,Pre_Breakout_Accumulation
2018-08-03,11360.7998046875,12.079999923706055,0.010271892255968624,Pre_Breakout_Accumulation,Pre_Breakout_Accumulation
2018-08-06,11387.099609375,12.5600004196167,0.0023122852731850252,Pre_Breakout_Accumulation,Pre_Breakout_Accumulation
2018-08-07,11389.4501953125,12.579999923706055,0.00020640403976921495,Pre_Breakout_Accumulation,Pre_Breakout_Accumulation
2018-08-08,11450.0,12.539999961853027,0.005302224530419492,Pre_Breakout_Accumulation,Pre_Breakout_Accumulation
2018-08-09,11470.7001953125,12.680000305175781,0.0018062450766348273,Pre_Breakout_Accumulation,Pre_Breakout_Accumulation
2018-08-10,11429.5,12.850000381469727,-0.003598242758917501,Pre_Breakout_Accumulation,Pre_Breakout_Accumulation
2018-08-13,11355.75,13.399999618530273,-0.006473508743511776,Pre_Breakout_Accumulation,Pre_Breakout_Accumulation
2018-08-14,11435.099609375,13.279999732971191,0.00696331478277028,Pre_Breakout_Accumulation,Pre_Breakout_Accumulation
2018-08-16,11385.0498046875,13.649999618530273,-0.004386464262815843,Pre_Breakout_Accumulation,Pre_Breakout_Accumulation
2018-08-17,11470.75,13.15999984741211,0.007499242877784467,Pre_Breakout_Accumulation,Pre_Breakout_Accumulation
2018-08-20,11551.75,13.029999732971191,0.007036623669863275,Pre_Breakout_Accumulation,Pre_Breakout_Accumulation
2018-08-21,11570.900390625,12.899999618530273,0.001656418678663017,Pre_Breakout_Accumulation,Pre_Breakout_Accumulation
2018-08-23,11582.75,12.760000228881836,0.001023563041648874,Pre_Breakout_Accumulation,Pre_Breakout_Accumulation
2018-08-24,11557.099609375,12.40999984741211,-0.0022169894415104054,Pre_Breakout_Accumulation,Pre_Breakout_Accumulation
2018-08-27,11691.9501953125,12.239999771118164,0.011600654595540067,Pre_Breakout_Accumulation,Pre_Breakout_Accumulation
2018-08-28,11738.5,12.430000305175781,0.003973450407027797,Pre_Breakout_Accumulation,Pre_Breakout_Accumulation
2018-08-29,11691.900390625,12.4399995803833,-0.003977710157774837,Pre_Breakout_Accumulation,Pre_Breakout_Accumulation
2018-08-30,11676.7998046875,12.40999984741211,-0.0012923772322029556,Pre_Breakout_Accumulation,Pre_Breakout_Accumulation
2018-08-31,11680.5,12.600000381469727,0.0003168341695652239,Pre_Breakout_Accumulation,Pre_Breakout_Accumulation
2018-09-03,11582.349609375,13.390000343322754,-0.008438430776075216,Pre_Breakout_Accumulation,Pre_Breakout_Accumulation
2018-09-04,11520.2998046875,13.779999732971191,-0.005371674285373425,Pre_Breakout_Accumulation,Pre_Breakout_Accumulation
2018-09-05,11476.9501953125,13.649999618530273,-0.003769986473883496,Pre_Breakout_Accumulation,Pre_Breakout_Accumulation
2018-09-06,11536.900390625,13.720000267028809,0.005209934834070753,Pre_Breakout_Accumulation,Pre_Breakout_Accumulation
2018-09-07,11589.099609375,13.890000343322754,0.0045143394792379185,Pre_Breakout_Accumulation,Pre_Breakout_Accumulation
2018-09-10,11438.099609375,15.199999809265137,-0.013115113390097494,Pre_Breakout_Accumulation,Pre_Breakout_Accumulation
2018-09-11,11287.5,15.329999923706055,-0.013253935347788789,Pre_Breakout_Accumulation,Pre_Breakout_Accumulation
2018-09-12,11369.900390625,14.25,0.007273628261968242,Pre_Breakout_Accumulation,Pre_Breakout_Accumulation
2018-09-14,11515.2001953125,13.84000015258789,0.012698371727607837,Pre_Breakout_Accumulation,Pre_Breakout_Accumulation
2018-09-17,11377.75,14.5,-0.012008224872722099,Pre_Breakout_Accumulation,Pre_Breakout_Accumulation
2018-09-18,11278.900390625,14.420000076293945,-0.008725935642451747,Pre_Breakout_Accumulation,Pre_Breakout_Accumulation
2018-09-19,11234.349609375,14.010000228881836,-0.003957743942134398,Pre_Breakout_Accumulation,Pre_Breakout_Accumulation
2018-09-21,11143.099609375,15.539999961853027,-0.008155577062129398,Pre_Breakout_Accumulation,Pre_Breakout_Accumulation
2018-09-24,10967.400390625,17.43000030517578,-0.015893165427847328,Pre_Breakout_Accumulation,Pre_Breakout_Accumulation
2018-09-25,11067.4501953125,16.68000030517578,0.009081113743931286,Pre_Breakout_Accumulation,Pre_Breakout_Accumulation
2018-09-26,11053.7998046875,17.09000015258789,-0.001234142949208208,Pre_Breakout_Accumulation,Pre_Breakout_Accumulation
2018-09-27,10977.5498046875,16.920000076293945,-0.006921982157626523,Pre_Breakout_Accumulation,Pre_Breakout_Accumulation
2018-09-28,10930.4501953125,17.0,-0.004299770124143364,Pre_Breakout_Accumulation,Pre_Breakout_Accumulation
2018-10-01,11008.2998046875,16.84000015258789,0.007097025685968254,Pre_Breakout_Accumulation,Pre_Breakout_Accumulation
2018-10-03,10858.25,18.1200008392334,-0.013724356268050715,Pre_Breakout_Accumulation,Pre_Breakout_Accumulation
2018-10-04,10599.25,18.920000076293945,-0.024141915818458322,Pre_Breakout_Accumulation,Pre_Breakout_Accumulation
2018-10-05,10316.4501953125,19.729999542236328,-0.027043516339215604,Pre_Breakout_Accumulation,Steady_Uptrend
2018-10-08,10348.0498046875,20.149999618530273,0.003058349730753957,Steady_Uptrend,Steady_Uptrend
2018-10-09,10301.0498046875,19.760000228881836,-0.004552264462335634,Steady_Uptrend,Steady_Uptrend
2018-10-10,10460.099609375,17.90999984741211,0.015322168649223668,Steady_Uptrend,Steady_Uptrend
2018-10-11,10234.650390625,20.549999237060547,-0.021788921165731508,Steady_Uptrend,Steady_Uptrend
2018-10-12,10472.5,18.6299991607666,0.022973713528550762,Steady_Uptrend,Steady_Uptrend
2018-10-15,10512.5,18.889999389648438,0.003812251460013522,Steady_Uptrend,Steady_Uptrend
2018-10-16,10584.75,17.3700008392334,0.006849260681022563,Steady_Uptrend,Steady_Uptrend
2018-10-17,10453.0498046875,17.979999542236328,-0.012520502809902525,Steady_Uptrend,Pre_Breakout_Accumulation
2018-10-19,10303.5498046875,19.790000915527344,-0.014405306077947945,Pre_Breakout_Accumulation,Pre_Breakout_Accumulation
2018-10-22,10245.25,21.360000610351562,-0.005674293551714025,Pre_Breakout_Accumulation,Pre_Breakout_Accumulation
2018-10-23,10146.7998046875,19.040000915527344,-0.009655817945697833,Pre_Breakout_Accumulation,Pre_Breakout_Accumulation
2018-10-24,10224.75,18.8799991607666,0.007652886157385112,Pre_Breakout_Accumulation,Pre_Breakout_Accumulation
2018-10-25,10124.900390625,18.959999084472656,-0.009813476770964884,Pre_Breakout_Accumulation,Pre_Breakout_Accumulation
2018-10-26,10030.0,19.229999542236328,-0.009417173007402645,Pre_Breakout_Accumulation,Steady_Uptrend
2018-10-29,10250.849609375,19.829999923706055,0.021779988895005153,Steady_Uptrend,Steady_Uptrend
2018-10-30,10198.400390625,20.5,-0.005129707325392901,Steady_Uptrend,Steady_Uptrend
2018-10-31,10386.599609375,19.799999237060547,0.018285592676591408,Steady_Uptrend,Steady_Uptrend
2018-11-01,10380.4501953125,19.190000534057617,-0.0005922280054286613,Steady_Uptrend,Steady_Uptrend
2018-11-02,10553.0,18.229999542236328,0.016485931474334168,Steady_Uptrend,Steady_Uptrend
2018-11-05,10524.0,19.479999542236328,-0.0027518165109068284,Steady_Uptrend,Steady_Uptrend
2018-11-06,10530.0,18.510000228881836,0.0005699629678378127,Steady_Uptrend,Pre_Breakout_Accumulation
2018-11-07,10598.400390625,17.719999313354492,0.006474757039787639,Pre_Breakout_Accumulation,Pre_Breakout_Accumulation
2018-11-09,10585.2001953125,17.770000457763672,-0.0012462656636175824,Pre_Breakout_Accumulation,Pre_Breakout_Accumulation
2018-11-12,10482.2001953125,19.3700008392334,-0.009778218363148,Pre_Breakout_Accumulation,Pre_Breakout_Accumulation
2018-11-13,10582.5,18.700000762939453,0.009523094254035388,Pre_Breakout_Accumulation,Pre_Breakout_Accumulation
2018-11-14,10576.2998046875,18.829999923706055,-0.000586063060967349,Pre_Breakout_Accumulation,Pre_Breakout_Accumulation
2018-11-15,10616.7001953125,18.450000762939453,0.003812621107308771,Pre_Breakout_Accumulation,Pre_Breakout_Accumulation
2018-11-16,10682.2001953125,18.350000381469727,0.006150571652505879,Pre_Breakout_Accumulation,Pre_Breakout_Accumulation
2018-11-19,10763.400390625,19.260000228881836,0.007572703131144189,Pre_Breakout_Accumulation,Pre_Breakout_Accumulation
2018-11-20,10656.2001953125,19.329999923706055,-0.010009625523730635,Pre_Breakout_Accumulation,Pre_Breakout_Accumulation
2018-11-21,10600.0498046875,19.559999465942383,-0.005283201056794732,Pre_Breakout_Accumulation,Pre_Breakout_Accumulation
2018-11-22,10526.75,19.15999984741211,-0.006939063131569403,Pre_Breakout_Accumulation,Pre_Breakout_Accumulation
2018-11-26,10628.599609375,20.399999618530273,0.009628807669070337,Pre_Breakout_Accumulation,Pre_Breakout_Accumulation
2018-11-27,10685.599609375,18.31999969482422,0.005348559924642655,Pre_Breakout_Accumulation,Pre_Breakout_Accumulation
2018-11-28,10728.849609375,17.959999084472656,0.004039334223781422,Pre_Breakout_Accumulation,Pre_Breakout_Accumulation
2018-11-29,10858.7001953125,18.700000762939453,0.01203028163822991,Pre_Breakout_Accumulation,Pre_Breakout_Accumulation
2018-11-30,10876.75,19.15999984741211,0.0016608635822544591,Pre_Breakout_Accumulation,Pre_Breakout_Accumulation
2018-12-03,10883.75,18.219999313354492,0.0006433675918710725,Pre_Breakout_Accumulation,Pre_Breakout_Accumulation
2018-12-04,10869.5,18.110000610351562,-0.0013101492455916805,Pre_Breakout_Accumulation,Pre_Breakout_Accumulation
2018-12-05,10782.900390625,18.389999389648438,-0.007999119688821785,Pre_Breakout_Accumulation,Pre_Breakout_Accumulation
2018-12-06,10601.150390625,19.309999465942383,-0.016999059579474705,Pre_Breakout_Accumulation,Pre_Breakout_Accumulation
2018-12-07,10693.7001953125,18.59000015258789,0.008692278636606364,Pre_Breakout_Accumulation,Pre_Breakout_Accumulation
2018-12-10,10488.4501953125,20.440000534057617,-0.019380130942287622,Pre_Breakout_Accumulation,Pre_Breakout_Accumulation
2018-12-11,10549.150390625,17.950000762939453,0.005770654643792864,Pre_Breakout_Accumulation,Pre_Breakout_Accumulation
2018-12-12,10737.599609375,15.8100004196167,0.01770623905775317,Pre_Breakout_Accumulation,Pre_Breakout_Accumulation
2018-12-13,10791.5498046875,15.550000190734863,0.005011838341027756,Pre_Breakout_Accumulation,Pre_Breakout_Accumulation
2018-12-14,10805.4501953125,15.15999984741211,0.0012872521687673252,Pre_Breakout_Accumulation,Pre_Breakout_Accumulation
2018-12-17,10888.349609375,14.539999961853027,0.007642719885813293,Pre_Breakout_Accumulation,Pre_Breakout_Accumulation
2018-12-18,10908.7001953125,14.579999923706055,0.0018672794743268973,Pre_Breakout_Accumulation,Pre_Breakout_Accumulation
2018-12-19,10967.2998046875,14.65999984741211,0.005357446474361821,Pre_Breakout_Accumulation,Pre_Breakout_Accumulation
2018-12-20,10951.7001953125,14.329999923706055,-0.0014233871991216722,Pre_Breakout_Accumulation,Pre_Breakout_Accumulation
2018-12-21,10754.0,15.989999771118164,-0.01821693480035375,Pre_Breakout_Accumulation,Pre_Breakout_Accumulation
2018-12-24,10663.5,15.75,-0.0084510833319759,Pre_Breakout_Accumulation,Pre_Breakout_Accumulation
2018-12-26,10729.849609375,15.920000076293945,0.006202845587195536,Pre_Breakout_Accumulation,Pre_Breakout_Accumulation
2018-12-27,10779.7998046875,16.06999969482422,0.004644453671963747,Pre_Breakout_Accumulation,Pre_Breakout_Accumulation
2018-12-28,10859.900390625,15.270000457763672,0.007403148015077441,Pre_Breakout_Accumulation,Pre_Breakout_Accumulation
2018-12-31,10862.5498046875,16.0,0.00024393326275947618,Pre_Breakout_Accumulation,Pre_Breakout_Accumulation
2019-01-02,10792.5,16.389999389648438,-0.006469627145011258,Pre_Breakout_Accumulation,Pre_Breakout_Accumulation
2019-01-03,10672.25,16.790000915527344,-0.011204533761500678,Pre_Breakout_Accumulation,Pre_Breakout_Accumulation
2019-01-04,10727.349609375,16.15999984741211,0.005149603931252372,Pre_Breakout_Accumulation,Pre_Breakout_Accumulation
2019-01-07,10771.7998046875,16.299999237060547,0.0041350713736188,Pre_Breakout_Accumulation,Pre_Breakout_Accumulation
2019-01-08,10802.150390625,15.699999809265137,0.0028136345625500237,Pre_Breakout_Accumulation,Pre_Breakout_Accumulation
2019-01-09,10855.150390625,15.270000457763672,0.004894433183399924,Pre_Breakout_Accumulation,Pre_Breakout_Accumulation
2019-01-10,10821.599609375,15.350000381469727,-0.003095557040757343,Pre_Breakout_Accumulation,Pre_Breakout_Accumulation
2019-01-11,10794.9501953125,15.350000381469727,-0.002465650421033224,Pre_Breakout_Accumulation,Pre_Breakout_Accumulation
2019-01-14,10737.599609375,16.15999984741211,-0.005326886232360374,Pre_Breakout_Accumulation,Pre_Breakout_Accumulation
2019-01-15,10886.7998046875,15.579999923706055,0.013799464213669708,Pre_Breakout_Accumulation,Pre_Breakout_Accumulation
2019-01-16,10890.2998046875,16.079999923706055,0.000321438583917674,Pre_Breakout_Accumulation,Pre_Breakout_Accumulation
2019-01-17,10905.2001953125,16.239999771118164,0.001367290766106507,Pre_Breakout_Accumulation,Pre_Breakout_Accumulation
2019-01-18,10906.9501953125,16.6200008392334,0.0001604610249256087,Pre_Breakout_Accumulation,Pre_Breakout_Accumulation
2019-01-21,10961.849609375,18.149999618530273,0.005020808629692447,Pre_Breakout_Accumulation,Pre_Breakout_Accumulation
2019-01-22,10922.75,17.989999771118164,-0.003573257146616415,Pre_Breakout_Accumulation,Pre_Breakout_Accumulation
2019-01-23,10831.5,18.09000015258789,-0.008389214537151498,Pre_Breakout_Accumulation,Pre_Breakout_Accumulation
2019-01-24,10849.7998046875,17.43000030517578,0.0016880730581589696,Pre_Breakout_Accumulation,Pre_Breakout_Accumulation
2019-01-25,10780.5498046875,17.690000534057617,-0.006403062164968701,Pre_Breakout_Accumulation,Pre_Breakout_Accumulation
2019-01-28,10661.5498046875,18.899999618530273,-0.011099773244971002,Pre_Breakout_Accumulation,Pre_Breakout_Accumulation
2019-01-29,10652.2001953125,18.43000030517578,-0.0008773312978436732,Pre_Breakout_Accumulation,Pre_Breakout_Accumulation
2019-01-30,10651.7998046875,17.850000381469727,-3.758830501756102e-05,Pre_Breakout_Accumulation,Pre_Breakout_Accumulation
2019-01-31,10830.9501953125,17.1200008392334,0.016678920874278535,Pre_Breakout_Accumulation,Pre_Breakout_Accumulation
2019-02-01,10893.650390625,15.720000267028809,0.005772292029816439,Pre_Breakout_Accumulation,Pre_Breakout_Accumulation
2019-02-04,10912.25,15.720000267028809,0.0017059248691862574,Pre_Breakout_Accumulation,Pre_Breakout_Accumulation
2019-02-05,10934.349609375,15.779999732971191,0.0020231630833451035,Pre_Breakout_Accumulation,Pre_Breakout_Accumulation
2019-02-06,11062.4501953125,15.630000114440918,0.011647333726075786,Pre_Breakout_Accumulation,Pre_Breakout_Accumulation
2019-02-07,11069.400390625,15.4399995803833,0.0006280717930916961,Pre_Breakout_Accumulation,Pre_Breakout_Accumulation
2019-02-08,10943.599609375,15.569999694824219,-0.011429805188104512,Pre_Breakout_Accumulation,Pre_Breakout_Accumulation
2019-02-11,10888.7998046875,15.84000015258789,-0.005020054711538446,Pre_Breakout_Accumulation,Pre_Breakout_Accumulation
2019-02-12,10831.400390625,15.75,-0.005285360831624847,Pre_Breakout_Accumulation,Pre_Breakout_Accumulation
2019-02-14,10746.0498046875,15.770000457763672,-0.007911132252471094,Pre_Breakout_Accumulation,Pre_Breakout_Accumulation
2019-02-15,10724.400390625,16.459999084472656,-0.0020166713974639474,Pre_Breakout_Accumulation,Pre_Breakout_Accumulation
2019-02-18,10640.9501953125,18.0,-0.007811771620307167,Pre_Breakout_Accumulation,Pre_Breakout_Accumulation
2019-02-19,10604.349609375,18.469999313354492,-0.003445526538395949,Pre_Breakout_Accumulation,Pre_Breakout_Accumulation
2019-02-20,10735.4501953125,17.059999465942383,0.01228711014362708,Pre_Breakout_Accumulation,Pre_Breakout_Accumulation
2019-02-21,10789.849609375,16.049999237060547,0.005054473607434973,Pre_Breakout_Accumulation,Pre_Breakout_Accumulation
2019-02-22,10791.650390625,15.449999809265137,0.00016688193630472358,Pre_Breakout_Accumulation,Pre_Breakout_Accumulation
2019-02-25,10880.099609375,15.359999656677246,0.008162673513503154,Pre_Breakout_Accumulation,Pre_Breakout_Accumulation
2019-02-26,10835.2998046875,17.110000610351562,-0.004126092031890748,Pre_Breakout_Accumulation,Pre_Breakout_Accumulation
2019-02-27,10806.650390625,18.899999618530273,-0.0026475831003447124,Pre_Breakout_Accumulation,Pre_Breakout_Accumulation
2019-02-28,10792.5,18.280000686645508,-0.0013102730795938819,Pre_Breakout_Accumulation,Pre_Breakout_Accumulation
2019-03-01,10863.5,16.270000457763672,0.006557097745663337,Pre_Breakout_Accumulation,Pre_Breakout_Accumulation
2019-03-05,10987.4501953125,15.65999984741211,0.011345183958033887,Pre_Breakout_Accumulation,Pre_Breakout_Accumulation
2019-03-06,11053.0,15.609999656677246,0.0059481541776258,Pre_Breakout_Accumulation,Pre_Breakout_Accumulation
2019-03-07,11058.2001953125,15.289999961853027,0.00047036753884395607,Pre_Breakout_Accumulation,Pre_Breakout_Accumulation
2019-03-08,11035.400390625,14.9399995803833,-0.002063929117607768,Pre_Breakout_Accumulation,Pre_Breakout_Accumulation
2019-03-11,11168.0498046875,14.899999618530273,0.01194868284879883,Pre_Breakout_Accumulation,Pre_Breakout_Accumulation
2019-03-12,11301.2001953125,15.100000381469727,0.011851926453906937,Pre_Breakout_Accumulation,Pre_Breakout_Accumulation
2019-03-13,11341.7001953125,15.279999732971191,0.0035772840485137174,Pre_Breakout_Accumulation,Pre_Breakout_Accumulation
2019-03-14,11343.25,15.149999618530273,0.00013663725743869715,Pre_Breakout_Accumulation,Pre_Breakout_Accumulation
2019-03-15,11426.849609375,15.869999885559082,0.0073429617299341126,Pre_Breakout_Accumulation,Pre_Breakout_Accumulation
2019-03-18,11462.2001953125,16.899999618530273,0.003088866890158751,Pre_Breakout_Accumulation,Pre_Breakout_Accumulation
2019-03-19,11532.400390625,16.489999771118164,0.006105817158639563,Pre_Breakout_Accumulation,Pre_Breakout_Accumulation
2019-03-20,11521.0498046875,16.030000686645508,-0.000984719142560533,Pre_Breakout_Accumulation,Pre_Breakout_Accumulation
2019-03-22,11456.900390625,16.270000457763672,-0.005583577314696379,Pre_Breakout_Accumulation,Pre_Breakout_Accumulation
2019-03-25,11354.25,16.670000076293945,-0.00900007950222714,Pre_Breakout_Accumulation,Pre_Breakout_Accumulation
2019-03-26,11483.25,16.489999771118164,0.011297328693216403,Pre_Breakout_Accumulation,Pre_Breakout_Accumulation
2019-03-27,11445.0498046875,17.049999237060547,-0.003332146821462826,Pre_Breakout_Accumulation,Pre_Breakout_Accumulation
2019-03-28,11570.0,16.649999618530273,0.010858236155870985,Pre_Breakout_Accumulation,Pre_Breakout_Accumulation
2019-04-01,11669.150390625,18.010000228881836,0.008533099582725414,Pre_Breakout_Accumulation,Pre_Breakout_Accumulation
2019-04-02,11713.2001953125,18.079999923706055,0.0037677868730356698,Pre_Breakout_Accumulation,Pre_Breakout_Accumulation
2019-04-03,11643.9501953125,18.780000686645508,-0.005929679070481917,Pre_Breakout_Accumulation,Steady_Uptrend
2019-04-04,11598.0,18.649999618530273,-0.00395407913661549,Steady_Uptrend,Steady_Uptrend
2019-04-05,11665.9501953125,18.389999389648438,0.005841689650914404,Steady_Uptrend,Steady_Uptrend
2019-04-08,11604.5,20.149999618530273,-0.005281405184150887,Steady_Uptrend,Steady_Uptrend
2019-04-09,11671.9501953125,20.280000686645508,0.005795590267793092,Steady_Uptrend,Steady_Uptrend
2019-04-10,11584.2998046875,21.1299991607666,-0.007537827950835446,Steady_Uptrend,Steady_Uptrend
2019-04-11,11596.7001953125,20.959999084472656,0.001069875484907893,Steady_Uptrend,Steady_Uptrend
2019-04-12,11643.4501953125,21.0,0.004023215192085498,Steady_Uptrend,Steady_Uptrend
2019-04-15,11690.349609375,21.389999389648438,0.004019874826265466,Steady_Uptrend,Steady_Uptrend
2019-04-16,11787.150390625,21.690000534057617,0.008246306446581041,Steady_Uptrend,Steady_Uptrend
2019-04-18,11752.7998046875,22.739999771118164,-0.002918494732110024,Steady_Uptrend,Steady_Uptrend
2019-04-22,11594.4501953125,24.049999237060547,-0.013564941266796056,Steady_Uptrend,Steady_Uptrend
2019-04-23,11575.9501953125,24.649999618530273,-0.001596865278055509,Steady_Uptrend,Steady_Uptrend
2019-04-24,11726.150390625,23.709999084472656,0.01289173694761699,Steady_Uptrend,Steady_Uptrend
2019-04-25,11641.7998046875,23.229999542236328,-0.007219371112150696,Steady_Uptrend,Pre_Breakout_Accumulation
2019-04-26,11754.650390625,21.719999313354492,0.00964688746996101,Pre_Breakout_Accumulation,Pre_Breakout_Accumulation
2019-04-30,11748.150390625,21.829999923706055,-0.0005531255807526546,Pre_Breakout_Accumulation,Pre_Breakout_Accumulation
2019-05-02,11724.75,22.979999542236328,-0.0019938224921164987,Pre_Breakout_Accumulation,Pre_Breakout_Accumulation
2019-05-03,11712.25,24.030000686645508,-0.0010666895238500144,Pre_Breakout_Accumulation,Pre_Breakout_Accumulation
2019-05-06,11598.25,26.43000030517578,-0.00978107795702945,Pre_Breakout_Accumulation,Pre_Breakout_Accumulation
2019-05-07,11497.900390625,26.479999542236328,-0.008689780690377916,Pre_Breakout_Accumulation,Pre_Breakout_Accumulation
2019-05-08,11359.4501953125,26.3700008392334,-0.012114430150335101,Pre_Breakout_Accumulation,Pre_Breakout_Accumulation
2019-05-09,11301.7998046875,25.489999771118164,-0.005088026035289156,Pre_Breakout_Accumulation,Pre_Breakout_Accumulation
2019-05-10,11278.900390625,26.34000015258789,-0.0020282295690185756,Pre_Breakout_Accumulation,Pre_Breakout_Accumulation
2019-05-13,11148.2001953125,27.3799991607666,-0.011655690801341047,Pre_Breakout_Accumulation,Pre_Breakout_Accumulation
2019-05-14,11222.0498046875,27.1299991607666,0.006602508032110876,Pre_Breakout_Accumulation,Pre_Breakout_Accumulation
2019-05-15,11157.0,28.65999984741211,-0.0058134718372332824,Pre_Breakout_Accumulation,Pre_Breakout_Accumulation
2019-05-16,11257.099609375,28.3700008392334,0.00893190238330833,Pre_Breakout_Accumulation,Pre_Breakout_Accumulation
2019-05-17,11407.150390625,28.079999923706055,0.013241380029110125,Pre_Breakout_Accumulation,Pre_Breakout_Accumulation
2019-05-20,11828.25,23.68000030517578,0.03625035203017847,Pre_Breakout_Accumulation,Pre_Breakout_Accumulation
2019-05-21,11709.099609375,25.649999618530273,-0.010124454145348287,Pre_Breakout_Accumulation,Pre_Breakout_Accumulation
2019-05-22,11737.900390625,27.6299991607666,0.0024566721316128274,Pre_Breakout_Accumulation,Pre_Breakout_Accumulation
2019-05-23,11657.0498046875,19.40999984741211,-0.006911825598039294,Pre_Breakout_Accumulation,Pre_Breakout_Accumulation
2019-05-24,11844.099609375,16.469999313354492,0.01591868987483049,Pre_Breakout_Accumulation,Pre_Breakout_Accumulation
2019-05-27,11924.75,16.190000534057617,0.00678625187736734,Pre_Breakout_Accumulation,Pre_Breakout_Accumulation
2019-05-28,11928.75,15.920000076293945,0.00033538055526396364,Pre_Breakout_Accumulation,Pre_Breakout_Accumulation
2019-05-29,11861.099609375,16.40999984741211,-0.005687347678687314,Pre_Breakout_Accumulation,Pre_Breakout_Accumulation
2019-05-30,11945.900390625,15.609999656677246,0.007124050901094894,Pre_Breakout_Accumulation,Pre_Breakout_Accumulation
2019-05-31,11922.7998046875,16.06999969482422,-0.001935638971628022,Pre_Breakout_Accumulation,Pre_Breakout_Accumulation
2019-06-03,12088.5498046875,15.970000267028809,0.013806190447529239,Pre_Breakout_Accumulation,Pre_Breakout_Accumulation
2019-06-04,12021.650390625,15.630000114440918,-0.0055494840533033855,Pre_Breakout_Accumulation,Pre_Breakout_Accumulation
2019-06-06,11843.75,15.529999732971191,-0.014908921111632112,Steady_Uptrend,Steady_Uptrend
2019-06-07,11870.650390625,14.859999656677246,0.0022686976453037896,Steady_Uptrend,Steady_Uptrend
2019-06-10,11922.7001953125,14.979999542236328,0.004375162508348263,Steady_Uptrend,Steady_Uptrend
2019-06-11,11965.599609375,14.489999771118164,0.003591671280959742,Steady_Uptrend,Steady_Uptrend
2019-06-12,11906.2001953125,14.119999885559082,-0.0049765444699523915,Steady_Uptrend,Steady_Uptrend
2019-06-13,11914.0498046875,13.65999984741211,0.0006590703001973485,Steady_Uptrend,Steady_Uptrend
2019-06-14,11823.2998046875,13.899999618530273,-0.00764621523730026,Steady_Uptrend,Steady_Uptrend
2019-06-17,11672.150390625,14.649999618530273,-0.012866448437943826,Steady_Uptrend,Steady_Uptrend
2019-06-18,11691.5,14.600000381469727,0.0016563861789982873,Steady_Uptrend,Steady_Uptrend
2019-06-19,11691.4501953125,14.729999542236328,-4.259914774167141e-06,Steady_Uptrend,Steady_Uptrend
2019-06-20,11831.75,14.0,0.011928773907426743,Steady_Uptrend,Steady_Uptrend
2019-06-21,11724.099609375,14.609999656677246,-0.009140077037704798,Steady_Uptrend,Steady_Uptrend
2019-06-24,11699.650390625,15.220000267028809,-0.0020875587921609646,Steady_Uptrend,Steady_Uptrend
2019-06-25,11796.4501953125,15.010000228881836,0.00823969509310694,Steady_Uptrend,Steady_Uptrend
2019-06-26,11847.5498046875,14.75,0.0043224233576614314,Steady_Uptrend,Steady_Uptrend
2019-06-27,11841.5498046875,14.649999618530273,-0.0005065621089227406,Steady_Uptrend,Steady_Uptrend
2019-06-28,11788.849609375,14.949999809265137,-0.004460380187531091,Steady_Uptrend,Pre_Breakout_Accumulation
2019-07-01,11865.599609375,14.600000381469727,0.006489288220080564,Pre_Breakout_Accumulation,Pre_Breakout_Accumulation
2019-07-02,11910.2998046875,14.25,0.003760130979735517,Pre_Breakout_Accumulation,Pre_Breakout_Accumulation
2019-07-03,11916.75,13.699999809265137,0.0005414178862205623,Pre_Breakout_Accumulation,Pre_Breakout_Accumulation
2019-07-04,11946.75,13.529999732971191,0.0025143014062712723,Pre_Breakout_Accumulation,Pre_Breakout_Accumulation
2019-07-05,11811.150390625,13.069999694824219,-0.011415241213692496,Pre_Breakout_Accumulation,Pre_Breakout_Accumulation
2019-07-08,11558.599609375,13.850000381469727,-0.021614318798492883,Pre_Breakout_Accumulation,Pre_Breakout_Accumulation
2019-07-09,11555.900390625,13.6899995803833,-0.0002335519922360358,Pre_Breakout_Accumulation,Pre_Breakout_Accumulation
2019-07-10,11498.900390625,13.640000343322754,-0.0049447502653284115,Pre_Breakout_Accumulation,Pre_Breakout_Accumulation
2019-07-11,11582.900390625,12.470000267028809,0.007278493704286908,Pre_Breakout_Accumulation,Pre_Breakout_Accumulation
2019-07-12,11552.5,12.0,-0.002628042532973005,Pre_Breakout_Accumulation,Pre_Breakout_Accumulation
2019-07-15,11588.349609375,12.020000457763672,0.003098385639232596,Pre_Breakout_Accumulation,Pre_Breakout_Accumulation
2019-07-16,11662.599609375,11.5600004196167,0.006386857732255645,Pre_Breakout_Accumulation,Pre_Breakout_Accumulation
2019-07-17,11687.5,11.800000190734863,0.00213278748103271,Pre_Breakout_Accumulation,Pre_Breakout_Accumulation
2019-07-18,11596.900390625,11.75,-0.007782039913567366,Pre_Breakout_Accumulation,Pre_Breakout_Accumulation
2019-07-19,11419.25,12.520000457763672,-0.015437326885714045,Pre_Breakout_Accumulation,Pre_Breakout_Accumulation
2019-07-22,11346.2001953125,13.010000228881836,-0.00641762449493666,Pre_Breakout_Accumulation,Pre_Breakout_Accumulation
2019-07-23,11331.0498046875,13.430000305175781,-0.001336175495625011,Pre_Breakout_Accumulation,Pre_Breakout_Accumulation
2019-07-24,11271.2998046875,12.760000228881836,-0.005287073265915101,Pre_Breakout_Accumulation,Pre_Breakout_Accumulation
2019-07-25,11252.150390625,12.640000343322754,-0.001700398341321937,Pre_Breakout_Accumulation,Pre_Breakout_Accumulation
2019-07-26,11284.2998046875,12.130000114440918,0.0028531055771835417,Pre_Breakout_Accumulation,Pre_Breakout_Accumulation
2019-07-29,11189.2001953125,13.0600004196167,-0.008463316975262767,Pre_Breakout_Accumulation,Pre_Breakout_Accumulation
2019-07-30,11085.400390625,13.609999656677246,-0.009320082365343962,Pre_Breakout_Accumulation,Pre_Breakout_Accumulation
2019-07-31,11118.0,13.59000015258789,0.002936454076975709,Pre_Breakout_Accumulation,Pre_Breakout_Accumulation
2019-08-01,10980.0,14.5600004196167,-0.012489980449893174,Pre_Breakout_Accumulation,Pre_Breakout_Accumulation
2019-08-02,10997.349609375,15.1899995803833,0.001578863082899198,Pre_Breakout_Accumulation,Pre_Breakout_Accumulation
2019-08-05,10862.599609375,16.59000015258789,-0.012328638591802651,Pre_Breakout_Accumulation,Pre_Breakout_Accumulation
2019-08-06,10948.25,16.1200008392334,0.007853965566277007,Pre_Breakout_Accumulation,Pre_Breakout_Accumulation
2019-08-07,10855.5,16.739999771118164,-0.00850776214660283,Pre_Breakout_Accumulation,Pre_Breakout_Accumulation
2019-08-08,11032.4501953125,16.09000015258789,0.016169083798241606,Pre_Breakout_Accumulation,Pre_Breakout_Accumulation
2019-08-09,11109.650390625,15.850000381469727,0.006973187375465333,Pre_Breakout_Accumulation,Pre_Breakout_Accumulation
2019-08-13,10925.849609375,17.780000686645508,-0.016682629759426824,Pre_Breakout_Accumulation,Pre_Breakout_Accumulation
2019-08-14,11029.400390625,16.360000610351562,0.009432964697282421,Pre_Breakout_Accumulation,Pre_Breakout_Accumulation
2019-08-16,11047.7998046875,16.649999618530273,0.00166682533651526,Pre_Breakout_Accumulation,Pre_Breakout_Accumulation
2019-08-19,11053.900390625,16.75,0.0005520467691192048,Pre_Breakout_Accumulation,Pre_Breakout_Accumulation
2019-08-20,11017.0,16.6299991607666,-0.0033438078514244876,Pre_Breakout_Accumulation,Pre_Breakout_Accumulation
2019-08-21,10918.7001953125,17.020000457763672,-0.008962600859057328,Pre_Breakout_Accumulation,Pre_Breakout_Accumulation
2019-08-22,10741.349609375,17.850000381469727,-0.016376190359974212,Pre_Breakout_Accumulation,Pre_Breakout_Accumulation
2019-08-23,10829.349609375,17.350000381469727,0.008159261534645986,Pre_Breakout_Accumulation,Pre_Breakout_Accumulation
2019-08-26,11057.849609375,16.65999984741211,0.020880542984676998,Pre_Breakout_Accumulation,Pre_Breakout_Accumulation
2019-08-27,11105.349609375,16.010000228881836,0.004286391351556263,Pre_Breakout_Accumulation,Pre_Breakout_Accumulation
2019-08-28,11046.099609375,16.84000015258789,-0.005349549884040612,Pre_Breakout_Accumulation,Pre_Breakout_Accumulation
2019-08-29,10948.2998046875,16.43000030517578,-0.008893213897011299,Pre_Breakout_Accumulation,Pre_Breakout_Accumulation
2019-08-30,11023.25,16.280000686645508,0.00682250334649108,Pre_Breakout_Accumulation,Pre_Breakout_Accumulation
2019-09-03,10797.900390625,18.059999465942383,-0.020654971620241963,Pre_Breakout_Accumulation,Pre_Breakout_Accumulation
2019-09-04,10844.650390625,17.239999771118164,0.004320199886309888,Pre_Breakout_Accumulation,Pre_Breakout_Accumulation
2019-09-05,10847.900390625,17.270000457763672,0.00029964203445609783,Pre_Breakout_Accumulation,Pre_Breakout_Accumulation
2019-09-06,10946.2001953125,16.270000457763672,0.00902083303672415,Pre_Breakout_Accumulation,Pre_Breakout_Accumulation
2019-09-09,11003.0498046875,15.850000381469727,0.005180107429441778,Pre_Breakout_Accumulation,Pre_Breakout_Accumulation
2019-09-11,11035.7001953125,15.369999885559082,0.0029630005796600876,Pre_Breakout_Accumulation,Pre_Breakout_Accumulation
2019-09-12,10982.7998046875,14.899999618530273,-0.004805095025496559,Pre_Breakout_Accumulation,Pre_Breakout_Accumulation
2019-09-13,11075.900390625,14.119999885559082,0.008441217109748283,Pre_Breakout_Accumulation,Pre_Breakout_Accumulation
2019-09-16,11003.5,14.949999809265137,-0.006558207998363749,Pre_Breakout_Accumulation,Pre_Breakout_Accumulation
2019-09-17,10817.599609375,16.020000457763672,-0.017039002763312223,Pre_Breakout_Accumulation,Pre_Breakout_Accumulation
2019-09-18,10840.650390625,15.350000381469727,0.002128592102631135,Pre_Breakout_Accumulation,Pre_Breakout_Accumulation
2019-09-19,10704.7998046875,15.550000190734863,-0.012610772583449698,Pre_Breakout_Accumulation,Pre_Breakout_Accumulation
2019-09-20,11274.2001953125,15.399999618530273,0.051824725995144275,Pre_Breakout_Accumulation,Pre_Breakout_Accumulation
2019-09-23,11600.2001953125,16.790000915527344,0.028505409421526316,Pre_Breakout_Accumulation,Pre_Breakout_Accumulation
2019-09-24,11588.2001953125,16.729999542236328,-0.0010350003337080292,Pre_Breakout_Accumulation,Pre_Breakout_Accumulation
2019-09-25,11440.2001953125,16.170000076293945,-0.01285387045749521,Pre_Breakout_Accumulation,Pre_Breakout_Accumulation
2019-09-26,11571.2001953125,16.34000015258789,0.011385783826013006,Pre_Breakout_Accumulation,Pre_Breakout_Accumulation
2019-09-27,11512.400390625,16.110000610351562,-0.005094519950938459,Pre_Breakout_Accumulation,Pre_Breakout_Accumulation
2019-09-30,11474.4501953125,15.869999885559082,-0.003301907727659163,Pre_Breakout_Accumulation,Steady_Uptrend
2019-10-01,11359.900390625,16.760000228881836,-0.01003319671254013,Steady_Uptrend,Steady_Uptrend
2019-10-03,11314.0,17.700000762939453,-0.004048747902700529,Steady_Uptrend,Steady_Uptrend
2019-10-04,11174.75,17.579999923706055,-0.012384128036227408,Steady_Uptrend,Steady_Uptrend
2019-10-07,11126.400390625,17.829999923706055,-0.004336070945390455,Steady_Uptrend,Steady_Uptrend
2019-10-09,11313.2998046875,17.15999984741211,0.016658309554353663,Steady_Uptrend,Steady_Uptrend
2019-10-10,11234.5498046875,17.229999542236328,-0.006985173448092334,Steady_Uptrend,Steady_Uptrend
2019-10-11,11305.0498046875,17.139999389648438,0.006255677219734019,Steady_Uptrend,Steady_Uptrend
2019-10-14,11341.150390625,17.43000030517578,0.0031882272704231176,Steady_Uptrend,Steady_Uptrend
2019-10-15,11428.2998046875,16.850000381469727,0.007654979710518189,Steady_Uptrend,Steady_Uptrend
2019-10-16,11464.0,16.360000610351562,0.0031189722795879394,Steady_Uptrend,Steady_Uptrend
2019-10-17,11586.349609375,15.880000114440918,0.010615956850818441,Steady_Uptrend,Steady_Uptrend
2019-10-18,11661.849609375,15.930000305175781,0.006495149556810502,Steady_Uptrend,Steady_Uptrend
2019-10-22,11588.349609375,16.809999465942383,-0.006322547531982618,Steady_Uptrend,Steady_Uptrend
2019-10-23,11604.099609375,16.540000915527344,0.0013582008758651655,Steady_Uptrend,Steady_Uptrend
2019-10-24,11582.599609375,16.239999771118164,-0.001854512016487498,Steady_Uptrend,Steady_Uptrend
2019-10-25,11583.900390625,15.319999694824219,0.00011229846989121649,Steady_Uptrend,Steady_Uptrend
2019-10-29,11786.849609375,16.420000076293945,0.017368233407476515,Steady_Uptrend,Steady_Uptrend
2019-10-30,11844.099609375,16.65999984741211,0.004845350178432992,Steady_Uptrend,Steady_Uptrend
2019-10-31,11877.4501953125,16.280000686645508,0.0028118405572833054,Steady_Uptrend,Steady_Uptrend
2019-11-01,11890.599609375,15.729999542236328,0.0011064782775295006,Steady_Uptrend,Steady_Uptrend
2019-11-04,11941.2998046875,15.930000305175781,0.004254824252091804,Steady_Uptrend,Steady_Uptrend
2019-11-05,11917.2001953125,15.920000076293945,-0.002020212299297299,Steady_Uptrend,Steady_Uptrend
2019-11-06,11966.0498046875,15.779999732971191,0.004090706038353768,Steady_Uptrend,Steady_Uptrend
2019-11-07,12012.0498046875,15.210000038146973,0.003836839214212366,Steady_Uptrend,Steady_Uptrend
2019-11-08,11908.150390625,15.859999656677246,-0.008687223905779385,Steady_Uptrend,Steady_Uptrend
2019-11-11,11913.4501953125,16.25,0.0004449579074941643,Steady_Uptrend,Steady_Uptrend
2019-11-13,11840.4501953125,16.459999084472656,-0.006146378372844679,Steady_Uptrend,Steady_Uptrend
2019-11-14,11872.099609375,15.649999618530273,0.0026694246816312177,Steady_Uptrend,Steady_Uptrend
2019-11-15,11895.4501953125,15.029999732971191,0.001964913812506188,Steady_Uptrend,Steady_Uptrend
2019-11-18,11884.5,15.760000228881836,-0.0009209603886071214,Steady_Uptrend,Steady_Uptrend
2019-11-19,11940.099609375,15.40999984741211,0.004667420332106962,Steady_Uptrend,Steady_Uptrend
2019-11-20,11999.099609375,15.15999984741211,0.004929163997457979,Steady_Uptrend,Steady_Uptrend
2019-11-21,11968.400390625,14.979999542236328,-0.0025617386493080496,Steady_Uptrend,Steady_Uptrend
2019-11-22,11914.400390625,14.869999885559082,-0.004522090396049399,Steady_Uptrend,Pre_Breakout_Accumulation
2019-11-25,12073.75,15.0,0.013285889135891809,Pre_Breakout_Accumulation,Pre_Breakout_Accumulation
2019-11-26,12037.7001953125,14.84000015258789,-0.0029902665544935493,Pre_Breakout_Accumulation,Pre_Breakout_Accumulation
2019-11-27,12100.7001953125,14.619999885559082,0.005219910352766259,Pre_Breakout_Accumulation,Pre_Breakout_Accumulation
2019-11-28,12151.150390625,13.989999771118164,0.004160529350791835,Pre_Breakout_Accumulation,Pre_Breakout_Accumulation
2019-11-29,12056.0498046875,13.899999618530273,-0.00785725523266999,Pre_Breakout_Accumulation,Pre_Breakout_Accumulation
2019-12-02,12048.2001953125,14.199999809265137,-0.000651305031476376,Pre_Breakout_Accumulation,Pre_Breakout_Accumulation
2019-12-03,11994.2001953125,14.5600004196167,-0.004492071500914214,Pre_Breakout_Accumulation,Pre_Breakout_Accumulation
2019-12-04,12043.2001953125,13.319999694824219,0.0040769856204158446,Pre_Breakout_Accumulation,Pre_Breakout_Accumulation
2019-12-05,12018.400390625,14.3100004196167,-0.002061360247465576,Pre_Breakout_Accumulation,Pre_Breakout_Accumulation
2019-12-06,11921.5,13.640000343322754,-0.00809534862199821,Pre_Breakout_Accumulation,Pre_Breakout_Accumulation
2019-12-09,11937.5,14.600000381469727,0.0013412131605239934,Pre_Breakout_Accumulation,Pre_Breakout_Accumulation
2019-12-10,11856.7998046875,14.289999961853027,-0.006783179618895446,Pre_Breakout_Accumulation,Pre_Breakout_Accumulation
2019-12-11,11910.150390625,13.380000114440918,0.004489484356039674,Pre_Breakout_Accumulation,Pre_Breakout_Accumulation
2019-12-12,11971.7998046875,13.350000381469727,0.005162857346029799,Pre_Breakout_Accumulation,Pre_Breakout_Accumulation
2019-12-13,12086.7001953125,13.300000190734863,0.009551822783961173,Pre_Breakout_Accumulation,Pre_Breakout_Accumulation
2019-12-16,12053.9501953125,13.420000076293945,-0.002713267419203363,Pre_Breakout_Accumulation,Pre_Breakout_Accumulation
2019-12-17,12165.0,12.520000457763672,0.009170552980705609,Pre_Breakout_Accumulation,Pre_Breakout_Accumulation
2019-12-18,12221.650390625,12.34000015258789,0.004646024904610523,Pre_Breakout_Accumulation,Pre_Breakout_Accumulation
2019-12-19,12259.7001953125,12.119999885559082,0.003108475179285728,Pre_Breakout_Accumulation,Pre_Breakout_Accumulation
2019-12-20,12271.7998046875,12.329999923706055,0.0009864549951019103,Pre_Breakout_Accumulation,Pre_Breakout_Accumulation
2019-12-23,12262.75,11.960000038146973,-0.0007377192709850936,Pre_Breakout_Accumulation,Pre_Breakout_Accumulation
2019-12-24,12214.5498046875,11.630000114440918,-0.003938363953434116,Pre_Breakout_Accumulation,Pre_Breakout_Accumulation
2019-12-26,12126.5498046875,11.119999885559082,-0.007230600491364134,Pre_Breakout_Accumulation,Pre_Breakout_Accumulation
2019-12-27,12245.7998046875,10.529999732971191,0.009785757510884093,Pre_Breakout_Accumulation,Pre_Breakout_Accumulation
2019-12-30,12255.849609375,11.010000228881836,0.0008203370378256411,Pre_Breakout_Accumulation,Pre_Breakout_Accumulation
2019-12-31,12168.4501953125,11.670000076293945,-0.007156789574995062,Pre_Breakout_Accumulation,Pre_Breakout_Accumulation
2020-01-02,12282.2001953125,11.489999771118164,0.009304523097122144,Pre_Breakout_Accumulation,Pre_Breakout_Accumulation
2020-01-03,12226.650390625,12.699999809265137,-0.004533048142335533,Pre_Breakout_Accumulation,Pre_Breakout_Accumulation
2020-01-06,11993.0498046875,14.779999732971191,-0.01929072847314149,Pre_Breakout_Accumulation,Pre_Breakout_Accumulation
2020-01-07,12052.9501953125,14.609999656677246,0.004982160403270252,Pre_Breakout_Accumulation,Pre_Breakout_Accumulation
2020-01-08,12025.349609375,15.640000343322754,-0.0022925703434345888,Pre_Breakout_Accumulation,Pre_Breakout_Accumulation
2020-01-09,12215.900390625,14.0,0.015721524760104574,Pre_Breakout_Accumulation,Pre_Breakout_Accumulation
2020-01-10,12256.7998046875,14.079999923706055,0.003342455210374022,Pre_Breakout_Accumulation,Pre_Breakout_Accumulation
2020-01-13,12329.5498046875,14.279999732971191,0.005917935234497193,Pre_Breakout_Accumulation,Pre_Breakout_Accumulation
2020-01-14,12362.2998046875,13.90999984741211,0.0026526987425187607,Pre_Breakout_Accumulation,Pre_Breakout_Accumulation
2020-01-15,12343.2998046875,14.119999885559082,-0.0015381131440847836,Pre_Breakout_Accumulation,Pre_Breakout_Accumulation
2020-01-16,12355.5,14.180000305175781,0.0009879181499700635,Pre_Breakout_Accumulation,Pre_Breakout_Accumulation
2020-01-17,12352.349609375,14.130000114440918,-0.00025501131760789477,Pre_Breakout_Accumulation,Pre_Breakout_Accumulation
2020-01-20,12224.5498046875,15.40999984741211,-0.01040008785925209,Pre_Breakout_Accumulation,Pre_Breakout_Accumulation
2020-01-21,12169.849609375,15.859999656677246,-0.004484659455009181,Pre_Breakout_Accumulation,Pre_Breakout_Accumulation
2020-01-22,12106.900390625,16.360000610351562,-0.005185979163736476,Pre_Breakout_Accumulation,Pre_Breakout_Accumulation
2020-01-23,12180.349609375,15.859999656677246,0.0060483951593072694,Pre_Breakout_Accumulation,Pre_Breakout_Accumulation
2020-01-24,12248.25,15.5600004196167,0.005559104211847819,Pre_Breakout_Accumulation,Pre_Breakout_Accumulation
2020-01-27,12119.0,17.18000030517578,-0.010608600656474901,Pre_Breakout_Accumulation,Pre_Breakout_Accumulation
2020-01-28,12055.7998046875,17.299999237060547,-0.005228613250633523,Pre_Breakout_Accumulation,Pre_Breakout_Accumulation
2020-01-29,12129.5,16.5,0.006094646255253335,Pre_Breakout_Accumulation,Pre_Breakout_Accumulation
2020-01-30,12035.7998046875,16.799999237060547,-0.007754976405079576,Pre_Breakout_Accumulation,Pre_Breakout_Accumulation
2020-01-31,11962.099609375,17.3700008392334,-0.006142239847635705,Pre_Breakout_Accumulation,Pre_Breakout_Accumulation
2020-02-03,11707.900390625,15.779999732971191,-0.02147942474929971,Pre_Breakout_Accumulation,Pre_Breakout_Accumulation
2020-02-04,11979.650390625,14.380000114440918,0.02294554852001912,Pre_Breakout_Accumulation,Pre_Breakout_Accumulation
2020-02-05,12089.150390625,14.170000076293945,0.009098978920125088,Pre_Breakout_Accumulation,Pre_Breakout_Accumulation
2020-02-06,12137.9501953125,13.779999732971191,0.00402853577236436,Pre_Breakout_Accumulation,Pre_Breakout_Accumulation
2020-02-07,12098.349609375,13.75,-0.003267876820959125,Pre_Breakout_Accumulation,Pre_Breakout_Accumulation
2020-02-10,12031.5,14.210000038146973,-0.005540836887552729,Pre_Breakout_Accumulation,Pre_Breakout_Accumulation
2020-02-11,12107.900390625,13.880000114440918,0.0063299538920958175,Pre_Breakout_Accumulation,Pre_Breakout_Accumulation
2020-02-12,12201.2001953125,13.619999885559082,0.0076761591804553895,Pre_Breakout_Accumulation,Pre_Breakout_Accumulation
2020-02-13,12174.650390625,13.369999885559082,-0.002178370358219195,Pre_Breakout_Accumulation,Pre_Breakout_Accumulation
2020-02-14,12113.4501953125,13.619999885559082,-0.005039531569823334,Pre_Breakout_Accumulation,Pre_Breakout_Accumulation
2020-02-17,12045.7998046875,14.420000076293945,-0.005600386389670753,Pre_Breakout_Accumulation,Pre_Breakout_Accumulation
2020-02-18,11992.5,14.510000228881836,-0.004434580853707973,Pre_Breakout_Accumulation,Pre_Breakout_Accumulation
2020-02-19,12125.900390625,14.020000457763672,0.011062238693018929,Pre_Breakout_Accumulation,Pre_Breakout_Accumulation
2020-02-20,12080.849609375,13.699999809265137,-0.003722171151700223,Pre_Breakout_Accumulation,Pre_Breakout_Accumulation
2020-02-24,11829.400390625,17.0,-0.02103353072205037,Pre_Breakout_Accumulation,Pre_Breakout_Accumulation
2020-02-25,11797.900390625,16.899999618530273,-0.002666408571566386,Pre_Breakout_Accumulation,Pre_Breakout_Accumulation
2020-02-26,11678.5,18.260000228881836,-0.010172038146389433,Pre_Breakout_Accumulation,Pre_Breakout_Accumulation
2020-02-27,11633.2998046875,17.770000457763672,-0.0038778860778288546,Pre_Breakout_Accumulation,Steady_Uptrend
2020-02-28,11201.75,23.239999771118164,-0.0378016423222764,Steady_Uptrend,Steady_Uptrend
2020-03-02,11132.75,25.200000762939453,-0.0061788013630017435,Steady_Uptrend,Steady_Uptrend
2020-03-03,11303.2998046875,24.540000915527344,0.015203486470954998,Steady_Uptrend,Steady_Uptrend
2020-03-04,11251.0,24.229999542236328,-0.0046376876143074345,Steady_Uptrend,Steady_Uptrend
2020-03-05,11269.0,23.25,0.0015985793812774052,Steady_Uptrend,Steady_Uptrend
2020-03-06,10989.4501953125,25.639999389648438,-0.02511985353017798,Steady_Uptrend,Steady_Uptrend
2020-03-09,10451.4501953125,30.799999237060547,-0.05019499598647564,Steady_Uptrend,Steady_Uptrend
2020-03-11,10458.400390625,31.559999465942383,0.0006647771623133455,Steady_Uptrend,Steady_Uptrend
2020-03-12,9590.150390625,41.15999984741211,-0.08666894981793948,Steady_Uptrend,Steady_Uptrend
2020-03-13,9955.2001953125,51.470001220703125,0.03735847654239177,High_Conviction_Bull,High_Conviction_Bull
2020-03-16,9197.400390625,58.880001068115234,-0.07917416945110371,High_Conviction_Bull,High_Conviction_Bull
2020-03-17,8967.0498046875,62.93000030517578,-0.02536415171509603,High_Conviction_Bull,High_Conviction_Bull
2020-03-18,8468.7998046875,63.959999084472656,-0.05716792711513327,High_Conviction_Bull,High_Conviction_Bull
2020-03-19,8263.4501953125,72.19999694824219,-0.02454659954775134,High_Conviction_Bull,High_Conviction_Bull
2020-03-20,8745.4501953125,67.0999984741211,0.05669138794443699,High_Conviction_Bull,High_Conviction_Bull
2020-03-23,7610.25,71.98999786376953,-0.13903756461051203,High_Conviction_Bull,High_Conviction_Bull
2020-03-24,7801.0498046875,83.61000061035156,0.024762292138464665,High_Conviction_Bull,High_Conviction_Bull
2020-03-25,8317.849609375,77.62999725341797,0.06414544603118057,High_Conviction_Bull,High_Conviction_Bull
2020-03-26,8641.4501953125,71.52999877929688,0.03816665439616388,High_Conviction_Bull,High_Conviction_Bull
2020-03-27,8660.25,70.38999938964844,0.002173175106963937,High_Conviction_Bull,High_Conviction_Bull
2020-03-30,8281.099609375,71.88999938964844,-0.04476782787370225,High_Conviction_Bull,High_Conviction_Bull
2020-03-31,8597.75,64.41000366210938,0.03752477847769833,High_Conviction_Bull,High_Conviction_Bull
2020-04-01,8253.7998046875,60.04999923706055,-0.040826864424490454,High_Conviction_Bull,High_Conviction_Bull
2020-04-03,8083.7998046875,55.29999923706055,-0.02081164185069997,High_Conviction_Bull,High_Conviction_Bull
2020-04-07,8792.2001953125,51.79999923706055,0.08400295216282225,High_Conviction_Bull,High_Conviction_Bull
2020-04-08,8748.75,52.2400016784668,-0.004954153987953298,High_Conviction_Bull,High_Conviction_Bull
2020-04-09,9111.900390625,49.75,0.0406704613937413,High_Conviction_Bull,High_Conviction_Bull
2020-04-13,8993.849609375,51.459999084472656,-0.013040327423561648,High_Conviction_Bull,High_Conviction_Bull
2020-04-15,8925.2998046875,49.7400016784668,-0.007651048328648555,High_Conviction_Bull,High_Conviction_Bull
2020-04-16,8992.7998046875,46.099998474121094,0.007534316783542481,High_Conviction_Bull,High_Conviction_Bull
2020-04-17,9266.75,42.59000015258789,0.03000848934711599,High_Conviction_Bull,High_Conviction_Bull
2020-04-20,9261.849609375,43.459999084472656,-0.0005289542483047096,High_Conviction_Bull,High_Conviction_Bull
2020-04-21,8981.4501953125,45.20000076293945,-0.030742409586860843,High_Conviction_Bull,High_Conviction_Bull
2020-04-22,9187.2998046875,42.81999969482422,0.022660713376927297,High_Conviction_Bull,High_Conviction_Bull
2020-04-23,9313.900390625,39.22999954223633,0.013685875581327233,High_Conviction_Bull,High_Conviction_Bull
2020-04-24,9154.400390625,39.119998931884766,-0.017273269224786485,High_Conviction_Bull,High_Conviction_Bull
2020-04-27,9282.2998046875,38.040000915527344,0.01387465918374464,High_Conviction_Bull,High_Conviction_Bull
2020-04-28,9380.900390625,35.349998474121094,0.010566409007242056,High_Conviction_Bull,High_Conviction_Bull
2020-04-29,9553.349609375,33.84000015258789,0.01821608855026957,High_Conviction_Bull,High_Conviction_Bull
2020-04-30,9859.900390625,33.9900016784668,0.03158422875946422,High_Conviction_Bull,High_Conviction_Bull
2020-05-04,9293.5,43.66999816894531,-0.059160835126554547,High_Conviction_Bull,High_Conviction_Bull
2020-05-05,9205.599609375,43.61000061035156,-0.009503278972569803,High_Conviction_Bull,High_Conviction_Bull
2020-05-06,9270.900390625,41.25,0.0070685522845568985,High_Conviction_Bull,High_Conviction_Bull
2020-05-07,9199.0498046875,39.93000030517578,-0.0077803077564110755,High_Conviction_Bull,High_Conviction_Bull
2020-05-08,9251.5,38.40999984741211,0.005685503917787226,High_Conviction_Bull,High_Conviction_Bull
2020-05-11,9239.2001953125,38.040000915527344,-0.001330377581346701,High_Conviction_Bull,High_Conviction_Bull
2020-05-12,9196.5498046875,38.209999084472656,-0.004626930470959459,High_Conviction_Bull,High_Conviction_Bull
2020-05-13,9383.5498046875,38.84000015258789,0.02012974293547344,High_Conviction_Bull,High_Conviction_Bull
2020-05-14,9142.75,38.18000030517578,-0.025996919937107583,High_Conviction_Bull,High_Conviction_Bull
2020-05-15,9136.849609375,38.02000045776367,-0.0006455711236580218,High_Conviction_Bull,High_Conviction_Bull
2020-05-18,8823.25,40.91999816894531,-0.03492536149006188,High_Conviction_Bull,High_Conviction_Bull
2020-05-19,8879.099609375,39.45000076293945,0.006309873650596998,High_Conviction_Bull,High_Conviction_Bull
2020-05-20,9066.5498046875,35.810001373291016,0.020891638839326522,High_Conviction_Bull,High_Conviction_Bull
2020-05-21,9106.25,32.9900016784668,0.004369195599480915,High_Conviction_Bull,Bearish_Distribution
2020-05-22,9039.25,32.380001068115234,-0.00738478460081561,Bearish_Distribution,Bearish_Distribution
2020-05-26,9029.0498046875,31.469999313354492,-0.00112907097030296,Bearish_Distribution,Bearish_Distribution
2020-05-27,9314.9501953125,31.270000457763672,0.0311735219299972,Bearish_Distribution,Bearish_Distribution
2020-05-28,9490.099609375,30.020000457763672,0.018628451492543274,Bearish_Distribution,Bearish_Distribution
2020-05-29,9580.2998046875,30.219999313354492,0.009459777532853096,Bearish_Distribution,Bearish_Distribution
2020-06-01,9826.150390625,30.739999771118164,0.025338352659720637,Bearish_Distribution,Bearish_Distribution
2020-06-02,9979.099609375,30.1200008392334,0.015445627746472025,Bearish_Distribution,Bearish_Distribution
2020-06-03,10061.5498046875,30.040000915527344,0.008228342186278518,Bearish_Distribution,Bearish_Distribution
2020-06-04,10029.099609375,29.690000534057617,-0.003230380747065696,Bearish_Distribution,Bearish_Distribution
2020-06-05,10142.150390625,28.68000030517578,0.01120921756965851,Bearish_Distribution,Bearish_Distribution
2020-06-08,10167.4501953125,29.649999618530273,0.0024914146063167966,Bearish_Distribution,Bearish_Distribution
2020-06-09,10046.650390625,30.209999084472656,-0.011952175882067815,Bearish_Distribution,Bearish_Distribution
2020-06-10,10116.150390625,29.440000534057617,0.006893910822071789,Bearish_Distribution,Bearish_Distribution
2020-06-11,9902.0,29.65999984741211,-0.021396438367806456,Bearish_Distribution,Bearish_Distribution
2020-06-12,9972.900390625,30.81999969482422,0.007134696525776951,Bearish_Distribution,Bearish_Distribution
2020-06-15,9813.7001953125,32.58000183105469,-0.016092064938005003,Bearish_Distribution,High_Conviction_Bull
2020-06-16,9914.0,32.970001220703125,0.010168511071378764,High_Conviction_Bull,High_Conviction_Bull
2020-06-17,9881.150390625,33.349998474121094,-0.0033189583187083734,High_Conviction_Bull,High_Conviction_Bull
2020-06-18,10091.650390625,31.459999084472656,0.021079446670088396,High_Conviction_Bull,High_Conviction_Bull
2020-06-19,10244.400390625,29.969999313354492,0.015022865002949488,High_Conviction_Bull,High_Conviction_Bull
2020-06-22,10311.2001953125,30.459999084472656,0.006499449097502718,High_Conviction_Bull,High_Conviction_Bull
2020-06-23,10471.0,29.34000015258789,0.015378829255110686,High_Conviction_Bull,High_Conviction_Bull
2020-06-24,10305.2998046875,29.579999923706055,-0.015951224257763807,High_Conviction_Bull,High_Conviction_Bull
2020-06-25,10288.900390625,29.729999542236328,-0.0015926248529521327,High_Conviction_Bull,High_Conviction_Bull
2020-06-26,10383.0,28.739999771118164,0.00910417112670767,High_Conviction_Bull,High_Conviction_Bull
2020-06-29,10312.400390625,28.90999984741211,-0.006822760798075913,High_Conviction_Bull,High_Conviction_Bull
2020-06-30,10302.099609375,29.1200008392334,-0.0009993724909477652,High_Conviction_Bull,High_Conviction_Bull
2020-07-01,10430.0498046875,28.1200008392334,0.012343324106810436,High_Conviction_Bull,High_Conviction_Bull
2020-07-02,10551.7001953125,26.510000228881836,0.011595958752537541,High_Conviction_Bull,Bearish_Distribution
2020-07-03,10607.349609375,25.770000457763672,0.005260117338821228,Bearish_Distribution,Bearish_Distribution
2020-07-06,10763.650390625,25.200000762939453,0.014627632603289031,Bearish_Distribution,Bearish_Distribution
2020-07-07,10799.650390625,25.100000381469727,0.003339009534036716,Bearish_Distribution,Bearish_Distribution
2020-07-08,10705.75,26.100000381469727,-0.008732782060989626,Bearish_Distribution,Bearish_Distribution
2020-07-09,10813.4501953125,24.90999984741211,0.01000976742529668,Bearish_Distribution,Bearish_Distribution
2020-07-10,10768.0498046875,24.940000534057617,-0.00420734959083762,Bearish_Distribution,Bearish_Distribution
2020-07-13,10802.7001953125,25.25,0.003212722824094239,Bearish_Distribution,Bearish_Distribution
2020-07-14,10607.349609375,26.639999389648438,-0.018249000734889463,Bearish_Distribution,Bearish_Distribution
2020-07-15,10618.2001953125,26.290000915527344,0.001022408086719745,Bearish_Distribution,Bearish_Distribution
2020-07-16,10739.9501953125,25.360000610351562,0.011400923444823241,Bearish_Distribution,Bearish_Distribution
2020-07-17,10901.7001953125,24.15999984741211,0.014948306530616993,Bearish_Distribution,Bearish_Distribution
2020-07-20,11022.2001953125,24.709999084472656,0.010992680250840313,Bearish_Distribution,Bearish_Distribution
2020-07-21,11162.25,24.43000030517578,0.012626110991777935,Bearish_Distribution,Bearish_Distribution
2020-07-22,11132.599609375,24.889999389648438,-0.002659843741967638,Bearish_Distribution,Bearish_Distribution
2020-07-23,11215.4501953125,24.639999389648438,0.007414603621325298,Bearish_Distribution,Bearish_Distribution
2020-07-24,11194.150390625,24.540000915527344,-0.0019009541040186228,Bearish_Distribution,Bearish_Distribution
2020-07-27,11131.7998046875,25.020000457763672,-0.0055854955772852745,Bearish_Distribution,Bearish_Distribution
2020-07-28,11300.5498046875,23.639999389648438,0.015045520083450243,Bearish_Distribution,Steady_Uptrend
2020-07-29,11202.849609375,24.110000610351562,-0.008683204468886633,Steady_Uptrend,Steady_Uptrend
2020-07-30,11102.150390625,24.729999542236328,-0.009029356907451743,Steady_Uptrend,Steady_Uptrend
2020-07-31,11073.4501953125,24.190000534057617,-0.002588449519166038,Steady_Uptrend,Steady_Uptrend
2020-08-03,10891.599609375,25.190000534057617,-0.016558554850121334,Steady_Uptrend,Steady_Uptrend
2020-08-04,11095.25,23.81999969482422,0.01852527473195631,Steady_Uptrend,Steady_Uptrend
2020-08-05,11101.650390625,23.56999969482422,0.0005766923029565639,Steady_Uptrend,Steady_Uptrend
2020-08-06,11200.150390625,23.149999618530273,0.00883342483924069,Steady_Uptrend,Steady_Uptrend
2020-08-07,11214.0498046875,22.579999923706055,0.0012402330418245548,Steady_Uptrend,Steady_Uptrend
2020-08-10,11270.150390625,22.510000228881836,0.004990233307851035,Steady_Uptrend,Steady_Uptrend
2020-08-11,11322.5,21.360000610351562,0.004634224153283686,Steady_Uptrend,Steady_Uptrend
2020-08-12,11308.400390625,20.850000381469727,-0.0012460495124746427,Steady_Uptrend,Steady_Uptrend
2020-08-13,11300.4501953125,20.56999969482422,-0.0007032817179241128,Steady_Uptrend,Steady_Uptrend
2020-08-14,11178.400390625,21.670000076293945,-0.010859185489107238,Steady_Uptrend,Steady_Uptrend
2020-08-17,11247.099609375,21.309999465942383,0.006126903182347498,Steady_Uptrend,Steady_Uptrend
2020-08-18,11385.349609375,20.43000030517578,0.012217124027310865,Steady_Uptrend,Steady_Uptrend
2020-08-19,11408.400390625,19.959999084472656,0.002022553472584474,Steady_Uptrend,Steady_Uptrend
2020-08-20,11312.2001953125,20.6200008392334,-0.0084681538079335,Steady_Uptrend,Steady_Uptrend
2020-08-21,11371.599609375,19.940000534057617,0.005237178104313519,Steady_Uptrend,Steady_Uptrend
2020-08-24,11466.4501953125,19.229999542236328,0.008306412509926262,Steady_Uptrend,Steady_Uptrend
2020-08-25,11472.25,19.31999969482422,0.000505678592222556,Steady_Uptrend,Steady_Uptrend
2020-08-26,11549.599609375,19.299999237060547,0.006719694702452173,Steady_Uptrend,Steady_Uptrend
2020-08-27,11559.25,18.899999618530273,0.0008352117348219679,Steady_Uptrend,Pre_Breakout_Accumulation
2020-08-28,11647.599609375,18.350000381469727,0.007614134421611744,Pre_Breakout_Accumulation,Pre_Breakout_Accumulation
2020-08-31,11387.5,22.84000015258789,-0.0225838540823065,Pre_Breakout_Accumulation,Pre_Breakout_Accumulation
2020-09-01,11470.25,21.799999237060547,0.007240464307211334,Pre_Breakout_Accumulation,Pre_Breakout_Accumulation
2020-09-02,11535.0,21.110000610351562,0.005629164732428894,Pre_Breakout_Accumulation,Pre_Breakout_Accumulation
2020-09-03,11527.4501953125,20.5,-0.0006547270470620276,Pre_Breakout_Accumulation,Pre_Breakout_Accumulation
2020-09-04,11333.849609375,22.149999618530273,-0.01693737589976223,Pre_Breakout_Accumulation,Steady_Uptrend
2020-09-07,11355.0498046875,22.010000228881836,0.001868773014980915,Steady_Uptrend,Steady_Uptrend
2020-09-08,11317.349609375,22.719999313354492,-0.003325649779789579,Steady_Uptrend,Steady_Uptrend
2020-09-09,11278.0,22.229999542236328,-0.003482986529093653,Steady_Uptrend,Steady_Uptrend
2020-09-10,11449.25,21.260000228881836,0.01507030028649042,Steady_Uptrend,Steady_Uptrend
2020-09-11,11464.4501953125,20.709999084472656,0.0013267344350831917,Steady_Uptrend,Steady_Uptrend
2020-09-14,11440.0498046875,21.190000534057617,-0.002130620607789219,Steady_Uptrend,Steady_Uptrend
2020-09-15,11521.7998046875,20.600000381469727,0.007120536611649034,Steady_Uptrend,Steady_Uptrend
2020-09-16,11604.5498046875,19.65999984741211,0.007156369643982706,Steady_Uptrend,Steady_Uptrend
2020-09-17,11516.099609375,20.100000381469727,-0.007651223391398827,Steady_Uptrend,Pre_Breakout_Accumulation
2020-09-18,11504.9501953125,20.049999237060547,-0.0009686278452831663,Pre_Breakout_Accumulation,Pre_Breakout_Accumulation
2020-09-21,11250.5498046875,22.190000534057617,-0.022360395533691877,Pre_Breakout_Accumulation,Pre_Breakout_Accumulation
2020-09-22,11153.650390625,21.40999984741211,-0.008650165364363744,Pre_Breakout_Accumulation,Pre_Breakout_Accumulation
2020-09-23,11131.849609375,20.989999771118164,-0.0019564998051874198,Pre_Breakout_Accumulation,Pre_Breakout_Accumulation
2020-09-24,10805.5498046875,23.510000228881836,-0.02975046086629724,Pre_Breakout_Accumulation,Pre_Breakout_Accumulation
2020-09-25,11050.25,20.68000030517578,0.02239317919403798,Pre_Breakout_Accumulation,Pre_Breakout_Accumulation
2020-09-28,11227.5498046875,19.56999969482422,0.015917509782938703,Pre_Breakout_Accumulation,Pre_Breakout_Accumulation
2020-09-29,11222.400390625,19.770000457763672,-0.00045874615382283734,Pre_Breakout_Accumulation,Pre_Breakout_Accumulation
2020-09-30,11247.5498046875,19.530000686645508,0.0022384940193966077,Pre_Breakout_Accumulation,Pre_Breakout_Accumulation
2020-10-01,11416.9501953125,18.350000381469727,0.014948800566928164,Pre_Breakout_Accumulation,Pre_Breakout_Accumulation
2020-10-05,11503.349609375,19.700000762939453,0.007539152980994381,Pre_Breakout_Accumulation,Pre_Breakout_Accumulation
2020-10-06,11662.400390625,19.639999389648438,0.013731761801546099,Pre_Breakout_Accumulation,Pre_Breakout_Accumulation
2020-10-07,11738.849609375,20.059999465942383,0.006533795478530655,Pre_Breakout_Accumulation,Pre_Breakout_Accumulation
2020-10-08,11834.599609375,20.3799991607666,0.008123590712403974,Pre_Breakout_Accumulation,Pre_Breakout_Accumulation
2020-10-09,11914.2001953125,20.3799991607666,0.00670357110102055,Pre_Breakout_Accumulation,Pre_Breakout_Accumulation
2020-10-12,11930.9501953125,21.1299991607666,0.0014048980594053501,Pre_Breakout_Accumulation,Pre_Breakout_Accumulation
2020-10-13,11934.5,20.719999313354492,0.0002974848313881938,Pre_Breakout_Accumulation,Pre_Breakout_Accumulation
2020-10-14,11971.0498046875,20.209999084472656,0.0030578533826602027,Pre_Breakout_Accumulation,Pre_Breakout_Accumulation
2020-10-15,11680.349609375,22.059999465942383,-0.024583309443990238,Pre_Breakout_Accumulation,Pre_Breakout_Accumulation
2020-10-16,11762.4501953125,21.649999618530273,0.007004361448563385,Steady_Uptrend,Steady_Uptrend
2020-10-19,11873.0498046875,21.81999969482422,0.009358838750109354,Steady_Uptrend,Steady_Uptrend
2020-10-20,11896.7998046875,22.690000534057617,0.0019983305148122575,Steady_Uptrend,Steady_Uptrend
2020-10-21,11937.650390625,22.920000076293945,0.003427863919924764,Steady_Uptrend,Steady_Uptrend
2020-10-22,11896.4501953125,22.639999389648438,-0.0034572511936285335,Steady_Uptrend,Steady_Uptrend
2020-10-23,11930.349609375,21.829999923706055,0.002845488039808009,Steady_Uptrend,Steady_Uptrend
2020-10-26,11767.75,22.829999923706055,-0.01372280171939824,Steady_Uptrend,Steady_Uptrend
2020-10-27,11889.400390625,22.200000762939453,0.010284540688903391,Steady_Uptrend,Steady_Uptrend
2020-10-28,11729.599609375,23.280000686645508,-0.013531751526031222,Steady_Uptrend,Steady_Uptrend
2020-10-29,11670.7998046875,24.020000457763672,-0.0050255491286022155,Steady_Uptrend,Steady_Uptrend
2020-10-30,11642.400390625,24.75,-0.0024363388871728973,Steady_Uptrend,Steady_Uptrend
2020-11-02,11669.150390625,25.209999084472656,0.00229500061940095,Steady_Uptrend,Steady_Uptrend
2020-11-03,11813.5,24.239999771118164,0.01229430453308261,Steady_Uptrend,Steady_Uptrend
2020-11-04,11908.5,23.200000762939453,0.008009485529747545,Steady_Uptrend,Steady_Uptrend
2020-11-05,12120.2998046875,20.969999313354492,0.017629285844443805,Steady_Uptrend,Steady_Uptrend
2020-11-06,12263.5498046875,20.5,0.011749715515175936,Steady_Uptrend,Steady_Uptrend
2020-11-09,12461.0498046875,20.110000610351562,0.015976331587139476,Steady_Uptrend,Steady_Uptrend
2020-11-10,12631.099609375,21.579999923706055,0.013554232066476922,Steady_Uptrend,Steady_Uptrend
2020-11-11,12749.150390625,22.030000686645508,0.009302637490367565,Steady_Uptrend,Steady_Uptrend
2020-11-12,12690.7998046875,20.6200008392334,-0.004587327240413277,Steady_Uptrend,Steady_Uptrend
2020-11-13,12719.9501953125,19.700000762939453,0.0022943363271255195,Steady_Uptrend,Steady_Uptrend
2020-11-17,12874.2001953125,19.799999237060547,0.012053681426341886,Steady_Uptrend,Steady_Uptrend
2020-11-18,12938.25,19.1200008392334,0.004962716492027381,Steady_Uptrend,Steady_Uptrend
2020-11-19,12771.7001953125,19.56999969482422,-0.012956239372488106,Steady_Uptrend,Steady_Uptrend
2020-11-20,12859.0498046875,19.6200008392334,0.006816027431926412,Steady_Uptrend,Steady_Uptrend
2020-11-23,12926.4501953125,20.799999237060547,0.0052277864790618534,Steady_Uptrend,Steady_Uptrend
2020-11-24,13055.150390625,21.059999465942383,0.009907106958531581,Steady_Uptrend,Steady_Uptrend
2020-11-25,12858.400390625,23.1299991607666,-0.015185397205090293,Steady_Uptrend,Steady_Uptrend
2020-11-26,12987.0,20.020000457763672,0.009951532476185488,Steady_Uptrend,Steady_Uptrend
2020-11-27,12968.9501953125,19.81999969482422,-0.0013908030691388337,Steady_Uptrend,Steady_Uptrend
2020-12-01,13109.0498046875,20.18000030517578,0.01074476242399418,Steady_Uptrend,Steady_Uptrend
2020-12-02,13113.75,19.90999984741211,0.0003584815807498976,Steady_Uptrend,Steady_Uptrend
2020-12-03,13133.900390625,19.0,0.0015354055912646832,Steady_Uptrend,Steady_Uptrend
2020-12-04,13258.5498046875,18.030000686645508,0.009445908959648398,Steady_Uptrend,Steady_Uptrend
2020-12-07,13355.75,18.020000457763672,0.007304391112653887,Steady_Uptrend,Steady_Uptrend
2020-12-08,13392.9501953125,18.6200008392334,0.002781459960611745,Steady_Uptrend,Steady_Uptrend
2020-12-09,13529.099609375,18.920000076293945,0.010114428562528128,Steady_Uptrend,Steady_Uptrend
2020-12-10,13478.2998046875,18.709999084472656,-0.0037619219695161584,Steady_Uptrend,Steady_Uptrend
2020-12-11,13513.849609375,18.790000915527344,0.0026340862816878062,Steady_Uptrend,Steady_Uptrend
2020-12-14,13558.150390625,19.399999618530273,0.0032728147749187795,Steady_Uptrend,Steady_Uptrend
2020-12-15,13567.849609375,19.350000381469727,0.0007151234360649028,Steady_Uptrend,Steady_Uptrend
2020-12-16,13682.7001953125,19.200000762939453,0.008429280641864136,Steady_Uptrend,Steady_Uptrend
2020-12-17,13740.7001953125,19.15999984741211,0.004229970438016461,Steady_Uptrend,Steady_Uptrend
2020-12-18,13760.5498046875,18.6200008392334,0.0014435425896574643,Steady_Uptrend,Steady_Uptrend
2020-12-21,13328.400390625,23.190000534057617,-0.03190866215630266,Steady_Uptrend,Steady_Uptrend
2020-12-22,13466.2998046875,21.989999771118164,0.010293127415086657,Steady_Uptrend,Steady_Uptrend
2020-12-23,13601.099609375,20.5,0.009960389402299756,Steady_Uptrend,Steady_Uptrend
2020-12-24,13749.25,19.969999313354492,0.01083363406633502,Steady_Uptrend,Steady_Uptrend
2020-12-28,13873.2001953125,20.43000030517578,0.008974658395164679,Steady_Uptrend,Steady_Uptrend
2020-12-29,13932.599609375,20.790000915527344,0.004272454296258275,Steady_Uptrend,Steady_Uptrend
2020-12-30,13981.9501953125,21.110000610351562,0.003535836164182277,Steady_Uptrend,Steady_Uptrend
2020-12-31,13981.75,21.100000381469727,-1.4318227638304822e-05,Steady_Uptrend,Steady_Uptrend
2021-01-04,14132.900390625,20.030000686645508,0.010752532563468994,Steady_Uptrend,Steady_Uptrend
2021-01-05,14199.5,20.459999084472656,0.00470131235786493,Steady_Uptrend,Steady_Uptrend
2021-01-06,14146.25,21.0,-0.0037571814216639365,Steady_Uptrend,Steady_Uptrend
2021-01-07,14137.349609375,20.6200008392334,-0.0006293676223474675,Steady_Uptrend,Steady_Uptrend
2021-01-08,14347.25,20.639999389648438,0.014738082534464191,Steady_Uptrend,Steady_Uptrend
2021-01-11,14484.75,22.3799991607666,0.00953808562855032,Steady_Uptrend,Steady_Uptrend
2021-01-12,14563.4501953125,22.850000381469727,0.0054186068221036155,Steady_Uptrend,Steady_Uptrend
2021-01-13,14564.849609375,23.290000915527344,9.608621670051523e-05,Steady_Uptrend,Steady_Uptrend
2021-01-14,14595.599609375,23.030000686645508,0.002109021789565324,Steady_Uptrend,Steady_Uptrend
2021-01-15,14433.7001953125,24.010000228881836,-0.01115432296065278,Steady_Uptrend,Steady_Uptrend
2021-01-18,14281.2998046875,24.399999618530273,-0.010614788200058034,Steady_Uptrend,Steady_Uptrend
2021-01-19,14521.150390625,22.899999618530273,0.01665525875641371,Steady_Uptrend,Steady_Uptrend
2021-01-20,14644.7001953125,21.549999237060547,0.008472274336760961,Steady_Uptrend,Steady_Uptrend
2021-01-21,14590.349609375,22.18000030517578,-0.003718184091801354,Steady_Uptrend,Steady_Uptrend
2021-01-25,14238.900390625,23.25,-0.02438264126496335,Steady_Uptrend,Steady_Uptrend
2021-01-27,13967.5,24.389999389648438,-0.019244480891583437,Steady_Uptrend,Steady_Uptrend
2021-01-28,13817.5498046875,24.290000915527344,-0.010793693167934581,Steady_Uptrend,Steady_Uptrend
2021-01-29,13634.599609375,25.34000015258789,-0.013328858232496075,Steady_Uptrend,Steady_Uptrend
2021-02-01,14281.2001953125,23.31999969482422,0.04633334971971787,Steady_Uptrend,Steady_Uptrend
2021-02-02,14647.849609375,23.350000381469727,0.025349539675742865,Steady_Uptrend,Steady_Uptrend
2021-02-03,14789.9501953125,23.75,0.009654368913945022,Steady_Uptrend,Steady_Uptrend
2021-02-04,14895.650390625,23.1200008392334,0.007121340982025425,Steady_Uptrend,Steady_Uptrend
2021-02-05,14924.25,23.420000076293945,0.0019181565175802602,Steady_Uptrend,Steady_Uptrend
2021-02-08,15115.7998046875,23.959999084472656,0.012753134705385865,Steady_Uptrend,Steady_Uptrend
2021-02-09,15109.2998046875,24.270000457763672,-0.00043010611605642915,Steady_Uptrend,Steady_Uptrend
2021-02-10,15106.5,23.950000762939453,-0.00018532057490518592,Steady_Uptrend,Steady_Uptrend
2021-02-11,15173.2998046875,23.049999237060547,0.004412176664707947,Steady_Uptrend,Steady_Uptrend
2021-02-12,15163.2998046875,22.040000915527344,-0.0006592696934370658,Steady_Uptrend,Steady_Uptrend
2021-02-16,15313.4501953125,21.780000686645508,0.009853518205688276,Steady_Uptrend,Steady_Uptrend
2021-02-18,15118.9501953125,21.540000915527344,-0.01278260313717531,Steady_Uptrend,Steady_Uptrend
2021-02-19,14981.75,22.25,-0.009116143118184506,Steady_Uptrend,Steady_Uptrend
2021-02-22,14675.7001953125,25.469999313354492,-0.02063971564030592,Steady_Uptrend,Steady_Uptrend
2021-02-23,14707.7998046875,25.229999542236328,0.002184873969705697,Steady_Uptrend,Steady_Uptrend
2021-02-24,14982.0,24.170000076293945,0.01847152850052029,Steady_Uptrend,Steady_Uptrend
2021-02-25,15097.349609375,22.889999389648438,0.007669725331353619,Steady_Uptrend,Steady_Uptrend
2021-02-26,14529.150390625,28.139999389648438,-0.03836220275630364,Steady_Uptrend,Steady_Uptrend
2021-03-01,14761.5498046875,25.6299991607666,0.01586881087701919,Steady_Uptrend,Steady_Uptrend
2021-03-02,14919.099609375,23.610000610351562,0.010616431079728933,Steady_Uptrend,Steady_Uptrend
2021-03-03,15245.599609375,22.09000015258789,0.02164866615239294,Steady_Uptrend,Steady_Uptrend
2021-03-04,15080.75,24.149999618530273,-0.010871815118793142,Steady_Uptrend,Steady_Uptrend
2021-03-05,14938.099609375,25.559999465942383,-0.009504125991607463,Steady_Uptrend,Steady_Uptrend
2021-03-08,14956.2001953125,24.68000030517578,0.001210972544447202,Steady_Uptrend,Steady_Uptrend
2021-03-09,15098.400390625,22.5,0.009462861169810146,Steady_Uptrend,Steady_Uptrend
2021-03-10,15174.7998046875,20.75,0.005047340602462587,Steady_Uptrend,Steady_Uptrend
2021-03-12,15030.9501953125,21.709999084472656,-0.009524722735275023,Steady_Uptrend,Steady_Uptrend
2021-03-15,14929.5,21.229999542236328,-0.006772300308835674,Steady_Uptrend,Steady_Uptrend
2021-03-16,14910.4501953125,20.190000534057617,-0.0012767988653300596,Steady_Uptrend,Steady_Uptrend
2021-03-17,14721.2998046875,20.15999984741211,-0.01276691115553913,Steady_Uptrend,Steady_Uptrend
2021-03-18,14557.849609375,20.079999923706055,-0.011165071153974405,Steady_Uptrend,Steady_Uptrend
2021-03-19,14744.0,19.989999771118164,0.012705880170274957,Steady_Uptrend,Steady_Uptrend
2021-03-22,14736.400390625,20.489999771118164,-0.0005155703072306843,Steady_Uptrend,Steady_Uptrend
2021-03-23,14814.75,20.670000076293945,0.005302656033791128,Steady_Uptrend,Steady_Uptrend
2021-03-24,14549.400390625,22.459999084472656,-0.018073523592070435,Steady_Uptrend,Steady_Uptrend
2021-03-25,14324.900390625,22.700000762939453,-0.015550473459416195,Steady_Uptrend,Steady_Uptrend
2021-03-26,14507.2998046875,20.649999618530273,0.012652648509180619,Steady_Uptrend,Steady_Uptrend
2021-03-30,14845.099609375,20.489999771118164,0.023017860602701366,Steady_Uptrend,Steady_Uptrend
2021-03-31,14690.7001953125,20.649999618530273,-0.010455164345430578,Steady_Uptrend,Steady_Uptrend
2021-04-01,14867.349609375,19.989999771118164,0.011952853344086897,Steady_Uptrend,Steady_Uptrend
2021-04-05,14637.7998046875,21.219999313354492,-0.015560296479187625,Steady_Uptrend,Steady_Uptrend
2021-04-06,14683.5,20.84000015258789,0.0031172037135109875,Steady_Uptrend,Steady_Uptrend
2021-04-07,14819.0498046875,20.25,0.0091890876818974,Steady_Uptrend,Steady_Uptrend
2021-04-08,14873.7998046875,20.309999465942383,0.003687760707936765,Steady_Uptrend,Steady_Uptrend
2021-04-09,14834.849609375,19.790000915527344,-0.0026221466406612408,Steady_Uptrend,Steady_Uptrend
2021-04-12,14310.7998046875,23.0,-0.03596463281723922,Steady_Uptrend,Steady_Uptrend
2021-04-13,14504.7998046875,20.459999084472656,0.013465132344700306,Steady_Uptrend,Steady_Uptrend
2021-04-15,14581.4501953125,20.889999389648438,0.005270570669209097,Steady_Uptrend,Steady_Uptrend
2021-04-16,14617.849609375,20.399999618530273,0.0024931716281266104,Steady_Uptrend,Steady_Uptrend
2021-04-19,14359.4501953125,22.489999771118164,-0.01783508230882999,Steady_Uptrend,Steady_Uptrend
2021-04-20,14296.400390625,22.43000030517578,-0.0044004910090830246,Steady_Uptrend,Steady_Uptrend
2021-04-22,14406.150390625,23.030000686645508,0.007647441212800463,Steady_Uptrend,Steady_Uptrend
2021-04-23,14341.349609375,22.690000534057617,-0.004508280094204329,Steady_Uptrend,Steady_Uptrend
2021-04-26,14485.0,23.5,0.009966685459202936,Steady_Uptrend,Steady_Uptrend
2021-04-27,14653.0498046875,23.079999923706055,0.011534860370141113,Steady_Uptrend,Steady_Uptrend
2021-04-28,14864.5498046875,22.579999923706055,0.014330678808834763,Steady_Uptrend,Steady_Uptrend
2021-04-29,14894.900390625,23.309999465942383,0.002039728305535653,Steady_Uptrend,Steady_Uptrend
2021-04-30,14631.099609375,23.030000686645508,-0.017869525228607498,Steady_Uptrend,Steady_Uptrend
2021-05-03,14634.150390625,23.690000534057617,0.0002084917272909865,Steady_Uptrend,Steady_Uptrend
2021-05-04,14496.5,23.010000228881836,-0.009450624224999165,Steady_Uptrend,Steady_Uptrend
2021-05-06,14724.7998046875,22.040000915527344,0.015625892858758945,Steady_Uptrend,Steady_Uptrend
2021-05-07,14823.150390625,20.81999969482422,0.006657040403640492,Steady_Uptrend,Steady_Uptrend
2021-05-10,14942.349609375,20.229999542236328,0.008009262800994111,Steady_Uptrend,Steady_Uptrend
2021-05-12,14696.5,20.079999923706055,-0.016590066845478906,Steady_Uptrend,Steady_Uptrend
2021-05-14,14677.7998046875,20.270000457763672,-0.001273235308628596,Steady_Uptrend,Steady_Uptrend
2021-05-17,14923.150390625,19.610000610351562,0.016577589783995917,Steady_Uptrend,Steady_Uptrend
2021-05-18,15108.099609375,19.239999771118164,0.012317273309973075,Steady_Uptrend,Steady_Uptrend
2021-05-19,15030.150390625,19.31999969482422,-0.005172788238334181,Steady_Uptrend,Steady_Uptrend
2021-05-21,15175.2998046875,19.079999923706055,0.009610883492794901,Steady_Uptrend,Steady_Uptrend
2021-05-24,15197.7001953125,19.1299991607666,0.0014750202275935762,Steady_Uptrend,Steady_Uptrend
2021-05-26,15301.4501953125,20.8700008392334,0.006803494449203394,Steady_Uptrend,Steady_Uptrend
2021-05-27,15337.849609375,19.90999984741211,0.0023759962804964516,Steady_Uptrend,Steady_Uptrend
2021-05-28,15435.650390625,17.399999618530273,0.006356190262519319,Steady_Uptrend,Steady_Uptrend
2021-06-01,15574.849609375,17.389999389648438,0.008977614270983621,Steady_Uptrend,Steady_Uptrend
2021-06-02,15576.2001953125,17.209999084472656,8.67120656808025e-05,Steady_Uptrend,Steady_Uptrend
2021-06-03,15690.349609375,15.75,0.007301728008600275,Steady_Uptrend,Steady_Uptrend
2021-06-04,15670.25,15.9399995803833,-0.0012818385093088212,Steady_Uptrend,Steady_Uptrend
2021-06-07,15751.650390625,15.569999694824219,0.0051811361952536165,Steady_Uptrend,Steady_Uptrend
2021-06-08,15740.099609375,15.229999542236328,-0.0007335750962069031,Steady_Uptrend,Steady_Uptrend
2021-06-09,15635.349609375,14.75,-0.0066772200430738555,Steady_Uptrend,Steady_Uptrend
2021-06-10,15737.75,15.0,0.006527933518834105,Steady_Uptrend,Steady_Uptrend
2021-06-11,15799.349609375,14.100000381469727,0.003906490354253145,Steady_Uptrend,Steady_Uptrend
2021-06-14,15811.849609375,14.720000267028809,0.0007908589968395644,Steady_Uptrend,Steady_Uptrend
2021-06-15,15869.25,14.609999656677246,0.003623640223476974,Steady_Uptrend,Steady_Uptrend
2021-06-16,15767.5498046875,14.869999885559082,-0.006429256198967984,Steady_Uptrend,Steady_Uptrend
2021-06-17,15691.400390625,15.289999961853027,-0.004841201776747716,Steady_Uptrend,Steady_Uptrend
2021-06-18,15683.349609375,14.800000190734863,-0.0005132013116724437,Steady_Uptrend,Steady_Uptrend
2021-06-21,15746.5,15.0600004196167,0.0040185031994205474,Steady_Uptrend,Steady_Uptrend
2021-06-22,15772.75,14.739999771118164,0.0016656491552922152,Steady_Uptrend,Steady_Uptrend
2021-06-23,15686.9501953125,15.369999885559082,-0.005454598542621072,Steady_Uptrend,Steady_Uptrend
2021-06-24,15790.4501953125,15.100000381469727,0.006576170313444658,Steady_Uptrend,Steady_Uptrend
2021-06-25,15860.349609375,13.369999885559082,0.004416920149496724,Steady_Uptrend,Steady_Uptrend
2021-06-28,15814.7001953125,13.399999618530273,-0.0028823598351750412,Steady_Uptrend,Steady_Uptrend
2021-06-29,15748.4501953125,13.0,-0.004197939462444536,Steady_Uptrend,Steady_Uptrend
2021-06-30,15721.5,13.050000190734863,-0.0017127578361914226,Steady_Uptrend,Steady_Uptrend
2021-07-01,15680.0,12.84000015258789,-0.0026431873739428875,Steady_Uptrend,Steady_Uptrend
2021-07-02,15722.2001953125,12.09000015258789,0.0026877238189711517,Steady_Uptrend,Steady_Uptrend
2021-07-06,15818.25,12.279999732971191,0.006090598010463592,Steady_Uptrend,Steady_Uptrend
2021-07-07,15879.650390625,12.210000038146973,0.003874103121228537,Steady_Uptrend,Steady_Uptrend
2021-07-08,15727.900390625,13.5600004196167,-0.009602209739377547,Steady_Uptrend,Steady_Uptrend
2021-07-09,15689.7998046875,12.9399995803833,-0.0024254228908178565,Steady_Uptrend,Steady_Uptrend
2021-07-12,15692.599609375,12.989999771118164,0.00017843152513541638,Steady_Uptrend,Steady_Uptrend
2021-07-13,15812.349609375,12.619999885559082,0.0076020168050800795,Steady_Uptrend,Steady_Uptrend
2021-07-14,15853.9501953125,12.59000015258789,0.00262743737830436,Steady_Uptrend,Steady_Uptrend
2021-07-15,15924.2001953125,12.270000457763672,0.0044212840314639245,Steady_Uptrend,Steady_Uptrend
2021-07-16,15923.400390625,11.710000038146973,-5.022699813825734e-05,Steady_Uptrend,Steady_Uptrend
2021-07-19,15752.400390625,12.680000305175781,-0.010796990571541962,Steady_Uptrend,Pre_Breakout_Accumulation
2021-07-20,15632.099609375,13.210000038146973,-0.007666291987629491,Pre_Breakout_Accumulation,Pre_Breakout_Accumulation
2021-07-22,15824.0498046875,11.890000343322754,0.012204454864528006,Pre_Breakout_Accumulation,Pre_Breakout_Accumulation
2021-07-23,15856.0498046875,11.760000228881836,0.0020201963552988087,Pre_Breakout_Accumulation,Pre_Breakout_Accumulation
2021-07-26,15824.4501953125,12.449999809265137,-0.001994894010794567,Pre_Breakout_Accumulation,Pre_Breakout_Accumulation
2021-07-27,15746.4501953125,13.229999542236328,-0.004941269190283573,Pre_Breakout_Accumulation,Pre_Breakout_Accumulation
2021-07-28,15709.400390625,13.6899995803833,-0.0023556712745251398,Pre_Breakout_Accumulation,Pre_Breakout_Accumulation
2021-07-29,15778.4501953125,12.949999809265137,0.0043858132000563635,Pre_Breakout_Accumulation,Pre_Breakout_Accumulation
2021-07-30,15763.0498046875,12.800000190734863,-0.000976516135808173,Pre_Breakout_Accumulation,Pre_Breakout_Accumulation
2021-08-02,15885.150390625,12.8100004196167,0.007716153904229494,Pre_Breakout_Accumulation,Pre_Breakout_Accumulation
2021-08-03,16130.75,13.75,0.015342653128218075,Pre_Breakout_Accumulation,Pre_Breakout_Accumulation
2021-08-04,16258.7998046875,13.210000038146973,0.007906900379200192,Pre_Breakout_Accumulation,Pre_Breakout_Accumulation
2021-08-05,16294.599609375,12.869999885559082,0.002199451962862978,Pre_Breakout_Accumulation,Pre_Breakout_Accumulation
2021-08-06,16238.2001953125,12.609999656677246,-0.0034672374282357825,Pre_Breakout_Accumulation,Pre_Breakout_Accumulation
2021-08-09,16258.25,12.609999656677246,0.0012339690711517842,Pre_Breakout_Accumulation,Pre_Breakout_Accumulation
2021-08-10,16280.099609375,12.710000038146973,0.0013430068163520583,Pre_Breakout_Accumulation,Pre_Breakout_Accumulation
2021-08-11,16282.25,12.710000038146973,0.00013207834532344713,Pre_Breakout_Accumulation,Pre_Breakout_Accumulation
2021-08-12,16364.400390625,12.369999885559082,0.005032710127087298,Pre_Breakout_Accumulation,Pre_Breakout_Accumulation
2021-08-13,16529.099609375,12.989999771118164,0.010014172717061967,Pre_Breakout_Accumulation,Pre_Breakout_Accumulation
2021-08-16,16563.05078125,13.460000038146973,0.0020519176533692787,Pre_Breakout_Accumulation,Pre_Breakout_Accumulation
2021-08-17,16614.599609375,13.40999984741211,0.0031074454639570138,Pre_Breakout_Accumulation,Steady_Uptrend
2021-08-18,16568.849609375,12.90999984741211,-0.002757400455017452,Steady_Uptrend,Steady_Uptrend
2021-08-20,16450.5,14.020000457763672,-0.007168531033199722,Steady_Uptrend,Steady_Uptrend
2021-08-23,16496.44921875,13.6899995803833,0.002789286998064274,Steady_Uptrend,Steady_Uptrend
2021-08-24,16624.599609375,13.1899995803833,0.007738343720985011,Steady_Uptrend,Steady_Uptrend
2021-08-25,16634.650390625,13.5,0.0006043901504665573,Steady_Uptrend,Steady_Uptrend
2021-08-26,16636.900390625,13.539999961853027,0.00013525068417903375,Steady_Uptrend,Steady_Uptrend
2021-08-27,16705.19921875,13.40999984741211,0.004096857993577663,Steady_Uptrend,Steady_Uptrend
2021-08-30,16931.05078125,13.319999694824219,0.013429259014094868,Steady_Uptrend,Steady_Uptrend
2021-08-31,17132.19921875,14.520000457763672,0.011810427696351353,Steady_Uptrend,Steady_Uptrend
2021-09-01,17076.25,14.1899995803833,-0.0032710789243950112,Steady_Uptrend,Steady_Uptrend
2021-09-02,17234.150390625,14.239999771118164,0.009204293951085803,Steady_Uptrend,Steady_Uptrend
2021-09-03,17323.599609375,14.539999961853027,0.005176808010644206,Steady_Uptrend,Steady_Uptrend
2021-09-06,17377.80078125,15.109999656677246,0.003123863322045117,Steady_Uptrend,Steady_Uptrend
2021-09-07,17362.099609375,14.899999618530273,-0.0009039273439216094,Steady_Uptrend,Steady_Uptrend
2021-09-08,17353.5,14.40999984741211,-0.0004954320044973781,Steady_Uptrend,Steady_Uptrend
2021-09-09,17369.25,13.9399995803833,0.0009071862729865194,Steady_Uptrend,Steady_Uptrend
2021-09-13,17355.30078125,14.029999732971191,-0.0008034211637875494,Steady_Uptrend,Steady_Uptrend
2021-09-14,17380.0,13.579999923706055,0.0014221395731308123,Steady_Uptrend,Steady_Uptrend
2021-09-15,17519.44921875,13.729999542236328,0.007991527890878581,Steady_Uptrend,Steady_Uptrend
2021-09-16,17629.5,14.40999984741211,0.006261987530756848,Steady_Uptrend,Steady_Uptrend
2021-09-17,17585.150390625,15.229999542236328,-0.002518817158814708,Steady_Uptrend,Steady_Uptrend
2021-09-20,17396.900390625,17.489999771118164,-0.01076276621795277,Steady_Uptrend,Steady_Uptrend
2021-09-21,17562.0,16.520000457763672,0.009445425055689747,Steady_Uptrend,Steady_Uptrend
2021-09-22,17546.650390625,16.489999771118164,-0.0008744061752431491,Steady_Uptrend,Steady_Uptrend
2021-09-23,17822.94921875,16.600000381469727,0.01562383807742847,Steady_Uptrend,Steady_Uptrend
2021-09-24,17853.19921875,16.920000076293945,0.0016958112674268218,Steady_Uptrend,Steady_Uptrend
2021-09-27,17855.099609375,18.049999237060547,0.00010643971788971012,Steady_Uptrend,Steady_Uptrend
2021-09-28,17748.599609375,18.540000915527344,-0.005982542262753364,Steady_Uptrend,Steady_Uptrend
2021-09-29,17711.30078125,18.84000015258789,-0.002103719495544819,Steady_Uptrend,Steady_Uptrend
2021-09-30,17618.150390625,18.399999618530273,-0.005273255224157625,Steady_Uptrend,Steady_Uptrend
2021-10-01,17532.05078125,17.209999084472656,-0.004898963801205104,Steady_Uptrend,Steady_Uptrend
2021-10-04,17691.25,16.739999771118164,0.009039488024266832,Steady_Uptrend,Steady_Uptrend
2021-10-05,17822.30078125,16.399999618530273,0.007380358946066971,Steady_Uptrend,Steady_Uptrend
2021-10-06,17646.0,17.329999923706055,-0.009941397212065623,Steady_Uptrend,Steady_Uptrend
2021-10-07,17790.349609375,16.15999984741211,0.00814702470131476,Steady_Uptrend,Steady_Uptrend
2021-10-08,17895.19921875,15.649999618530273,0.005876323303578524,Steady_Uptrend,Steady_Uptrend
2021-10-11,17945.94921875,16.09000015258789,0.0028319423974920437,Steady_Uptrend,Steady_Uptrend
2021-10-12,17991.94921875,15.850000381469727,0.002559973015762186,Steady_Uptrend,Steady_Uptrend
2021-10-13,18161.75,16.100000381469727,0.00939334195098345,Steady_Uptrend,Steady_Uptrend
2021-10-14,18338.55078125,15.770000457763672,0.009687709975996201,Steady_Uptrend,Steady_Uptrend
2021-10-18,18477.05078125,17.18000030517578,0.007524019573498294,Steady_Uptrend,Steady_Uptrend
2021-10-19,18418.75,17.3799991607666,-0.0031602962146704853,Steady_Uptrend,Steady_Uptrend
2021-10-20,18266.599609375,18.309999465942383,-0.008294933244362599,Steady_Uptrend,Steady_Uptrend
2021-10-21,18178.099609375,18.040000915527344,-0.004856682911584848,Steady_Uptrend,Steady_Uptrend
2021-10-22,18114.900390625,17.549999237060547,-0.0034827257394313984,Steady_Uptrend,Steady_Uptrend
2021-10-25,18125.400390625,17.610000610351562,0.0005794654054989729,Steady_Uptrend,Steady_Uptrend
2021-10-26,18268.400390625,16.75,0.00785852166355233,Steady_Uptrend,Steady_Uptrend
2021-10-27,18210.94921875,16.829999923706055,-0.0031497940609639214,Steady_Uptrend,Steady_Uptrend
2021-10-28,17857.25,17.90999984741211,-0.019613430387588483,Steady_Uptrend,Steady_Uptrend
2021-10-29,17671.650390625,17.43000030517578,-0.010447905544470225,Steady_Uptrend,Steady_Uptrend
2021-11-01,17929.650390625,17.239999771118164,0.014494106171593095,Steady_Uptrend,Steady_Uptrend
2021-11-02,17888.94921875,17.059999465942383,-0.002272628736845954,Steady_Uptrend,Steady_Uptrend
2021-11-03,17829.19921875,16.1299991607666,-0.003345641269055336,Steady_Uptrend,Steady_Uptrend
2021-11-04,17916.80078125,15.75,0.0049013449265533065,Steady_Uptrend,Steady_Uptrend
2021-11-08,18068.55078125,16.34000015258789,0.008434037348294714,Steady_Uptrend,Steady_Uptrend
2021-11-09,18044.25,16.0,-0.0013458266538282125,Steady_Uptrend,Steady_Uptrend
2021-11-10,18017.19921875,16.309999465942383,-0.0015002606334366785,Steady_Uptrend,Steady_Uptrend
2021-11-11,17873.599609375,16.350000381469727,-0.00800207185820445,Steady_Uptrend,Steady_Uptrend
2021-11-12,18102.75,15.220000267028809,0.012739118453093435,Steady_Uptrend,Steady_Uptrend
2021-11-15,18109.44921875,15.470000267028809,0.00036999789965571825,Steady_Uptrend,Steady_Uptrend
2021-11-16,17999.19921875,15.199999809265137,-0.006106589273008452,Steady_Uptrend,Steady_Uptrend
2021-11-17,17898.650390625,14.979999542236328,-0.005601956226916921,Steady_Uptrend,Steady_Uptrend
2021-11-18,17764.80078125,14.859999656677246,-0.007506297537132803,Steady_Uptrend,Steady_Uptrend
2021-11-22,17416.55078125,17.520000457763672,-0.01979806684873854,Steady_Uptrend,Steady_Uptrend
2021-11-23,17503.349609375,18.020000457763672,0.004971320417088634,Steady_Uptrend,Steady_Uptrend
2021-11-24,17415.05078125,17.100000381469727,-0.005057449101021469,Steady_Uptrend,Steady_Uptrend
2021-11-25,17536.25,16.65999984741211,0.006935347288237329,Steady_Uptrend,Steady_Uptrend
2021-11-26,17026.44921875,20.799999237060547,-0.029502195657113865,Steady_Uptrend,Steady_Uptrend
2021-11-29,17053.94921875,20.829999923706055,0.0016138312478338214,Steady_Uptrend,Steady_Uptrend
2021-11-30,16983.19921875,21.170000076293945,-0.0041572285072535705,Steady_Uptrend,Steady_Uptrend
2021-12-01,17166.900390625,19.450000762939453,0.010758559762450211,Steady_Uptrend,Steady_Uptrend
2021-12-02,17401.650390625,18.09000015258789,0.013581917861660867,Steady_Uptrend,Steady_Uptrend
2021-12-03,17196.69921875,18.450000762939453,-0.011847592241934006,Steady_Uptrend,Steady_Uptrend
2021-12-06,16912.25,20.079999923706055,-0.016679248094838027,Steady_Uptrend,Steady_Uptrend
2021-12-07,17176.69921875,18.459999084472656,0.015515557382479443,Steady_Uptrend,Steady_Uptrend
2021-12-08,17469.75,17.270000457763672,0.016917044993306308,Steady_Uptrend,Steady_Uptrend
2021-12-09,17516.849609375,16.600000381469727,0.002692438725331353,Steady_Uptrend,Steady_Uptrend
2021-12-10,17511.30078125,16.059999465942383,-0.00031682107730694167,Steady_Uptrend,Steady_Uptrend
2021-12-13,17368.25,16.56999969482422,-0.0082026046847206,Steady_Uptrend,Steady_Uptrend
2021-12-14,17324.900390625,16.950000762939453,-0.0024990311601760175,Steady_Uptrend,Steady_Uptrend
2021-12-15,17221.400390625,17.219999313354492,-0.005991976410169169,Steady_Uptrend,Steady_Uptrend
2021-12-16,17248.400390625,15.899999618530273,0.0015665890089298405,Steady_Uptrend,Steady_Uptrend
2021-12-17,16985.19921875,16.34000015258789,-0.015377077556357827,Steady_Uptrend,Steady_Uptrend
2021-12-20,16614.19921875,18.969999313354492,-0.022084626281366433,Steady_Uptrend,Steady_Uptrend
2021-12-21,16770.849609375,17.540000915527344,0.009384532645495392,Steady_Uptrend,Steady_Uptrend
2021-12-22,16955.44921875,16.579999923706055,0.010947032985081793,Steady_Uptrend,Steady_Uptrend
2021-12-23,17072.599609375,15.829999923706055,0.006885546336514033,Steady_Uptrend,Steady_Uptrend
2021-12-24,17003.75,16.149999618530273,-0.0040409083631890875,Steady_Uptrend,Steady_Uptrend
2021-12-27,17086.25,17.1200008392334,0.004840138519222991,Steady_Uptrend,Steady_Uptrend
2021-12-28,17233.25,16.479999542236328,0.008566610759914585,Steady_Uptrend,Steady_Uptrend
2021-12-29,17213.599609375,16.239999771118164,-0.00114091088034896,Steady_Uptrend,Steady_Uptrend
2021-12-30,17203.94921875,16.56999969482422,-0.0005607831589689821,Steady_Uptrend,Steady_Uptrend
2021-12-31,17354.05078125,16.219999313354492,0.008686990360265219,Steady_Uptrend,Steady_Uptrend
2022-01-03,17625.69921875,16.450000762939453,0.015532066331647875,Steady_Uptrend,Steady_Uptrend
2022-01-04,17805.25,16.1200008392334,0.01013533773365083,Steady_Uptrend,Steady_Uptrend
2022-01-05,17925.25,17.229999542236328,0.006716975758933995,Steady_Uptrend,Steady_Uptrend
2022-01-06,17745.900390625,17.979999542236328,-0.01005580805311726,Steady_Uptrend,Steady_Uptrend
2022-01-07,17812.69921875,17.600000381469727,0.0037571168401497185,Steady_Uptrend,Steady_Uptrend
2022-01-10,18003.30078125,17.68000030517578,0.010643475643964555,Steady_Uptrend,Steady_Uptrend
2022-01-11,18055.75,17.760000228881836,0.0029090757855369247,Steady_Uptrend,Steady_Uptrend
2022-01-12,18212.349609375,17.18000030517578,0.008635720331115329,Steady_Uptrend,Steady_Uptrend
2022-01-13,18257.80078125,16.700000762939453,0.002492514833041471,Steady_Uptrend,Steady_Uptrend
2022-01-14,18255.75,16.559999465942383,-0.00011232987251458901,Steady_Uptrend,Steady_Uptrend
2022-01-17,18308.099609375,16.770000457763672,0.0028634646353713476,Steady_Uptrend,Steady_Uptrend
2022-01-18,18113.05078125,17.780000686645508,-0.010710847446216868,Steady_Uptrend,Steady_Uptrend
2022-01-19,17938.400390625,17.81999969482422,-0.009689027834056424,Steady_Uptrend,Steady_Uptrend
2022-01-20,17757.0,17.790000915527344,-0.010163883876396832,Steady_Uptrend,Steady_Uptrend
2022-01-21,17617.150390625,18.889999389648438,-0.00790692279190989,Steady_Uptrend,Steady_Uptrend
2022-01-24,17149.099609375,22.829999923706055,-0.02692721026213864,Steady_Uptrend,Steady_Uptrend
2022-01-25,17277.94921875,21.360000610351562,0.0074854055398087425,Steady_Uptrend,Steady_Uptrend
2022-01-27,17110.150390625,21.06999969482422,-0.009759199363728934,Steady_Uptrend,Steady_Uptrend
2022-01-28,17101.94921875,20.700000762939453,-0.0004794310858279706,Steady_Uptrend,Steady_Uptrend
2022-01-31,17339.849609375,21.950000762939453,0.01381485185545943,Steady_Uptrend,Steady_Uptrend
2022-02-01,17576.849609375,19.979999542236328,0.013575374822651254,Steady_Uptrend,Steady_Uptrend
2022-02-02,17780.0,18.649999618530273,0.01149155699474709,Steady_Uptrend,Steady_Uptrend
2022-02-03,17560.19921875,19.15999984741211,-0.01243929691182117,Steady_Uptrend,Steady_Uptrend
2022-02-04,17516.30078125,18.899999618530273,-0.002503012582150695,Steady_Uptrend,Steady_Uptrend
2022-02-07,17213.599609375,20.440000534057617,-0.017432174227495423,Steady_Uptrend,Steady_Uptrend
2022-02-08,17266.75,19.68000030517578,0.003082940476216172,Steady_Uptrend,Steady_Uptrend
2022-02-09,17463.80078125,18.559999465942383,0.0113475249468573,Steady_Uptrend,Steady_Uptrend
2022-02-10,17605.849609375,17.709999084472656,0.00810099920504003,Steady_Uptrend,Steady_Uptrend
2022-02-11,17374.75,18.68000030517578,-0.013213208134273142,Steady_Uptrend,Steady_Uptrend
2022-02-14,16842.80078125,22.979999542236328,-0.031094690696753635,Steady_Uptrend,Steady_Uptrend
2022-02-15,17352.44921875,20.610000610351562,0.02981034961442144,Steady_Uptrend,Steady_Uptrend
2022-02-16,17322.19921875,20.59000015258789,-0.001744791023833279,Steady_Uptrend,Steady_Uptrend
2022-02-17,17304.599609375,22.010000228881836,-0.001016531212017758,Steady_Uptrend,Steady_Uptrend
2022-02-18,17276.30078125,22.170000076293945,-0.0016366742405402451,Steady_Uptrend,Steady_Uptrend
2022-02-21,17206.650390625,22.899999618530273,-0.004039705592356217,Steady_Uptrend,Steady_Uptrend
2022-02-22,17092.19921875,26.65999984741211,-0.00667378632095619,Steady_Uptrend,Steady_Uptrend
2022-02-23,17063.25,24.540000915527344,-0.0016951453630000418,Steady_Uptrend,Steady_Uptrend
2022-02-24,16247.9501953125,31.979999542236328,-0.04896026903082192,Steady_Uptrend,Steady_Uptrend
2022-02-25,16658.400390625,26.739999771118164,0.024947858168202962,Steady_Uptrend,Steady_Uptrend
2022-02-28,16793.900390625,28.56999969482422,0.008101131335537446,Steady_Uptrend,Steady_Uptrend
2022-03-02,16605.94921875,29.229999542236328,-0.011254730666993663,Steady_Uptrend,Steady_Uptrend
2022-03-03,16498.05078125,28.15999984741211,-0.006518778370608893,Steady_Uptrend,Steady_Uptrend
2022-03-04,16245.349609375,27.959999084472656,-0.015435549523985674,Steady_Uptrend,Steady_Uptrend
2022-03-07,15863.150390625,29.329999923706055,-0.023807855961420165,Steady_Uptrend,Steady_Uptrend
2022-03-08,16013.4501953125,28.59000015258789,0.009430172336242727,Steady_Uptrend,Steady_Uptrend
2022-03-09,16345.349609375,27.469999313354492,0.020514423015661167,Steady_Uptrend,Steady_Uptrend
2022-03-10,16594.900390625,25.579999923706055,0.015152013456311012,Steady_Uptrend,Steady_Uptrend
2022-03-11,16630.44921875,25.350000381469727,0.0021398626113986923,Steady_Uptrend,Steady_Uptrend
2022-03-14,16871.30078125,25.68000030517578,0.014378694372337426,Steady_Uptrend,Steady_Uptrend
2022-03-15,16663.0,26.729999542236328,-0.012423307208470636,Steady_Uptrend,Steady_Uptrend
2022-03-16,16975.349609375,24.1200008392334,0.018571576221107083,Steady_Uptrend,Steady_Uptrend
2022-03-17,17287.05078125,22.610000610351562,0.01819544269851146,Steady_Uptrend,Steady_Uptrend
2022-03-21,17117.599609375,24.6200008392334,-0.009850560325581039,Steady_Uptrend,Steady_Uptrend
2022-03-22,17315.5,24.06999969482422,0.011494902983443505,Steady_Uptrend,Steady_Uptrend
2022-03-23,17245.650390625,24.75,-0.004042093720190609,Steady_Uptrend,Steady_Uptrend
2022-03-24,17222.75,23.93000030517578,-0.0013287761390126268,Steady_Uptrend,Steady_Uptrend
2022-03-25,17153.0,23.43000030517578,-0.004058098847076208,Steady_Uptrend,Steady_Uptrend
2022-03-28,17222.0,22.610000610351562,0.004014550846285441,Steady_Uptrend,Steady_Uptrend
2022-03-29,17325.30078125,21.299999237060547,0.00598026976240216,Steady_Uptrend,Steady_Uptrend
2022-03-30,17498.25,20.610000610351562,0.009932969892759297,Steady_Uptrend,Steady_Uptrend
2022-03-31,17464.75,20.559999465942383,-0.001916312115762529,Steady_Uptrend,Steady_Uptrend
2022-04-01,17670.44921875,18.43000030517578,0.01170914487476482,Steady_Uptrend,Steady_Uptrend
2022-04-04,18053.400390625,17.90999984741211,0.0214403456403388,Steady_Uptrend,Steady_Uptrend
2022-04-05,17957.400390625,18.489999771118164,-0.005331746328175393,Steady_Uptrend,Steady_Uptrend
2022-04-06,17807.650390625,19.020000457763672,-0.008374145812508964,Steady_Uptrend,Steady_Uptrend
2022-04-07,17639.55078125,19.0,-0.009484577848941177,Steady_Uptrend,Steady_Uptrend
2022-04-08,17784.349609375,17.690000534057617,0.008175250776633796,Steady_Uptrend,Steady_Uptrend
2022-04-11,17674.94921875,18.270000457763672,-0.006170496392137639,Steady_Uptrend,Steady_Uptrend
2022-04-12,17530.30078125,18.15999984741211,-0.008217481851263662,Steady_Uptrend,Steady_Uptrend
2022-04-13,17475.650390625,17.790000915527344,-0.0031223510971550208,Steady_Uptrend,Steady_Uptrend
2022-04-18,17173.650390625,19.34000015258789,-0.017432250630348714,Steady_Uptrend,Steady_Uptrend
2022-04-19,16958.650390625,19.770000457763672,-0.012598203971631295,Steady_Uptrend,Steady_Uptrend
2022-04-20,17136.55078125,18.670000076293945,0.010435603778864927,Steady_Uptrend,Steady_Uptrend
2022-04-21,17392.599609375,17.850000381469727,0.014831150992767859,Steady_Uptrend,Steady_Uptrend
2022-04-22,17171.94921875,18.350000381469727,-0.012767612798961313,Steady_Uptrend,Steady_Uptrend
2022-04-25,16953.94921875,21.260000228881836,-0.012776394201003337,Steady_Uptrend,Steady_Uptrend
2022-04-26,17200.80078125,19.190000534057617,0.014455140840464372,Steady_Uptrend,Steady_Uptrend
2022-04-27,17038.400390625,20.610000610351562,-0.00948629657994312,Steady_Uptrend,Steady_Uptrend
2022-04-28,17245.05078125,19.3799991607666,0.012055547873445796,Steady_Uptrend,Steady_Uptrend
2022-04-29,17102.55078125,19.420000076293945,-0.008297570200330234,Steady_Uptrend,Steady_Uptrend
2022-05-02,17069.099609375,20.280000686645508,-0.0019578324241160947,Steady_Uptrend,Steady_Uptrend
2022-05-04,16677.599609375,21.8799991607666,-0.023203310190181764,Steady_Uptrend,Steady_Uptrend
2022-05-05,16682.650390625,20.290000915527344,0.00030280236440618743,Steady_Uptrend,Steady_Uptrend
2022-05-06,16411.25,21.25,-0.016402205362178027,Steady_Uptrend,Steady_Uptrend
2022-05-09,16301.849609375,22.030000686645508,-0.0066885009232451696,Steady_Uptrend,Steady_Uptrend
2022-05-10,16240.0498046875,22.299999237060547,-0.003798172823006312,Steady_Uptrend,Steady_Uptrend
2022-05-11,16167.099609375,22.799999237060547,-0.004502112641840228,Steady_Uptrend,Steady_Uptrend
2022-05-12,15808.0,24.270000457763672,-0.022462147872579268,Steady_Uptrend,Steady_Uptrend
2022-05-13,15782.150390625,23.489999771118164,-0.0016365617019766783,Steady_Uptrend,Steady_Uptrend
2022-05-16,15842.2998046875,24.530000686645508,0.003803986233609079,Steady_Uptrend,Steady_Uptrend
2022-05-17,16259.2998046875,22.739999771118164,0.025981475212963467,Steady_Uptrend,Steady_Uptrend
2022-05-18,16240.2998046875,22.299999237060547,-0.0011692453072036017,Steady_Uptrend,Steady_Uptrend
2022-05-19,15809.400390625,24.559999465942383,-0.026891070897403772,Steady_Uptrend,Steady_Uptrend
2022-05-20,16266.150390625,23.100000381469727,0.02848156086057151,Steady_Uptrend,Steady_Uptrend
2022-05-23,16214.7001953125,23.399999618530273,-0.0031680351601504043,Steady_Uptrend,Steady_Uptrend
2022-05-24,16125.150390625,25.639999389648438,-0.005538061057189644,Steady_Uptrend,Steady_Uptrend
2022-05-25,16025.7998046875,25.280000686645508,-0.006180277818558741,Steady_Uptrend,Steady_Uptrend
2022-05-26,16170.150390625,22.719999313354492,0.008967062770830264,Steady_Uptrend,Steady_Uptrend
2022-05-27,16352.4501953125,21.479999542236328,0.011210771015034579,Steady_Uptrend,Steady_Uptrend
2022-05-30,16661.400390625,19.979999542236328,0.018716945110386057,Steady_Uptrend,Steady_Uptrend
2022-05-31,16584.55078125,20.479999542236328,-0.004623104079880039,Steady_Uptrend,Steady_Uptrend
2022-06-01,16522.75,20.850000381469727,-0.003733367056413342,Steady_Uptrend,Steady_Uptrend
2022-06-02,16628.0,20.31999969482422,0.006349802260260305,Steady_Uptrend,Steady_Uptrend
2022-06-03,16584.30078125,19.979999542236328,-0.0026315095876877827,Steady_Uptrend,Steady_Uptrend
2022-06-06,16569.55078125,20.200000762939453,-0.0008897910968418909,Steady_Uptrend,Steady_Uptrend
2022-06-07,16416.349609375,20.43000030517578,-0.009288955076891798,Steady_Uptrend,Steady_Uptrend
2022-06-08,16356.25,19.84000015258789,-0.003667678332650513,Steady_Uptrend,Steady_Uptrend
2022-06-09,16478.099609375,19.139999389648438,0.007422115570615706,Steady_Uptrend,Steady_Uptrend
2022-06-10,16201.7998046875,19.579999923706055,-0.01690986774485526,Steady_Uptrend,Steady_Uptrend
2022-06-13,15774.400390625,22.3700008392334,-0.026733937520215956,Steady_Uptrend,Steady_Uptrend
2022-06-14,15732.099609375,21.889999389648438,-0.0026852114114221596,Steady_Uptrend,Steady_Uptrend
2022-06-15,15692.150390625,22.149999618530273,-0.0025425739848417965,Steady_Uptrend,Steady_Uptrend
2022-06-16,15360.599609375,22.8700008392334,-0.021354848179315097,Steady_Uptrend,Steady_Uptrend
2022-06-17,15293.5,22.760000228881836,-0.004377862497838008,Steady_Uptrend,Steady_Uptrend
2022-06-20,15350.150390625,22.40999984741211,0.0036973698916184226,Steady_Uptrend,Steady_Uptrend
2022-06-21,15638.7998046875,21.139999389648438,0.018629721921802747,Steady_Uptrend,Steady_Uptrend
2022-06-22,15413.2998046875,21.299999237060547,-0.01452423294963793,Steady_Uptrend,Steady_Uptrend
2022-06-23,15556.650390625,20.8799991607666,0.009257464658604653,Steady_Uptrend,Steady_Uptrend
2022-06-24,15699.25,20.549999237060547,0.009124715461734611,Steady_Uptrend,Steady_Uptrend
2022-06-27,15832.0498046875,21.010000228881836,0.008423413606869335,Steady_Uptrend,Steady_Uptrend
2022-06-28,15850.2001953125,21.450000762939453,0.0011457767431705531,Steady_Uptrend,Steady_Uptrend
2022-06-29,15799.099609375,21.899999618530273,-0.003229179201912245,Steady_Uptrend,Steady_Uptrend
2022-06-30,15780.25,21.84000015258789,-0.0011937935294284723,Steady_Uptrend,Steady_Uptrend
2022-07-01,15752.0498046875,21.25,-0.0017886549985601772,Steady_Uptrend,Steady_Uptrend
2022-07-04,15835.349609375,20.969999313354492,0.005274254882250374,Steady_Uptrend,Steady_Uptrend
2022-07-05,15810.849609375,20.790000915527344,-0.0015483695040555473,Steady_Uptrend,Steady_Uptrend
2022-07-06,15989.7998046875,20.270000457763672,0.01125461822453212,Steady_Uptrend,Steady_Uptrend
2022-07-07,16132.900390625,19.200000762939453,0.00890968266712923,Steady_Uptrend,Steady_Uptrend
2022-07-08,16220.599609375,18.399999618530273,0.005421325887187373,Steady_Uptrend,Steady_Uptrend
2022-07-11,16216.0,18.3700008392334,-0.00028360614005298526,Steady_Uptrend,Steady_Uptrend
2022-07-12,16058.2998046875,18.549999237060547,-0.009772571447684876,Steady_Uptrend,Steady_Uptrend
2022-07-13,15966.650390625,18.520000457763672,-0.0057236413300785416,Steady_Uptrend,Steady_Uptrend
2022-07-14,15938.650390625,18.34000015258789,-0.0017551946856914542,Steady_Uptrend,Steady_Uptrend
2022-07-15,16049.2001953125,17.600000381469727,0.006912014580365188,Steady_Uptrend,Steady_Uptrend
2022-07-18,16278.5,17.15999984741211,0.014186202470718856,Steady_Uptrend,Steady_Uptrend
2022-07-19,16340.5498046875,17.200000762939453,0.003804517906147779,Steady_Uptrend,Steady_Uptrend
2022-07-20,16520.849609375,16.81999969482422,0.010973459265845803,Steady_Uptrend,Steady_Uptrend
2022-07-21,16605.25,16.860000610351562,0.005095714512164849,Steady_Uptrend,Steady_Uptrend
2022-07-22,16719.44921875,16.649999618530273,0.006853755230166662,Steady_Uptrend,Steady_Uptrend
2022-07-25,16631.0,17.68000030517578,-0.005304241963650273,Steady_Uptrend,Steady_Uptrend
2022-07-26,16483.849609375,18.170000076293945,-0.008887333683346772,Steady_Uptrend,Steady_Uptrend
2022-07-27,16641.80078125,18.1299991607666,0.00953655956008488,Steady_Uptrend,Steady_Uptrend
2022-07-28,16929.599609375,17.010000228881836,0.017145896529526243,Steady_Uptrend,Steady_Uptrend
2022-07-29,17158.25,16.549999237060547,0.013415561413115864,Steady_Uptrend,Steady_Uptrend
2022-08-01,17340.05078125,17.489999771118164,0.010539792401854702,Steady_Uptrend,Steady_Uptrend
2022-08-02,17345.44921875,18.530000686645508,0.0003112792114048116,Steady_Uptrend,Steady_Uptrend
2022-08-03,17388.150390625,18.450000762939453,0.002458783072766921,Steady_Uptrend,Steady_Uptrend
2022-08-04,17382.0,19.260000228881836,-0.00035377417814128954,Steady_Uptrend,Steady_Uptrend
2022-08-05,17397.5,18.920000076293945,0.0008913297215996853,Steady_Uptrend,Steady_Uptrend
2022-08-08,17525.099609375,19.299999237060547,0.007307599012140524,Steady_Uptrend,Steady_Uptrend
2022-08-10,17534.75,19.59000015258789,0.0005505095416120064,Steady_Uptrend,Steady_Uptrend
2022-08-11,17659.0,18.360000610351562,0.007060942140366637,Steady_Uptrend,Steady_Uptrend
2022-08-12,17698.150390625,17.610000610351562,0.0022145679837284517,Steady_Uptrend,Steady_Uptrend
2022-08-16,17825.25,17.68000030517578,0.007155855032733008,Steady_Uptrend,Steady_Uptrend
2022-08-17,17944.25,17.68000030517578,0.006653737907021656,Steady_Uptrend,Steady_Uptrend
2022-08-18,17956.5,17.350000381469727,0.0006824370229270742,Steady_Uptrend,Steady_Uptrend
2022-08-19,17758.44921875,18.290000915527344,-0.011090751389954998,Steady_Uptrend,Steady_Uptrend
2022-08-22,17490.69921875,19.040000915527344,-0.015192148554208883,Steady_Uptrend,Steady_Uptrend
2022-08-23,17577.5,19.049999237060547,0.004950408657946044,Steady_Uptrend,Steady_Uptrend
2022-08-24,17604.94921875,18.43000030517578,0.001560393032835227,Steady_Uptrend,Steady_Uptrend
2022-08-25,17522.44921875,19.56999969482422,-0.004697196795508722,Steady_Uptrend,Steady_Uptrend
2022-08-26,17558.900390625,18.219999313354492,0.002078094793881999,Steady_Uptrend,Steady_Uptrend
2022-08-29,17312.900390625,19.81999969482422,-0.014109055185943692,Steady_Uptrend,Steady_Uptrend
2022-08-30,17759.30078125,18.700000762939453,0.025457455427431688,Steady_Uptrend,Steady_Uptrend
2022-09-01,17542.80078125,19.8700008392334,-0.012265712506503565,Steady_Uptrend,Steady_Uptrend
2022-09-02,17539.44921875,19.549999237060547,-0.00019106884593758132,Steady_Uptrend,Steady_Uptrend
2022-09-05,17665.80078125,19.65999984741211,0.00717802628935595,Steady_Uptrend,Steady_Uptrend
2022-09-06,17655.599609375,19.520000457763672,-0.000577619915734608,Steady_Uptrend,Steady_Uptrend
2022-09-07,17624.400390625,19.3700008392334,-0.0017686636555011566,Steady_Uptrend,Steady_Uptrend
2022-09-08,17798.75,18.309999465942383,0.009843902383512463,Steady_Uptrend,Steady_Uptrend
2022-09-09,17833.349609375,17.719999313354492,0.0019420477956010656,Steady_Uptrend,Steady_Uptrend
2022-09-12,17936.349609375,17.940000534057617,0.005759080279283832,Steady_Uptrend,Steady_Uptrend
2022-09-13,18070.05078125,17.469999313354492,0.007426556664034913,Steady_Uptrend,Steady_Uptrend
2022-09-14,18003.75,18.280000686645508,-0.003675845320864187,Steady_Uptrend,Steady_Uptrend
2022-09-15,17877.400390625,18.389999389648438,-0.0070427023794097186,Steady_Uptrend,Steady_Uptrend
2022-09-16,17530.849609375,19.81999969482422,-0.019575203370476822,Steady_Uptrend,Steady_Uptrend
2022-09-19,17622.25,19.940000534057617,0.005200144374609497,Steady_Uptrend,Steady_Uptrend
2022-09-20,17816.25,18.799999237060547,0.010948654031257964,Steady_Uptrend,Steady_Uptrend
2022-09-21,17718.349609375,19.329999923706055,-0.005510158516157929,Steady_Uptrend,Steady_Uptrend
2022-09-22,17629.80078125,18.81999969482422,-0.005010107310831895,Steady_Uptrend,Steady_Uptrend
2022-09-23,17327.349609375,20.59000015258789,-0.01730454089090743,Steady_Uptrend,Steady_Uptrend
2022-09-26,17016.30078125,21.889999389648438,-0.018114401349380974,Steady_Uptrend,Steady_Uptrend
2022-09-27,17007.400390625,21.56999969482422,-0.0005231876910193474,Steady_Uptrend,Steady_Uptrend
2022-09-28,16858.599609375,22.100000381469727,-0.008787677246935572,Steady_Uptrend,Steady_Uptrend
2022-09-29,16818.099609375,21.299999237060547,-0.0024052250050792126,Steady_Uptrend,Steady_Uptrend
2022-09-30,17094.349609375,19.969999313354492,0.016292312526781774,Steady_Uptrend,Steady_Uptrend
2022-10-03,16887.349609375,21.3700008392334,-0.012183178897324074,Steady_Uptrend,Steady_Uptrend
2022-10-04,17274.30078125,19.56999969482422,0.022655095268550494,Steady_Uptrend,Steady_Uptrend
2022-10-06,17331.80078125,19.31999969482422,0.0033231164632058175,Steady_Uptrend,Steady_Uptrend
2022-10-07,17314.650390625,18.809999465942383,-0.0009900230150986376,Steady_Uptrend,Steady_Uptrend
2022-10-10,17241.0,19.6200008392334,-0.004262718329192525,Steady_Uptrend,Steady_Uptrend
2022-10-11,16983.55078125,20.489999771118164,-0.015044993668578569,Steady_Uptrend,Steady_Uptrend
2022-10-12,17123.599609375,20.18000030517578,0.008212331644389038,Steady_Uptrend,Steady_Uptrend
2022-10-13,17014.349609375,20.290000915527344,-0.0064005234917517235,Steady_Uptrend,Steady_Uptrend
2022-10-14,17185.69921875,18.260000228881836,0.010020514532698735,Steady_Uptrend,Steady_Uptrend
2022-10-17,17311.80078125,18.420000076293945,0.007310797834822186,Steady_Uptrend,Steady_Uptrend
2022-10-18,17486.94921875,17.450000762939453,0.010066448739082915,Steady_Uptrend,Steady_Uptrend
2022-10-19,17512.25,17.489999771118164,0.0014457922593648584,Steady_Uptrend,Steady_Uptrend
2022-10-20,17563.94921875,17.229999542236328,0.0029478254394111857,Steady_Uptrend,Steady_Uptrend
2022-10-21,17576.30078125,17.280000686645508,0.0007029866326317706,Steady_Uptrend,Steady_Uptrend
2022-10-24,17730.75,17.420000076293945,0.008748972260095097,Steady_Uptrend,Steady_Uptrend
2022-10-25,17656.349609375,16.8799991607666,-0.004204950452158822,Steady_Uptrend,Steady_Uptrend
2022-10-27,17736.94921875,16.600000381469727,0.0045545202832827395,Steady_Uptrend,Steady_Uptrend
2022-10-28,17786.80078125,15.920000076293945,0.0028066628790527496,Steady_Uptrend,Steady_Uptrend
2022-10-31,18012.19921875,15.800000190734863,0.012592609626880552,Steady_Uptrend,Steady_Uptrend
2022-11-01,18145.400390625,16.1299991607666,0.007367843877008389,Steady_Uptrend,Steady_Uptrend
2022-11-02,18082.849609375,16.65999984741211,-0.0034531529072475455,Steady_Uptrend,Steady_Uptrend
2022-11-03,18052.69921875,15.9399995803833,-0.001668738878993079,Steady_Uptrend,Steady_Uptrend
2022-11-04,18117.150390625,15.65999984741211,0.0035638102334325083,Steady_Uptrend,Steady_Uptrend
2022-11-07,18202.80078125,15.59000015258789,0.0047164462855731094,Steady_Uptrend,Steady_Uptrend
2022-11-09,18157.0,15.920000076293945,-0.0025193100341803654,Steady_Uptrend,Steady_Uptrend
2022-11-10,18028.19921875,15.569999694824219,-0.007119006002546902,Steady_Uptrend,Steady_Uptrend
2022-11-11,18349.69921875,14.40999984741211,0.01767602773148285,Steady_Uptrend,Steady_Uptrend
2022-11-14,18329.150390625,14.90999984741211,-0.0011204729970374992,Steady_Uptrend,Steady_Uptrend
2022-11-15,18403.400390625,14.640000343322754,0.00404274135870096,Steady_Uptrend,Steady_Uptrend
2022-11-16,18409.650390625,15.100000381469727,0.000339553496785159,Steady_Uptrend,Steady_Uptrend
2022-11-17,18343.900390625,14.880000114440918,-0.0035778894143715548,Steady_Uptrend,Steady_Uptrend
2022-11-18,18307.650390625,14.390000343322754,-0.001978088841936149,Steady_Uptrend,Steady_Uptrend
2022-11-21,18159.94921875,14.800000190734863,-0.008100449774708418,Steady_Uptrend,Steady_Uptrend
2022-11-22,18244.19921875,13.84000015258789,0.004628601630860599,Steady_Uptrend,Steady_Uptrend
2022-11-23,18267.25,14.039999961853027,0.0012626606067816233,Steady_Uptrend,Steady_Uptrend
2022-11-24,18484.099609375,13.479999542236328,0.011801042862214367,Steady_Uptrend,Steady_Uptrend
2022-11-25,18512.75,13.329999923706055,0.0015488019469054911,Steady_Uptrend,Steady_Uptrend
2022-11-28,18562.75,13.569999694824219,0.0026972005940332764,Steady_Uptrend,Steady_Uptrend
2022-11-29,18618.05078125,13.619999885559082,0.0029746977400658824,Steady_Uptrend,Steady_Uptrend
2022-11-30,18758.349609375,13.8100004196167,0.007507383568474861,Steady_Uptrend,Steady_Uptrend
2022-12-01,18812.5,13.359999656677246,0.0028825767148602448,Steady_Uptrend,Steady_Uptrend
2022-12-02,18696.099609375,13.449999809265137,-0.006206617442539312,Steady_Uptrend,Steady_Uptrend
2022-12-05,18701.05078125,13.729999542236328,0.0002647887259970962,Steady_Uptrend,Steady_Uptrend
2022-12-06,18642.75,14.039999961853027,-0.0031223832280691255,Steady_Uptrend,Steady_Uptrend
2022-12-07,18560.5,14.079999923706055,-0.004421663914122268,Steady_Uptrend,Steady_Uptrend
2022-12-08,18609.349609375,13.399999618530273,0.0026284549446723396,Steady_Uptrend,Steady_Uptrend
2022-12-09,18496.599609375,13.479999542236328,-0.006077211303593385,Steady_Uptrend,Steady_Uptrend
2022-12-12,18497.150390625,13.319999694824219,2.977698935843848e-05,Steady_Uptrend,Steady_Uptrend
2022-12-13,18608.0,12.880000114440918,0.005974908495510217,Steady_Uptrend,Steady_Uptrend
2022-12-14,18660.30078125,12.890000343322754,0.002806718551028224,Steady_Uptrend,Steady_Uptrend
2022-12-15,18414.900390625,13.729999542236328,-0.01323817358829901,Steady_Uptrend,Steady_Uptrend
2022-12-16,18269.0,14.069999694824219,-0.007954506384605002,Steady_Uptrend,Steady_Uptrend
2022-12-19,18420.44921875,13.550000190734863,0.008255783729645224,Steady_Uptrend,Steady_Uptrend
2022-12-20,18385.30078125,13.779999732971191,-0.0019099433205291773,Steady_Uptrend,Steady_Uptrend
2022-12-21,18199.099609375,15.5600004196167,-0.01017935391694218,Steady_Uptrend,Steady_Uptrend
2022-12-22,18127.349609375,15.1899995803833,-0.0039502948868902,Steady_Uptrend,Steady_Uptrend
2022-12-23,17806.80078125,16.15999984741211,-0.01784137526808462,Steady_Uptrend,Steady_Uptrend
2022-12-27,18132.30078125,15.289999961853027,0.01811447067040846,Steady_Uptrend,Steady_Uptrend
2022-12-28,18122.5,15.399999618530273,-0.0005406611691443354,Steady_Uptrend,Steady_Uptrend
2022-12-29,18191.0,14.8100004196167,0.0037727060871833766,Steady_Uptrend,Steady_Uptrend
2022-12-30,18105.30078125,14.869999885559082,-0.004722210041123311,Steady_Uptrend,Steady_Uptrend
2023-01-02,18197.44921875,14.6899995803833,0.005076675205536103,Steady_Uptrend,Steady_Uptrend
2023-01-03,18232.55078125,14.390000343322754,0.001927069632871597,Steady_Uptrend,Steady_Uptrend
2023-01-04,18042.94921875,15.199999809265137,-0.010453517612292944,Steady_Uptrend,Steady_Uptrend
2023-01-05,17992.150390625,14.979999542236328,-0.0028194100932680756,Steady_Uptrend,Steady_Uptrend
2023-01-06,17859.44921875,15.029999732971191,-0.0074028372147649955,Steady_Uptrend,Steady_Uptrend
2023-01-09,18101.19921875,14.649999618530273,0.01344545509952314,Steady_Uptrend,Steady_Uptrend
2023-01-10,17914.150390625,15.510000228881836,-0.010387266093937284,Steady_Uptrend,Steady_Uptrend
2023-01-11,17895.69921875,15.4399995803833,-0.0010305082936186098,Steady_Uptrend,Steady_Uptrend
2023-01-12,17858.19921875,15.279999732971191,-0.0020976741216788596,Steady_Uptrend,Steady_Uptrend
2023-01-13,17956.599609375,14.460000038146973,0.0054949708747303715,Steady_Uptrend,Steady_Uptrend
2023-01-16,17894.849609375,15.020000457763672,-0.0034447734977776498,Steady_Uptrend,Steady_Uptrend
2023-01-17,18053.30078125,14.59000015258789,0.008815596703469526,Steady_Uptrend,Steady_Uptrend
2023-01-18,18165.349609375,14.369999885559082,0.00618737497867869,Steady_Uptrend,Steady_Uptrend
2023-01-19,18107.849609375,13.960000038146973,-0.0031703874707042848,Steady_Uptrend,Steady_Uptrend
2023-01-20,18027.650390625,13.789999961853027,-0.004438812272184146,Steady_Uptrend,Steady_Uptrend
2023-01-23,18118.55078125,13.619999885559082,0.005029606393094338,Steady_Uptrend,Steady_Uptrend
2023-01-24,18118.30078125,13.65999984741211,-1.379810823647804e-05,Steady_Uptrend,Steady_Uptrend
2023-01-25,17891.94921875,14.65999984741211,-0.012571672991636754,Steady_Uptrend,Steady_Uptrend
2023-01-27,17604.349609375,17.31999969482422,-0.016204838949638832,Steady_Uptrend,Steady_Uptrend
2023-01-30,17648.94921875,17.709999084472656,0.002530238851503625,Steady_Uptrend,Steady_Uptrend
2023-01-31,17662.150390625,16.8799991607666,0.0007477066778470427,Steady_Uptrend,Steady_Uptrend
2023-02-01,17616.30078125,16.780000686645508,-0.0025992997802722563,Steady_Uptrend,Steady_Uptrend
2023-02-02,17610.400390625,15.729999542236328,-0.00033499535771969267,Steady_Uptrend,Steady_Uptrend
2023-02-03,17854.05078125,14.399999618530273,0.013740758205234283,Steady_Uptrend,Steady_Uptrend
2023-02-06,17764.599609375,14.6899995803833,-0.005022725956678951,Steady_Uptrend,Steady_Uptrend
2023-02-07,17721.5,14.130000114440918,-0.0024290993398515346,Steady_Uptrend,Steady_Uptrend
2023-02-08,17871.69921875,13.600000381469727,0.00843982073038998,Steady_Uptrend,Steady_Uptrend
2023-02-09,17893.44921875,13.039999961853027,0.0012162679944837883,Steady_Uptrend,Steady_Uptrend
2023-02-10,17856.5,12.75,-0.00206709283308457,Steady_Uptrend,Steady_Uptrend
2023-02-13,17770.900390625,13.680000305175781,-0.0048052775756446476,Steady_Uptrend,Steady_Uptrend
2023-02-14,17929.849609375,13.449999809265137,0.008904589905162998,Steady_Uptrend,Steady_Uptrend
2023-02-15,18015.849609375,12.859999656677246,0.004785004379327248,Steady_Uptrend,Steady_Uptrend
2023-02-16,18035.849609375,12.890000343322754,0.00110951785824931,Steady_Uptrend,Steady_Uptrend
2023-02-17,17944.19921875,13.09000015258789,-0.005094522761127012,Steady_Uptrend,Steady_Uptrend
2023-02-20,17844.599609375,13.380000114440918,-0.005565979846782634,Steady_Uptrend,Steady_Uptrend
2023-02-21,17826.69921875,14.010000228881836,-0.0010036299610954843,Steady_Uptrend,Steady_Uptrend
2023-02-22,17554.30078125,15.59000015258789,-0.015398310946496917,Steady_Uptrend,Steady_Uptrend
2023-02-23,17511.25,15.079999923706055,-0.0024554471223785586,Steady_Uptrend,Steady_Uptrend
2023-02-24,17465.80078125,14.1899995803833,-0.002598803690668268,Steady_Uptrend,Steady_Uptrend
2023-02-27,17392.69921875,13.880000114440918,-0.004194194796816341,Steady_Uptrend,Steady_Uptrend
2023-02-28,17303.94921875,14.020000457763672,-0.005115779048087727,Steady_Uptrend,Steady_Uptrend
2023-03-01,17450.900390625,13.0,0.008456491641293511,Steady_Uptrend,Steady_Uptrend
2023-03-02,17321.900390625,12.970000267028809,-0.007419626196212839,Steady_Uptrend,Steady_Uptrend
2023-03-03,17594.349609375,12.180000305175781,0.015606186138582535,Steady_Uptrend,Steady_Uptrend
2023-03-06,17711.44921875,12.270000457763672,0.006633473404126094,Steady_Uptrend,Steady_Uptrend
2023-03-08,17754.400390625,12.449999809265137,0.0024221155475668,Steady_Uptrend,Steady_Uptrend
2023-03-09,17589.599609375,12.729999542236328,-0.009325598438082557,Steady_Uptrend,Steady_Uptrend
2023-03-10,17412.900390625,13.40999984741211,-0.010096462811863625,Steady_Uptrend,Pre_Breakout_Accumulation
2023-03-13,17154.30078125,16.219999313354492,-0.014962416687813755,Pre_Breakout_Accumulation,Pre_Breakout_Accumulation
2023-03-14,17043.30078125,16.219999313354492,-0.006491706128142258,Pre_Breakout_Accumulation,Pre_Breakout_Accumulation
2023-03-15,16972.150390625,16.299999237060547,-0.004183422059139645,Pre_Breakout_Accumulation,Pre_Breakout_Accumulation
2023-03-16,16985.599609375,16.219999313354492,0.0007921148752918237,Pre_Breakout_Accumulation,Steady_Uptrend
2023-03-17,17100.05078125,14.770000457763672,0.0067155298897271865,Steady_Uptrend,Steady_Uptrend
2023-03-20,16988.400390625,16.010000228881836,-0.006550651968001941,Steady_Uptrend,Steady_Uptrend
2023-03-21,17107.5,15.079999923706055,0.006986182644570191,Steady_Uptrend,Steady_Uptrend
2023-03-22,17151.900390625,14.8100004196167,0.002592013577443892,Steady_Uptrend,Steady_Uptrend
2023-03-23,17076.900390625,14.489999771118164,-0.0043822814890137705,Steady_Uptrend,Steady_Uptrend
2023-03-24,16945.05078125,15.239999771118164,-0.007750894050448838,Steady_Uptrend,Steady_Uptrend
2023-03-27,16985.69921875,15.449999809265137,0.002395965721106003,Steady_Uptrend,Steady_Uptrend
2023-03-28,16951.69921875,15.100000381469727,-0.0020036899079230227,Steady_Uptrend,Steady_Uptrend
2023-03-29,17080.69921875,13.630000114440918,0.0075810476927372725,Steady_Uptrend,Steady_Uptrend
2023-03-31,17359.75,12.9399995803833,0.016205182818433635,Steady_Uptrend,Steady_Uptrend
2023-04-03,17398.05078125,12.59000015258789,0.002203867672376198,Steady_Uptrend,Steady_Uptrend
2023-04-05,17557.05078125,12.40999984741211,0.00909744726853034,Steady_Uptrend,Steady_Uptrend
2023-04-06,17599.150390625,11.800000190734863,0.002395004471214228,Steady_Uptrend,Steady_Uptrend
2023-04-10,17624.05078125,12.270000457763672,0.0014138632460749291,Steady_Uptrend,Steady_Uptrend
2023-04-11,17722.30078125,11.979999542236328,0.005559286811614234,Steady_Uptrend,Steady_Uptrend
2023-04-12,17812.400390625,12.270000457763672,0.005071088231309614,Steady_Uptrend,Steady_Uptrend
2023-04-13,17828.0,11.90999984741211,0.0008753891763391581,Steady_Uptrend,Steady_Uptrend
2023-04-17,17706.849609375,12.270000457763672,-0.00681870678285114,Steady_Uptrend,Steady_Uptrend
2023-04-18,17660.150390625,12.079999923706055,-0.0026408372714739102,Steady_Uptrend,Steady_Uptrend
2023-04-19,17618.75,12.149999618530273,-0.0023470351496987078,Steady_Uptrend,Steady_Uptrend
2023-04-20,17624.44921875,11.9399995803833,0.00032342232975522987,Steady_Uptrend,Steady_Uptrend
2023-04-21,17624.05078125,11.630000114440918,-2.260734499433094e-05,Steady_Uptrend,Steady_Uptrend
2023-04-24,17743.400390625,11.670000076293945,0.006749146939408538,Steady_Uptrend,Steady_Uptrend
2023-04-25,17769.25,11.520000457763672,0.0014557975062981768,Steady_Uptrend,Steady_Uptrend
2023-04-26,17813.599609375,11.649999618530273,0.002492753268886545,Steady_Uptrend,Steady_Uptrend
2023-04-27,17915.05078125,11.430000305175781,0.005678996739265909,Steady_Uptrend,Steady_Uptrend
2023-04-28,18065.0,10.949999809265137,0.008335179280697748,Steady_Uptrend,Steady_Uptrend
2023-05-02,18147.650390625,11.899999618530273,0.004564732669242972,Steady_Uptrend,Steady_Uptrend
2023-05-03,18089.849609375,11.84000015258789,-0.003190111363585117,Steady_Uptrend,Steady_Uptrend
2023-05-04,18255.80078125,11.729999542236328,0.009131894646700034,Steady_Uptrend,Steady_Uptrend
2023-05-05,18069.0,12.300000190734863,-0.010285117822267788,Steady_Uptrend,Steady_Uptrend
2023-05-08,18264.400390625,12.640000343322754,0.010756068652657526,Steady_Uptrend,Steady_Uptrend
2023-05-09,18265.94921875,12.680000305175781,8.479678637020549e-05,Steady_Uptrend,Steady_Uptrend
2023-05-10,18315.099609375,13.079999923706055,0.0026872067245805376,Steady_Uptrend,Steady_Uptrend
2023-05-11,18297.0,13.220000267028809,-0.0009887229108728535,Steady_Uptrend,Steady_Uptrend
2023-05-12,18314.80078125,12.850000381469727,0.0009724068345624825,Steady_Uptrend,Steady_Uptrend
2023-05-15,18398.849609375,13.170000076293945,0.004578622613795238,Steady_Uptrend,Steady_Uptrend
2023-05-16,18286.5,13.289999961853027,-0.0061250587396132535,Steady_Uptrend,Steady_Uptrend
2023-05-17,18181.75,13.109999656677246,-0.005744738948538704,Steady_Uptrend,Steady_Uptrend
2023-05-18,18129.94921875,12.800000190734863,-0.0028531199312594804,Steady_Uptrend,Steady_Uptrend
2023-05-19,18203.400390625,12.300000190734863,0.004043187469679982,Steady_Uptrend,Steady_Uptrend
2023-05-22,18314.400390625,12.569999694824219,0.0060792457091855085,Steady_Uptrend,Steady_Uptrend
2023-05-23,18348.0,12.609999656677246,0.0018329197446846867,Steady_Uptrend,Steady_Uptrend
2023-05-24,18285.400390625,13.109999656677246,-0.003417628155656871,Steady_Uptrend,Steady_Uptrend
2023-05-25,18321.150390625,12.520000457763672,0.0019532029433287895,Steady_Uptrend,Steady_Uptrend
2023-05-26,18499.349609375,11.899999618530273,0.009679423693686186,Steady_Uptrend,Steady_Uptrend
2023-05-29,18598.650390625,12.300000190734863,0.005353443226476252,Steady_Uptrend,Steady_Uptrend
2023-05-30,18633.849609375,12.010000228881836,0.0018907797884415813,Steady_Uptrend,Steady_Uptrend
2023-05-31,18534.400390625,11.970000267028809,-0.005351312266430236,Steady_Uptrend,Steady_Uptrend
2023-06-01,18487.75,11.600000381469727,-0.0025201353688439534,Steady_Uptrend,Steady_Uptrend
2023-06-02,18534.099609375,11.130000114440918,0.002503906967370625,Steady_Uptrend,Steady_Uptrend
2023-06-05,18593.849609375,11.140000343322754,0.0032186023111129003,Steady_Uptrend,Steady_Uptrend
2023-06-06,18599.0,11.380000114440918,0.00027695595857881204,Steady_Uptrend,Steady_Uptrend
2023-06-07,18726.400390625,11.4399995803833,0.006826497990157328,Steady_Uptrend,Steady_Uptrend
2023-06-08,18634.55078125,11.260000228881836,-0.004916887367083021,Steady_Uptrend,Steady_Uptrend
2023-06-09,18563.400390625,11.119999885559082,-0.003825505177262602,Steady_Uptrend,Steady_Uptrend
2023-06-12,18601.5,11.25,0.0020503013499982166,Steady_Uptrend,Steady_Uptrend
2023-06-13,18716.150390625,11.109999656677246,0.00614458574708609,Steady_Uptrend,Steady_Uptrend
2023-06-14,18755.900390625,11.15999984741211,0.002121582036807868,Steady_Uptrend,Steady_Uptrend
2023-06-15,18688.099609375,11.079999923706055,-0.0036214536561356998,Steady_Uptrend,Steady_Uptrend
2023-06-16,18826.0,10.84000015258789,0.007351956368470602,Steady_Uptrend,Steady_Uptrend
2023-06-19,18755.44921875,11.229999542236328,-0.003754557931873424,Steady_Uptrend,Steady_Uptrend
2023-06-20,18816.69921875,11.130000114440918,0.0032603966930515953,Steady_Uptrend,Steady_Uptrend
2023-06-21,18856.849609375,11.289999961853027,0.0021314905059401927,Steady_Uptrend,Steady_Uptrend
2023-06-22,18771.25,11.550000190734863,-0.004549778379793411,Steady_Uptrend,Steady_Uptrend
2023-06-23,18665.5,11.239999771118164,-0.005649543898520234,Steady_Uptrend,Steady_Uptrend
2023-06-26,18691.19921875,11.399999618530273,0.0013758829522746805,Steady_Uptrend,Steady_Uptrend
2023-06-27,18817.400390625,10.779999732971191,0.006729211402828641,Steady_Uptrend,Steady_Uptrend
2023-06-28,18972.099609375,10.890000343322754,0.008187463868637099,Steady_Uptrend,Steady_Uptrend
2023-06-30,19189.05078125,10.800000190734863,0.011370386219451868,Steady_Uptrend,Steady_Uptrend
2023-07-03,19322.55078125,11.539999961853027,0.006933003527425256,Steady_Uptrend,Steady_Uptrend
2023-07-04,19389.0,11.699999809265137,0.0034330468644171055,Steady_Uptrend,Steady_Uptrend
2023-07-05,19398.5,11.880000114440918,0.0004898485434720244,Steady_Uptrend,Steady_Uptrend
2023-07-06,19497.30078125,11.84000015258789,0.005080291021865595,Steady_Uptrend,Steady_Uptrend
2023-07-07,19331.80078125,11.529999732971191,-0.008524585713268293,Steady_Uptrend,Steady_Uptrend
2023-07-10,19355.900390625,11.460000038146973,0.0012458539412885826,Steady_Uptrend,Steady_Uptrend
2023-07-11,19439.400390625,11.010000228881836,0.004304651710725516,Steady_Uptrend,Steady_Uptrend
2023-07-12,19384.30078125,10.9399995803833,-0.00283845407345589,Steady_Uptrend,Steady_Uptrend
2023-07-13,19413.75,10.9399995803833,0.0015180775225879406,Steady_Uptrend,Steady_Uptrend
2023-07-14,19564.5,10.680000305175781,0.007735121594226721,Steady_Uptrend,Steady_Uptrend
2023-07-17,19711.44921875,11.319999694824219,0.007482946045497489,Steady_Uptrend,Steady_Uptrend
2023-07-18,19749.25,11.710000038146973,0.0019158704007220429,Steady_Uptrend,Steady_Uptrend
2023-07-19,19833.150390625,11.600000381469727,0.00423928389630214,Steady_Uptrend,Steady_Uptrend
2023-07-20,19979.150390625,11.789999961853027,0.007334449485705515,Steady_Uptrend,Steady_Uptrend
2023-07-21,19745.0,11.489999771118164,-0.011788954585924888,Steady_Uptrend,Steady_Uptrend
2023-07-24,19672.349609375,11.649999618530273,-0.0036862180542648424,Steady_Uptrend,Steady_Uptrend
2023-07-25,19680.599609375,10.239999771118164,0.00041928243166748923,Steady_Uptrend,Steady_Uptrend
2023-07-26,19778.30078125,10.460000038146973,0.0049520574860006375,Steady_Uptrend,Steady_Uptrend
2023-07-27,19659.900390625,10.510000228881836,-0.006004368496797154,Steady_Uptrend,Steady_Uptrend
2023-07-28,19646.05078125,10.140000343322754,-0.0007047080421790248,Steady_Uptrend,Steady_Uptrend
2023-07-31,19753.80078125,10.40999984741211,0.005469577389253641,Steady_Uptrend,Steady_Uptrend
2023-08-01,19733.55078125,10.279999732971191,-0.0010256449710540406,Steady_Uptrend,Steady_Uptrend
2023-08-02,19526.55078125,11.279999732971191,-0.010545154493387934,Steady_Uptrend,Steady_Uptrend
2023-08-03,19381.650390625,11.1899995803833,-0.007448355676119346,Steady_Uptrend,Steady_Uptrend
2023-08-04,19517.0,10.569999694824219,0.006959118337332752,Steady_Uptrend,Steady_Uptrend
2023-08-07,19597.30078125,11.100000381469727,0.004105960861445235,Steady_Uptrend,Steady_Uptrend
2023-08-08,19570.849609375,11.329999923706055,-0.0013506471779916257,Steady_Uptrend,Steady_Uptrend
2023-08-09,19632.55078125,11.140000343322754,0.0031477485221408875,Steady_Uptrend,Steady_Uptrend
2023-08-10,19543.099609375,11.399999618530273,-0.004566679886024027,Steady_Uptrend,Steady_Uptrend
2023-08-11,19428.30078125,11.520000457763672,-0.005891456761763215,Steady_Uptrend,Steady_Uptrend
2023-08-14,19434.55078125,12.0,0.0003216439248586792,Steady_Uptrend,Steady_Uptrend
2023-08-16,19465.0,12.130000114440918,0.0015655309306883672,Steady_Uptrend,Steady_Uptrend
2023-08-17,19365.25,12.239999771118164,-0.005137758290060533,Steady_Uptrend,Steady_Uptrend
2023-08-18,19310.150390625,12.140000343322754,-0.0028493381372506382,Steady_Uptrend,Steady_Uptrend
2023-08-21,19393.599609375,11.960000038146973,0.0043122099570484,Steady_Uptrend,Steady_Uptrend
2023-08-22,19396.44921875,11.75,0.00014692476375842436,Steady_Uptrend,Steady_Uptrend
2023-08-23,19444.0,11.729999542236328,0.0024485198272942723,Steady_Uptrend,Steady_Uptrend
2023-08-24,19386.69921875,11.699999809265137,-0.0029513155310064644,Steady_Uptrend,Steady_Uptrend
2023-08-25,19265.80078125,12.079999923706055,-0.0062556798015631025,Steady_Uptrend,Steady_Uptrend
2023-08-28,19306.05078125,12.399999618530273,0.0020870149074536447,Steady_Uptrend,Steady_Uptrend
2023-08-29,19342.650390625,12.229999542236328,0.0018939637920959618,Steady_Uptrend,Pre_Breakout_Accumulation
2023-08-30,19347.44921875,11.800000190734863,0.00024806491573087567,Pre_Breakout_Accumulation,Pre_Breakout_Accumulation
2023-08-31,19253.80078125,12.0600004196167,-0.004852103039648143,Pre_Breakout_Accumulation,Pre_Breakout_Accumulation
2023-09-01,19435.30078125,11.369999885559082,0.009382556025202547,Pre_Breakout_Accumulation,Pre_Breakout_Accumulation
2023-09-04,19528.80078125,10.960000038146973,0.004799298621963187,Pre_Breakout_Accumulation,Pre_Breakout_Accumulation
2023-09-05,19574.900390625,10.819999694824219,0.002357814188949651,Pre_Breakout_Accumulation,Pre_Breakout_Accumulation
2023-09-06,19611.05078125,10.680000305175781,0.0018450694598145603,Pre_Breakout_Accumulation,Pre_Breakout_Accumulation
2023-09-07,19727.05078125,10.869999885559082,0.005897607236551244,Pre_Breakout_Accumulation,Pre_Breakout_Accumulation
2023-09-08,19819.94921875,10.779999732971191,0.004698136818212182,Pre_Breakout_Accumulation,Pre_Breakout_Accumulation
2023-09-11,19996.349609375,11.350000381469727,0.008860770587058942,Pre_Breakout_Accumulation,Pre_Breakout_Accumulation
2023-09-12,19993.19921875,11.6899995803833,-0.00015756069892455075,Pre_Breakout_Accumulation,Pre_Breakout_Accumulation
2023-09-13,20070.0,11.829999923706055,0.003833986143147051,Pre_Breakout_Accumulation,Pre_Breakout_Accumulation
2023-09-14,20103.099609375,11.319999694824219,0.0016478497893743786,Pre_Breakout_Accumulation,Pre_Breakout_Accumulation
2023-09-15,20192.349609375,10.899999618530273,0.004429787863222843,Pre_Breakout_Accumulation,Pre_Breakout_Accumulation
2023-09-18,20133.30078125,10.84000015258789,-0.0029286010148227575,Pre_Breakout_Accumulation,Pre_Breakout_Accumulation
2023-09-20,19901.400390625,11.130000114440918,-0.011585098803333688,Pre_Breakout_Accumulation,Pre_Breakout_Accumulation
2023-09-21,19742.349609375,10.819999694824219,-0.00802404589005525,Pre_Breakout_Accumulation,Pre_Breakout_Accumulation
2023-09-22,19674.25,10.65999984741211,-0.0034553806166447805,Pre_Breakout_Accumulation,Pre_Breakout_Accumulation
2023-09-25,19674.55078125,10.899999618530273,1.5287950028248088e-05,Pre_Breakout_Accumulation,Pre_Breakout_Accumulation
2023-09-26,19664.69921875,11.1899995803833,-0.0005008515772894238,Pre_Breakout_Accumulation,Steady_Uptrend
2023-09-27,19716.44921875,11.59000015258789,0.002628162551917123,Steady_Uptrend,Steady_Uptrend
2023-09-28,19523.55078125,12.819999694824219,-0.009831803841213342,Steady_Uptrend,Steady_Uptrend
2023-09-29,19638.30078125,11.449999809265137,0.005860311697675281,Steady_Uptrend,Steady_Uptrend
2023-10-03,19528.75,11.789999961853027,-0.005594042173129665,Steady_Uptrend,Steady_Uptrend
2023-10-04,19436.099609375,11.65999984741211,-0.004755597219883326,Steady_Uptrend,Steady_Uptrend
2023-10-05,19545.75,10.9399995803833,0.005625729970019748,Steady_Uptrend,Steady_Uptrend
2023-10-06,19653.5,10.300000190734863,0.005497568008546022,Steady_Uptrend,Steady_Uptrend
2023-10-09,19512.349609375,11.399999618530273,-0.007207861089913015,Steady_Uptrend,Steady_Uptrend
2023-10-10,19689.849609375,11.270000457763672,0.0090556762901256,Steady_Uptrend,Steady_Uptrend
2023-10-11,19811.349609375,10.989999771118164,0.00615173136873013,Steady_Uptrend,Steady_Uptrend
2023-10-12,19794.0,10.619999885559082,-0.0008761245971014768,Steady_Uptrend,Steady_Uptrend
2023-10-13,19751.05078125,10.619999885559082,-0.002172167428733089,Steady_Uptrend,Steady_Uptrend
2023-10-16,19731.75,11.069999694824219,-0.0009776805295215437,Steady_Uptrend,Pre_Breakout_Accumulation
2023-10-17,19811.5,10.699999809265137,0.004033563661320618,Pre_Breakout_Accumulation,Pre_Breakout_Accumulation
2023-10-18,19671.099609375,10.970000267028809,-0.007112043473065063,Pre_Breakout_Accumulation,Pre_Breakout_Accumulation
2023-10-19,19624.69921875,10.899999618530273,-0.002361596586600212,Pre_Breakout_Accumulation,Pre_Breakout_Accumulation
2023-10-20,19542.650390625,10.819999694824219,-0.004189660467809165,Pre_Breakout_Accumulation,Pre_Breakout_Accumulation
2023-10-23,19281.75,10.90999984741211,-0.01344022395196905,Pre_Breakout_Accumulation,Pre_Breakout_Accumulation
2023-10-25,19122.150390625,11.3100004196167,-0.008311683270009834,Pre_Breakout_Accumulation,Pre_Breakout_Accumulation
2023-10-26,18857.25,11.729999542236328,-0.013949914095014037,Pre_Breakout_Accumulation,Pre_Breakout_Accumulation
2023-10-27,19047.25,10.90999984741211,0.010025278863763394,Pre_Breakout_Accumulation,Pre_Breakout_Accumulation
2023-10-30,19140.900390625,11.489999771118164,0.004904693073893485,Pre_Breakout_Accumulation,Steady_Uptrend
2023-10-31,19079.599609375,11.829999923706055,-0.003207746304394414,Steady_Uptrend,Steady_Uptrend
2023-11-01,18989.150390625,12.050000190734863,-0.004751896973195711,Steady_Uptrend,Steady_Uptrend
2023-11-02,19133.25,11.079999923706055,0.007559875254064636,Steady_Uptrend,Steady_Uptrend
2023-11-03,19230.599609375,10.880000114440918,0.005075080802081226,Steady_Uptrend,Steady_Uptrend
2023-11-06,19411.75,11.109999656677246,0.009375812778954773,Steady_Uptrend,Steady_Uptrend
2023-11-07,19406.69921875,11.1899995803833,-0.0002602258142791332,Steady_Uptrend,Steady_Uptrend
2023-11-08,19443.5,11.039999961853027,0.0018944969651071763,Steady_Uptrend,Steady_Uptrend
2023-11-09,19395.30078125,10.979999542236328,-0.0024820150223140987,Steady_Uptrend,Pre_Breakout_Accumulation
2023-11-10,19425.349609375,11.109999656677246,0.0015480850435944918,Pre_Breakout_Accumulation,Pre_Breakout_Accumulation
2023-11-13,19443.55078125,11.1899995803833,0.0009365417093074231,Pre_Breakout_Accumulation,Pre_Breakout_Accumulation
2023-11-15,19675.44921875,11.140000343322754,0.011856190289938534,Pre_Breakout_Accumulation,Pre_Breakout_Accumulation
2023-11-16,19765.19921875,11.649999618530273,0.004551150068331243,Pre_Breakout_Accumulation,Pre_Breakout_Accumulation
2023-11-17,19731.80078125,11.829999923706055,-0.0016911889743673853,Pre_Breakout_Accumulation,Pre_Breakout_Accumulation
2023-11-20,19694.0,12.149999618530273,-0.0019175662679732529,Pre_Breakout_Accumulation,Pre_Breakout_Accumulation
2023-11-21,19783.400390625,12.229999542236328,0.004529201141300913,Pre_Breakout_Accumulation,Pre_Breakout_Accumulation
2023-11-22,19811.849609375,11.869999885559082,0.0014370018446946907,Pre_Breakout_Accumulation,Pre_Breakout_Accumulation
2023-11-23,19802.0,11.319999694824219,-0.0004972811112830416,Pre_Breakout_Accumulation,Pre_Breakout_Accumulation
2023-11-24,19794.69921875,11.329999923706055,-0.0003687570669664962,Pre_Breakout_Accumulation,Pre_Breakout_Accumulation
2023-11-28,19889.69921875,12.180000305175781,0.004787784883390938,Pre_Breakout_Accumulation,Pre_Breakout_Accumulation
2023-11-29,20096.599609375,12.710000038146973,0.010348656573869122,Pre_Breakout_Accumulation,Pre_Breakout_Accumulation
2023-11-30,20133.150390625,12.6899995803833,0.0018171025823992028,Pre_Breakout_Accumulation,Pre_Breakout_Accumulation
2023-12-01,20267.900390625,12.380000114440918,0.00667064331563437,Pre_Breakout_Accumulation,Pre_Breakout_Accumulation
2023-12-04,20686.80078125,12.989999771118164,0.020457480483773903,Pre_Breakout_Accumulation,Pre_Breakout_Accumulation
2023-12-05,20855.099609375,13.460000038146973,0.008102650447744338,Pre_Breakout_Accumulation,Pre_Breakout_Accumulation
2023-12-06,20937.69921875,13.739999771118164,0.003952820545223537,Pre_Breakout_Accumulation,Steady_Uptrend
2023-12-07,20901.150390625,12.670000076293945,-0.0017471243957791426,Steady_Uptrend,Steady_Uptrend
2023-12-08,20969.400390625,12.470000267028809,0.0032600507599202964,Steady_Uptrend,Steady_Uptrend
2023-12-11,20997.099609375,12.760000228881836,0.001320063516009915,Steady_Uptrend,Steady_Uptrend
2023-12-12,20906.400390625,12.710000038146973,-0.004328963470418101,Steady_Uptrend,Steady_Uptrend
2023-12-13,20926.349609375,12.069999694824219,0.0009537608817135473,Steady_Uptrend,Steady_Uptrend
2023-12-14,21182.69921875,12.319999694824219,0.012175662163725103,Steady_Uptrend,Steady_Uptrend
2023-12-15,21456.650390625,13.130000114440918,0.012849864921501506,Steady_Uptrend,Steady_Uptrend
2023-12-18,21418.650390625,13.899999618530273,-0.0017725827811074615,Steady_Uptrend,Steady_Uptrend
2023-12-19,21453.099609375,13.869999885559082,0.001607082806947435,Steady_Uptrend,Steady_Uptrend
2023-12-20,21150.150390625,14.449999809265137,-0.014222122733049722,Steady_Uptrend,Steady_Uptrend
2023-12-21,21255.05078125,13.760000228881836,0.004947534816775346,Steady_Uptrend,Steady_Uptrend
2023-12-22,21349.400390625,13.710000038146973,0.004429103580375731,Steady_Uptrend,Steady_Uptrend
2023-12-26,21441.349609375,14.680000305175781,0.004297627887901326,Steady_Uptrend,Steady_Uptrend
2023-12-27,21654.75,15.5600004196167,0.009903547502138933,Steady_Uptrend,Steady_Uptrend
2023-12-28,21778.69921875,15.140000343322754,0.0057075621422148105,Steady_Uptrend,Steady_Uptrend
2023-12-29,21731.400390625,14.5,-0.0021741548367498844,Steady_Uptrend,Steady_Uptrend
2024-01-02,21665.80078125,14.579999923706055,-0.003023220740871051,Steady_Uptrend,Steady_Uptrend
2024-01-03,21517.349609375,14.100000381469727,-0.006875448193459907,Steady_Uptrend,Steady_Uptrend
2024-01-04,21658.599609375,13.329999923706055,0.006543017882762483,Steady_Uptrend,Steady_Uptrend
2024-01-05,21710.80078125,12.630000114440918,0.0024072823978970102,Steady_Uptrend,Steady_Uptrend
2024-01-08,21513.0,13.460000038146973,-0.009152465005292239,Steady_Uptrend,Steady_Uptrend
2024-01-09,21544.849609375,13.260000228881836,0.001479387172036867,Steady_Uptrend,Steady_Uptrend
2024-01-10,21618.69921875,12.970000267028809,0.003421854015216792,Steady_Uptrend,Steady_Uptrend
2024-01-11,21647.19921875,12.770000457763672,0.001317434984659037,Steady_Uptrend,Steady_Uptrend
2024-01-12,21894.55078125,13.100000381469727,0.011361703346499745,Steady_Uptrend,Steady_Uptrend
2024-01-15,22097.44921875,13.789999961853027,0.009224398809286917,Steady_Uptrend,Steady_Uptrend
2024-01-16,22032.30078125,13.569999694824219,-0.002952587985615914,Steady_Uptrend,Steady_Uptrend
2024-01-17,21571.94921875,15.079999923706055,-0.021115770473744744,Steady_Uptrend,Steady_Uptrend
2024-01-18,21462.25,14.069999694824219,-0.0050982455047793645,Steady_Uptrend,Steady_Uptrend
2024-01-19,21622.400390625,13.880000114440918,0.007434254509367264,Steady_Uptrend,Steady_Uptrend
2024-01-23,21238.80078125,14.850000381469727,-0.017900098054810153,Steady_Uptrend,Steady_Uptrend
2024-01-24,21453.94921875,14.380000114440918,0.010079006802925212,Steady_Uptrend,Steady_Uptrend
2024-01-25,21352.599609375,13.869999885559082,-0.004735247364061254,Steady_Uptrend,Steady_Uptrend
2024-01-29,21737.599609375,15.680000305175781,0.01786996821930258,Steady_Uptrend,Steady_Uptrend
2024-01-30,21522.099609375,16.100000381469727,-0.009963166019046519,Steady_Uptrend,Steady_Uptrend
2024-01-31,21725.69921875,16.049999237060547,0.009415559590485083,Steady_Uptrend,Steady_Uptrend
2024-02-01,21697.44921875,14.460000038146973,-0.00130114950214822,Steady_Uptrend,Steady_Uptrend
2024-02-02,21853.80078125,14.699999809265137,0.007180149098767169,Steady_Uptrend,Steady_Uptrend
2024-02-05,21771.69921875,15.619999885559082,-0.0037639297855089193,Steady_Uptrend,Steady_Uptrend
2024-02-06,21929.400390625,15.789999961853027,0.007217294659854949,Steady_Uptrend,Steady_Uptrend
2024-02-07,21930.5,15.510000228881836,5.014190025218764e-05,Steady_Uptrend,Steady_Uptrend
2024-02-08,21717.94921875,15.829999923706055,-0.009739290405751649,Steady_Uptrend,Steady_Uptrend
2024-02-09,21782.5,15.449999809265137,0.0029678235415700974,Steady_Uptrend,Steady_Uptrend
2024-02-12,21616.05078125,16.059999465942383,-0.007670764664605448,Steady_Uptrend,Steady_Uptrend
2024-02-13,21743.25,15.8100004196167,0.005867234081485647,Steady_Uptrend,Steady_Uptrend
2024-02-14,21840.05078125,15.4399995803833,0.004442111482625561,Steady_Uptrend,Steady_Uptrend
2024-02-15,21910.75,15.229999542236328,0.003231907943473083,Steady_Uptrend,Steady_Uptrend
2024-02-16,22040.69921875,15.220000267028809,0.005913324803860001,Steady_Uptrend,Steady_Uptrend
2024-02-20,22196.94921875,16.06999969482422,0.0070641480859132315,Steady_Uptrend,Steady_Uptrend
2024-02-21,22055.05078125,15.930000305175781,-0.006413220819374543,Steady_Uptrend,Steady_Uptrend
2024-02-22,22217.44921875,15.199999809265137,0.007336344949249518,Steady_Uptrend,Steady_Uptrend
2024-02-23,22212.69921875,14.970000267028809,-0.000213818777795819,Steady_Uptrend,Steady_Uptrend
2024-02-26,22122.05078125,15.600000381469727,-0.004089278221713085,Steady_Uptrend,Steady_Uptrend
2024-02-27,22198.349609375,15.729999542236328,0.003443060208267885,Steady_Uptrend,Steady_Uptrend
2024-02-28,21951.150390625,16.329999923706055,-0.011198396451173726,Steady_Uptrend,Steady_Uptrend
2024-02-29,21982.80078125,15.569999694824219,0.0014408171929075416,Steady_Uptrend,Steady_Uptrend
2024-03-01,22338.75,15.239999771118164,0.0160624736924449,Steady_Uptrend,Steady_Uptrend
2024-03-04,22405.599609375,14.920000076293945,0.0029880715530739466,Steady_Uptrend,Steady_Uptrend
2024-03-05,22356.30078125,14.380000114440918,-0.0022027147028049303,Steady_Uptrend,Steady_Uptrend
2024-03-06,22474.05078125,14.300000190734863,0.0052531495595052715,Steady_Uptrend,Steady_Uptrend
2024-03-07,22493.55078125,13.609999656677246,0.0008672911404987264,Steady_Uptrend,Steady_Uptrend
2024-03-11,22332.650390625,14.0,-0.007178885448103384,Steady_Uptrend,Steady_Uptrend
2024-03-12,22335.69921875,13.640000343322754,0.00013650954899359894,Steady_Uptrend,Steady_Uptrend
2024-03-13,21997.69921875,14.430000305175781,-0.015248393356596964,Steady_Uptrend,Steady_Uptrend
2024-03-14,22146.650390625,13.619999885559082,0.006748394232673185,Steady_Uptrend,Steady_Uptrend
2024-03-15,22023.349609375,13.6899995803833,-0.005583024746448362,Steady_Uptrend,Steady_Uptrend
2024-03-18,22055.69921875,13.899999618530273,0.001467800056624233,Steady_Uptrend,Steady_Uptrend
2024-03-19,21817.44921875,14.109999656677246,-0.010860963960358783,Steady_Uptrend,Steady_Uptrend
2024-03-20,21839.099609375,13.470000267028809,0.0009918508439663014,Steady_Uptrend,Steady_Uptrend
2024-03-21,22011.94921875,12.510000228881836,0.007883528864675105,Steady_Uptrend,Steady_Uptrend
2024-03-22,22096.75,12.220000267028809,0.0038450866714008036,Steady_Uptrend,Steady_Uptrend
2024-03-26,22004.69921875,12.819999694824219,-0.004174507484794188,Steady_Uptrend,Steady_Uptrend
2024-03-27,22123.650390625,12.699999809265137,0.005391158338500764,Steady_Uptrend,Steady_Uptrend
2024-03-28,22326.900390625,12.829999923706055,0.009145057280234776,Steady_Uptrend,Steady_Uptrend
2024-04-01,22462.0,12.079999923706055,0.006032745520934439,Steady_Uptrend,Steady_Uptrend
2024-04-02,22453.30078125,11.649999618530273,-0.00038736104211539534,Steady_Uptrend,Steady_Uptrend
2024-04-03,22434.650390625,11.369999885559082,-0.0008309754048160305,Steady_Uptrend,Steady_Uptrend
2024-04-04,22514.650390625,11.220000267028809,0.0035595696965144527,Steady_Uptrend,Steady_Uptrend
2024-04-05,22513.69921875,11.34000015258789,-4.22476898839797e-05,Steady_Uptrend,Steady_Uptrend
2024-04-08,22666.30078125,11.609999656677246,0.006755296273493474,Steady_Uptrend,Steady_Uptrend
2024-04-09,22642.75,11.359999656677246,-0.0010395619844089984,Steady_Uptrend,Steady_Uptrend
2024-04-10,22753.80078125,11.109999656677246,0.004892486360835239,Steady_Uptrend,Steady_Uptrend
2024-04-12,22519.400390625,11.529999732971191,-0.01035502147176367,Steady_Uptrend,Steady_Uptrend
2024-04-15,22272.5,12.470000267028809,-0.011024443666037696,Steady_Uptrend,Steady_Uptrend
2024-04-16,22147.900390625,12.619999885559082,-0.005610032105390299,Steady_Uptrend,Steady_Uptrend
2024-04-18,21995.849609375,13.039999961853027,-0.006888920065700564,Steady_Uptrend,Steady_Uptrend
2024-04-19,22147.0,13.460000038146973,0.006848265696137249,Steady_Uptrend,Steady_Uptrend
2024-04-22,22336.400390625,12.699999809265137,0.008515605079627573,Steady_Uptrend,Steady_Uptrend
2024-04-23,22368.0,10.199999809265137,0.0014137138340638612,Steady_Uptrend,Steady_Uptrend
2024-04-24,22402.400390625,10.279999732971191,0.001536747364098986,Steady_Uptrend,Steady_Uptrend
2024-04-25,22570.349609375,10.729999542236328,0.007468967297299811,Steady_Uptrend,Steady_Uptrend
2024-04-26,22419.94921875,10.930000305175781,-0.006685928069119567,Steady_Uptrend,Steady_Uptrend
2024-04-29,22643.400390625,12.239999771118164,0.009917283345523465,Steady_Uptrend,Steady_Uptrend
2024-04-30,22604.849609375,12.869999885559082,-0.0017039682453004383,Steady_Uptrend,Steady_Uptrend
2024-05-02,22648.19921875,13.449999809265137,0.0019158763335262374,Steady_Uptrend,Steady_Uptrend
2024-05-03,22475.849609375,14.619999885559082,-0.0076389620148829334,Steady_Uptrend,Steady_Uptrend
2024-05-06,22442.69921875,16.600000381469727,-0.0014760226012829026,Steady_Uptrend,Steady_Uptrend
2024-05-07,22302.5,17.010000228881836,-0.0062665796554610105,Steady_Uptrend,Steady_Uptrend
2024-05-08,22302.5,17.079999923706055,0.0,Steady_Uptrend,Steady_Uptrend
2024-05-09,21957.5,18.200000762939453,-0.015590012996666094,Steady_Uptrend,Steady_Uptrend
2024-05-10,22055.19921875,18.469999313354492,0.004439599522660019,Steady_Uptrend,Steady_Uptrend
2024-05-13,22104.05078125,20.600000381469727,0.002212518664983643,Steady_Uptrend,Steady_Uptrend
2024-05-14,22217.849609375,20.200000762939453,0.005135117275633606,Steady_Uptrend,Steady_Uptrend
2024-05-15,22200.55078125,20.270000457763672,-0.0007789037357247285,Steady_Uptrend,Steady_Uptrend
2024-05-16,22403.849609375,20.0,0.00911570311987133,Steady_Uptrend,Steady_Uptrend
2024-05-17,22466.099609375,19.799999237060547,0.0027746873362616406,Steady_Uptrend,Steady_Uptrend
2024-05-21,22529.05078125,21.809999465942383,0.002798133238882937,Steady_Uptrend,Steady_Uptrend
2024-05-22,22597.80078125,21.469999313354492,0.0030469687473969323,Steady_Uptrend,Steady_Uptrend
2024-05-23,22967.650390625,21.3799991607666,0.01623413013834582,Steady_Uptrend,Steady_Uptrend
2024-05-24,22957.099609375,21.709999084472656,-0.00045948127907615604,Steady_Uptrend,Steady_Uptrend
2024-05-27,22932.44921875,23.190000534057617,-0.0010743358183047916,Steady_Uptrend,Steady_Uptrend
2024-05-28,22888.150390625,24.200000762939453,-0.00193357757447097,Steady_Uptrend,Steady_Uptrend
2024-05-29,22704.69921875,24.18000030517578,-0.0080474093408375,Steady_Uptrend,Steady_Uptrend
2024-05-30,22488.650390625,24.18000030517578,-0.00956116224385675,Steady_Uptrend,Steady_Uptrend
2024-05-31,22530.69921875,24.600000381469727,0.0018680341105537352,Steady_Uptrend,Steady_Uptrend
2024-06-03,23263.900390625,20.940000534057617,0.03202403067452011,Steady_Uptrend,Steady_Uptrend
2024-06-04,21884.5,26.75,-0.06112419596275757,Steady_Uptrend,Steady_Uptrend
2024-06-05,22620.349609375,18.889999389648438,0.03307130264902321,Steady_Uptrend,Steady_Uptrend
2024-06-06,22821.400390625,16.799999237060547,0.008848783029735371,Steady_Uptrend,Steady_Uptrend
2024-06-07,23290.150390625,16.8799991607666,0.02033183181806326,Steady_Uptrend,Steady_Uptrend
2024-06-10,23259.19921875,16.399999618530273,-0.0013298220789751808,Steady_Uptrend,Steady_Uptrend
2024-06-11,23264.849609375,14.770000457763672,0.00024290193115634738,Steady_Uptrend,Steady_Uptrend
2024-06-12,23322.94921875,14.390000343322754,0.002494199810096445,Steady_Uptrend,Steady_Uptrend
2024-06-13,23398.900390625,13.489999771118164,0.0032512085635553246,Steady_Uptrend,Steady_Uptrend
2024-06-14,23465.599609375,12.819999694824219,0.0028464728647632507,Steady_Uptrend,Steady_Uptrend
2024-06-18,23557.900390625,12.970000267028809,0.0039257349959185015,Steady_Uptrend,Steady_Uptrend
2024-06-19,23516.0,13.710000038146973,-0.0017801967265448713,Steady_Uptrend,Steady_Uptrend
2024-06-20,23567.0,13.350000381469727,0.0021663878659495613,Steady_Uptrend,Steady_Uptrend
2024-06-21,23501.099609375,13.180000305175781,-0.0028002164622532473,Steady_Uptrend,Steady_Uptrend
2024-06-24,23537.849609375,14.0600004196167,0.0015625352218749532,High_Conviction_Bull,High_Conviction_Bull
2024-06-25,23721.30078125,14.3100004196167,0.007763664467508334,High_Conviction_Bull,High_Conviction_Bull
2024-06-26,23868.80078125,14.050000190734863,0.006198787876631016,High_Conviction_Bull,High_Conviction_Bull
2024-06-27,24044.5,14.149999618530273,0.007334080659762657,High_Conviction_Bull,High_Conviction_Bull
2024-06-28,24010.599609375,13.800000190734863,-0.0014108969297394127,High_Conviction_Bull,High_Conviction_Bull
2024-07-01,24141.94921875,13.829999923706055,0.00545557559691747,High_Conviction_Bull,High_Conviction_Bull
2024-07-02,24123.849609375,13.640000343322754,-0.0007499973340487516,High_Conviction_Bull,High_Conviction_Bull
2024-07-03,24286.5,13.210000038146973,0.006719678910168409,High_Conviction_Bull,High_Conviction_Bull
2024-07-04,24302.150390625,12.859999656677246,0.0006441994597673961,High_Conviction_Bull,High_Conviction_Bull
2024-07-05,24323.849609375,12.699999809265137,0.0008924945580705119,High_Conviction_Bull,High_Conviction_Bull
2024-07-08,24320.55078125,13.600000381469727,-0.0001356303337513403,High_Conviction_Bull,High_Conviction_Bull
2024-07-09,24433.19921875,14.279999732971191,0.00462112711188291,Steady_Uptrend,Steady_Uptrend
2024-07-10,24324.44921875,14.430000305175781,-0.004460845993233708,Steady_Uptrend,Steady_Uptrend
2024-07-11,24315.94921875,14.0,-0.0003495037195243165,Steady_Uptrend,Steady_Uptrend
2024-07-12,24502.150390625,13.729999542236328,0.007628403248955412,Steady_Uptrend,Steady_Uptrend
2024-07-15,24586.69921875,14.1899995803833,0.0034447298074261035,Steady_Uptrend,Steady_Uptrend
2024-07-16,24613.0,14.220000267028809,0.0010691440871768358,Steady_Uptrend,Steady_Uptrend
2024-07-18,24800.849609375,14.510000228881836,0.007603152387120198,Steady_Uptrend,Steady_Uptrend
2024-07-19,24530.900390625,14.829999923706055,-0.010944347737899481,Steady_Uptrend,Steady_Uptrend
2024-07-22,24509.25,15.4399995803833,-0.0008829659721330775,Steady_Uptrend,Steady_Uptrend
2024-07-23,24479.05078125,12.75,-0.0012329157000276177,Steady_Uptrend,Steady_Uptrend
2024-07-24,24413.5,11.760000228881836,-0.00268142363114976,Steady_Uptrend,Steady_Uptrend
2024-07-25,24406.099609375,12.619999885559082,-0.0003031729363163769,Steady_Uptrend,Steady_Uptrend
2024-07-26,24834.849609375,12.25,0.01741480789992859,Steady_Uptrend,Steady_Uptrend
2024-07-29,24836.099609375,12.949999809265137,5.0331230625744864e-05,Steady_Uptrend,Steady_Uptrend
2024-07-30,24857.30078125,12.880000114440918,0.0008532792280141148,Steady_Uptrend,Steady_Uptrend
2024-07-31,24951.150390625,13.25,0.0037684255675633532,Steady_Uptrend,Steady_Uptrend
2024-08-01,25010.900390625,12.930000305175781,0.002391816490734086,Steady_Uptrend,Steady_Uptrend
2024-08-02,24717.69921875,14.319999694824219,-0.011792190883304469,Steady_Uptrend,Steady_Uptrend
2024-08-05,24055.599609375,20.3700008392334,-0.02715175314145156,Steady_Uptrend,Steady_Uptrend
2024-08-06,23992.55078125,18.739999771118164,-0.0026244033870099497,Steady_Uptrend,Steady_Uptrend
2024-08-07,24297.5,16.170000076293945,0.012630066341245293,Steady_Uptrend,Steady_Uptrend
2024-08-08,24117.0,16.600000381469727,-0.007456478381555143,Steady_Uptrend,Steady_Uptrend
2024-08-09,24367.5,15.34000015258789,0.010333291215294636,Steady_Uptrend,Steady_Uptrend
2024-08-12,24347.0,15.869999885559082,-0.0008416385761983504,Steady_Uptrend,Steady_Uptrend
2024-08-13,24139.0,16.170000076293945,-0.00857984886239657,Steady_Uptrend,Steady_Uptrend
2024-08-14,24143.75,15.4399995803833,0.0001967576418212346,Steady_Uptrend,Steady_Uptrend
2024-08-16,24541.150390625,14.399999618530273,0.016325768935141063,Steady_Uptrend,Steady_Uptrend
2024-08-19,24572.650390625,14.319999694824219,0.0012827353541420893,Steady_Uptrend,Steady_Uptrend
2024-08-20,24698.849609375,13.819999694824219,0.0051226163083365125,Steady_Uptrend,Steady_Uptrend
2024-08-21,24770.19921875,13.329999923706055,0.0028846181820890576,Steady_Uptrend,Steady_Uptrend
2024-08-22,24811.5,13.0,0.0016659691560852782,Steady_Uptrend,Steady_Uptrend
2024-08-23,24823.150390625,13.550000190734863,0.0004694458708691634,Steady_Uptrend,Steady_Uptrend
2024-08-26,25010.599609375,13.800000190734863,0.007523018148105455,Steady_Uptrend,Steady_Uptrend
2024-08-27,25017.75,13.630000114440918,0.0002858535502177548,Steady_Uptrend,Steady_Uptrend
2024-08-28,25052.349609375,13.949999809265137,0.0013820469762269526,Steady_Uptrend,Steady_Uptrend
2024-08-29,25151.94921875,13.789999961853027,0.003967777356455909,Steady_Uptrend,Steady_Uptrend
2024-08-30,25235.900390625,13.390000343322754,0.003332202116407902,Steady_Uptrend,Steady_Uptrend
2024-09-02,25278.69921875,14.0600004196167,0.0016945136137639853,Steady_Uptrend,Steady_Uptrend
2024-09-03,25279.849609375,13.84000015258789,4.550726442364936e-05,Steady_Uptrend,Steady_Uptrend
2024-09-04,25198.69921875,14.380000114440918,-0.003215245383183467,Steady_Uptrend,Steady_Uptrend
2024-09-05,25145.099609375,14.210000038146973,-0.0021293438665674616,Steady_Uptrend,Steady_Uptrend
2024-09-06,24852.150390625,15.220000267028809,-0.011718747382249265,Steady_Uptrend,Steady_Uptrend
2024-09-09,24936.400390625,14.239999771118164,0.003384315433638339,Steady_Uptrend,Steady_Uptrend
2024-09-10,25041.099609375,13.359999656677246,0.0041898603137641086,Steady_Uptrend,Steady_Uptrend
2024-09-11,24918.44921875,13.630000114440918,-0.004909997784499106,Steady_Uptrend,Steady_Uptrend
2024-09-12,25388.900390625,13.180000305175781,0.018703624424743968,Steady_Uptrend,Steady_Uptrend
2024-09-13,25356.5,12.550000190734863,-0.0012769785942554214,Steady_Uptrend,Steady_Uptrend
2024-09-16,25383.75,12.460000038146973,0.0010740980826790941,Steady_Uptrend,Steady_Uptrend
2024-09-17,25418.55078125,12.59000015258789,0.0013700476615561017,Steady_Uptrend,Steady_Uptrend
2024-09-18,25377.55078125,13.369999885559082,-0.0016142974615182065,Steady_Uptrend,Steady_Uptrend
2024-09-19,25415.80078125,12.470000267028809,0.0015061029073179838,Steady_Uptrend,Steady_Uptrend
2024-09-20,25790.94921875,12.789999961853027,0.014652566289984728,Steady_Uptrend,Steady_Uptrend
2024-09-23,25939.05078125,13.789999961853027,0.005725960454112572,Steady_Uptrend,Steady_Uptrend
2024-09-24,25940.400390625,13.390000343322754,5.20286681844374e-05,Steady_Uptrend,Steady_Uptrend
2024-09-25,26004.150390625,12.739999771118164,0.0024545416621303915,Steady_Uptrend,Steady_Uptrend
2024-09-26,26216.05078125,12.0,0.008115692736807522,Steady_Uptrend,Steady_Uptrend
2024-09-27,26178.94921875,11.960000038146973,-0.0014162255444679923,Steady_Uptrend,Steady_Uptrend
2024-09-30,25810.849609375,12.789999961853027,-0.014160691857076434,Steady_Uptrend,Steady_Uptrend
2024-10-01,25796.900390625,11.989999771118164,-0.0005405862138807384,Steady_Uptrend,Steady_Uptrend
2024-10-03,25250.099609375,13.170000076293945,-0.02142424417261006,Steady_Uptrend,Steady_Uptrend
2024-10-04,25014.599609375,14.130000114440918,-0.009370461848646757,Steady_Uptrend,Steady_Uptrend
2024-10-07,24795.75,15.079999923706055,-0.008787371273170997,Steady_Uptrend,Steady_Uptrend
2024-10-08,25013.150390625,14.59000015258789,0.008729434677965052,Steady_Uptrend,Steady_Uptrend
2024-10-09,24981.94921875,14.119999885559082,-0.0012481693673798233,Steady_Uptrend,Steady_Uptrend
2024-10-10,24998.44921875,13.5,0.0006602588660852999,Steady_Uptrend,Steady_Uptrend
2024-10-11,24964.25,13.220000267028809,-0.0013689902517646816,Steady_Uptrend,Steady_Uptrend
2024-10-14,25127.94921875,13.0,0.006535939888908111,Steady_Uptrend,Steady_Uptrend
2024-10-15,25057.349609375,13.0,-0.0028135592532655376,Steady_Uptrend,Steady_Uptrend
2024-10-16,24971.30078125,13.050000190734863,-0.003439985380697183,Steady_Uptrend,Steady_Uptrend
2024-10-17,24749.849609375,13.390000343322754,-0.008907784090014885,Steady_Uptrend,Steady_Uptrend
2024-10-18,24854.05078125,13.039999961853027,0.004201335956550517,Steady_Uptrend,Steady_Uptrend
2024-10-21,24781.099609375,13.760000228881836,-0.002939498473548445,Steady_Uptrend,Steady_Uptrend
2024-10-22,24472.099609375,14.399999618530273,-0.012547572909439223,Steady_Uptrend,Steady_Uptrend
2024-10-23,24435.5,14.619999885559082,-0.0014966842167451323,Steady_Uptrend,Steady_Uptrend
2024-10-24,24399.400390625,13.970000267028809,-0.0014784351216731097,Steady_Uptrend,Steady_Uptrend
2024-10-25,24180.80078125,14.630000114440918,-0.00899959570008371,Steady_Uptrend,Steady_Uptrend
2024-10-28,24339.150390625,14.289999961853027,0.006527218917237164,Steady_Uptrend,Steady_Uptrend
2024-10-29,24466.849609375,14.520000457763672,0.0052329430871703615,Steady_Uptrend,Steady_Uptrend
2024-10-30,24340.849609375,15.510000228881836,-0.00516313130612327,Steady_Uptrend,Steady_Uptrend
2024-10-31,24205.349609375,15.550000190734863,-0.00558232586918934,Steady_Uptrend,Steady_Uptrend
2024-11-01,24304.349609375,15.899999618530273,0.004081663627652918,Steady_Uptrend,Steady_Uptrend
2024-11-04,23995.349609375,16.690000534057617,-0.012795285302364113,Steady_Uptrend,Steady_Uptrend
2024-11-05,24213.30078125,16.1200008392334,0.009042055940529129,Steady_Uptrend,Steady_Uptrend
2024-11-06,24484.05078125,14.869999885559082,0.011119815807918394,Steady_Uptrend,Steady_Uptrend
2024-11-07,24199.349609375,14.9399995803833,-0.011696159889418445,Steady_Uptrend,Steady_Uptrend
2024-11-08,24148.19921875,14.470000267028809,-0.0021159463488489003,Steady_Uptrend,Steady_Uptrend
2024-11-11,24141.30078125,14.270000457763672,-0.00028571169910344984,Steady_Uptrend,Steady_Uptrend
2024-11-12,23883.44921875,14.59000015258789,-0.010738381367723213,Steady_Uptrend,Steady_Uptrend
2024-11-13,23559.05078125,15.4399995803833,-0.013675649189030194,Steady_Uptrend,Steady_Uptrend
2024-11-14,23532.69921875,14.779999732971191,-0.0011191584619590343,Steady_Uptrend,Steady_Uptrend
2024-11-18,23453.80078125,15.170000076293945,-0.003358348106569627,Steady_Uptrend,Steady_Uptrend
2024-11-19,23518.5,15.65999984741211,0.002754783503889256,Steady_Uptrend,Steady_Uptrend
2024-11-21,23349.900390625,15.989999771118164,-0.007194627306794726,Steady_Uptrend,Steady_Uptrend
2024-11-22,23907.25,16.100000381469727,0.02358904203763299,Steady_Uptrend,Steady_Uptrend
2024-11-25,24221.900390625,15.300000190734863,0.013075438521712217,Steady_Uptrend,Steady_Uptrend
2024-11-26,24194.5,15.3100004196167,-0.0011318641340202825,Steady_Uptrend,Steady_Uptrend
2024-11-27,24274.900390625,14.630000114440918,0.0033175761911502914,Steady_Uptrend,Steady_Uptrend
2024-11-28,23914.150390625,15.210000038146973,-0.0149725605075969,Steady_Uptrend,Steady_Uptrend
2024-11-29,24131.099609375,14.430000305175781,0.009031098528695802,Steady_Uptrend,Steady_Uptrend
2024-12-02,24276.05078125,14.699999809265137,0.005988850983542634,Steady_Uptrend,Steady_Uptrend
2024-12-03,24457.150390625,14.369999885559082,0.007432322879372628,Steady_Uptrend,Steady_Uptrend
2024-12-04,24467.44921875,14.449999809265137,0.0004210081782723239,Steady_Uptrend,Steady_Uptrend
2024-12-05,24708.400390625,14.529999732971191,0.009799651742121284,Steady_Uptrend,Steady_Uptrend
2024-12-06,24677.80078125,14.140000343322754,-0.0012391968835286232,Steady_Uptrend,Steady_Uptrend
2024-12-09,24619.0,14.109999656677246,-0.002385583169878571,Steady_Uptrend,Steady_Uptrend
2024-12-10,24610.05078125,13.779999732971191,-0.00036357470666444975,Steady_Uptrend,Steady_Uptrend
2024-12-11,24641.80078125,13.270000457763672,0.0012892918089711122,Steady_Uptrend,Steady_Uptrend
2024-12-12,24548.69921875,13.1899995803833,-0.003785351792322941,Steady_Uptrend,Steady_Uptrend
2024-12-13,24768.30078125,13.050000190734863,0.008905773422254015,Steady_Uptrend,Steady_Uptrend
2024-12-16,24668.25,14.020000457763672,-0.004047649614185296,Steady_Uptrend,Steady_Uptrend
2024-12-17,24336.0,14.489999771118164,-0.01356025614827435,Steady_Uptrend,Steady_Uptrend
2024-12-18,24198.849609375,14.369999885559082,-0.005651640286891943,Steady_Uptrend,Steady_Uptrend
2024-12-19,23951.69921875,14.510000228881836,-0.01026582529903898,Steady_Uptrend,Steady_Uptrend
2024-12-20,23587.5,15.069999694824219,-0.015322359236337606,Steady_Uptrend,Steady_Uptrend
2024-12-23,23753.44921875,13.520000457763672,0.007010839504245724,Steady_Uptrend,Steady_Uptrend
2024-12-24,23727.650390625,13.180000305175781,-0.0010866989549987555,Steady_Uptrend,Steady_Uptrend
2024-12-26,23750.19921875,14.039999961853027,0.0009498673594489271,Steady_Uptrend,Steady_Uptrend
2024-12-27,23813.400390625,13.239999771118164,0.002657545248501766,Steady_Uptrend,Steady_Uptrend
2024-12-30,23644.900390625,13.970000267028809,-0.007101000468431965,Steady_Uptrend,Steady_Uptrend
2024-12-31,23644.80078125,14.449999809265137,-4.2127301519090045e-06,Steady_Uptrend,Steady_Uptrend
2025-01-02,24188.650390625,13.739999771118164,0.022740280375221224,Steady_Uptrend,Steady_Uptrend
2025-01-03,24004.75,13.539999961853027,-0.007631803596810856,Steady_Uptrend,Steady_Uptrend
2025-01-06,23616.05078125,15.649999618530273,-0.016325128725884954,Steady_Uptrend,Steady_Uptrend
2025-01-07,23707.900390625,14.65999984741211,0.0038817437019732417,Steady_Uptrend,Steady_Uptrend
2025-01-08,23688.94921875,14.470000267028809,-0.0007996806978147784,Steady_Uptrend,Steady_Uptrend
2025-01-09,23526.5,14.65999984741211,-0.006881216315863482,Steady_Uptrend,Steady_Uptrend
2025-01-10,23431.5,14.920000076293945,-0.004046174437066828,Steady_Uptrend,Steady_Uptrend
2025-01-13,23085.94921875,16.0,-0.014857097422370331,Steady_Uptrend,Steady_Uptrend
2025-01-14,23176.05078125,15.470000267028809,0.003895278043635164,Steady_Uptrend,Steady_Uptrend
2025-01-15,23213.19921875,15.260000228881836,0.0016015971562733668,Steady_Uptrend,Steady_Uptrend
2025-01-16,23311.80078125,15.470000267028809,0.004238654922064901,Steady_Uptrend,Steady_Uptrend
2025-01-17,23203.19921875,15.75,-0.004669537131428157,Steady_Uptrend,Steady_Uptrend
2025-01-20,23344.75,16.420000076293945,0.006081952909099664,Steady_Uptrend,Steady_Uptrend
2025-01-21,23024.650390625,17.059999465942383,-0.013806721311582606,Steady_Uptrend,Steady_Uptrend
2025-01-22,23155.349609375,16.770000457763672,0.0056604403518015324,Steady_Uptrend,Steady_Uptrend
2025-01-23,23205.349609375,16.700000762939453,0.0021570002277194853,Steady_Uptrend,Steady_Uptrend
2025-01-24,23092.19921875,16.75,-0.00488797436469754,Steady_Uptrend,Steady_Uptrend
2025-01-27,22829.150390625,18.1299991607666,-0.011456619090824587,Steady_Uptrend,Steady_Uptrend
2025-01-28,22957.25,18.200000762939453,0.005595545512054291,Steady_Uptrend,Steady_Uptrend
2025-01-29,23163.099609375,18.639999389648438,0.008926687592645893,Steady_Uptrend,Steady_Uptrend
2025-01-30,23249.5,17.389999389648438,0.003723148074350194,Steady_Uptrend,Steady_Uptrend
2025-01-31,23508.400390625,16.25,0.011074194280356322,Steady_Uptrend,Steady_Uptrend
2025-02-03,23361.05078125,14.350000381469727,-0.006287681683712233,Steady_Uptrend,Steady_Uptrend
2025-02-04,23739.25,14.020000457763672,0.016059657410686868,Steady_Uptrend,Steady_Uptrend
2025-02-05,23696.30078125,14.079999923706055,-0.0018108456539069108,Steady_Uptrend,Steady_Uptrend
2025-02-06,23603.349609375,14.180000305175781,-0.003930316218479903,Steady_Uptrend,Steady_Uptrend
2025-02-07,23559.94921875,13.6899995803833,-0.0018404311807618838,Steady_Uptrend,Steady_Uptrend
2025-02-10,23381.599609375,14.449999809265137,-0.0075988318246352615,Steady_Uptrend,Steady_Uptrend
2025-02-11,23071.80078125,14.869999885559082,-0.013338245144624153,Steady_Uptrend,Steady_Uptrend
2025-02-12,23045.25,14.899999618530273,-0.001151451956867338,Steady_Uptrend,Steady_Uptrend
2025-02-13,23031.400390625,14.960000038146973,-0.0006011552347958088,Steady_Uptrend,Steady_Uptrend
2025-02-14,22929.25,15.020000457763672,-0.00444513112662715,Steady_Uptrend,Steady_Uptrend
2025-02-17,22959.5,15.720000267028809,0.001318406118349223,Steady_Uptrend,Steady_Uptrend
2025-02-18,22945.30078125,15.670000076293945,-0.0006186376571162799,Steady_Uptrend,Steady_Uptrend
2025-02-19,22932.900390625,15.420000076293945,-0.0005405787764224007,Steady_Uptrend,Steady_Uptrend
2025-02-20,22913.150390625,14.680000305175781,-0.0008615791713867465,Steady_Uptrend,Steady_Uptrend
2025-02-21,22795.900390625,14.529999732971191,-0.005130286241460248,Steady_Uptrend,Steady_Uptrend
2025-02-24,22553.349609375,14.4399995803833,-0.010697116011174177,Steady_Uptrend,Steady_Uptrend
2025-02-25,22547.55078125,13.720000267028809,-0.00025714910818764225,Steady_Uptrend,Steady_Uptrend
2025-02-27,22545.05078125,13.3100004196167,-0.00011088293493540093,Steady_Uptrend,Steady_Uptrend
2025-02-28,22124.69921875,13.90999984741211,-0.01882096814125905,Steady_Uptrend,Steady_Uptrend
2025-03-03,22119.30078125,13.760000228881836,-0.0002440302652016664,Steady_Uptrend,Steady_Uptrend
2025-03-04,22082.650390625,13.829999923706055,-0.001658315891150207,Steady_Uptrend,Steady_Uptrend
2025-03-05,22337.30078125,13.670000076293945,0.01146571185468711,Steady_Uptrend,Steady_Uptrend
2025-03-06,22544.69921875,13.729999542236328,0.00924200854408832,Steady_Uptrend,Steady_Uptrend
2025-03-07,22552.5,13.470000267028809,0.00034595413741610534,Steady_Uptrend,Steady_Uptrend
2025-03-10,22460.30078125,13.989999771118164,-0.004096583464717347,Steady_Uptrend,Steady_Uptrend
2025-03-11,22497.900390625,14.069999694824219,0.0016726478000064651,Steady_Uptrend,Steady_Uptrend
2025-03-12,22470.5,13.6899995803833,-0.001218651042867137,Steady_Uptrend,Steady_Uptrend
2025-03-13,22397.19921875,13.279999732971191,-0.00326742167482874,Steady_Uptrend,Steady_Uptrend
2025-03-17,22508.75,13.420000076293945,0.004968206335327962,Steady_Uptrend,Steady_Uptrend
2025-03-18,22834.30078125,13.210000038146973,0.014359703182661372,Steady_Uptrend,Steady_Uptrend
2025-03-19,22907.599609375,13.300000190734863,0.0032048904937790478,Steady_Uptrend,Steady_Uptrend
2025-03-20,23190.650390625,12.600000381469727,0.012280480863664548,Steady_Uptrend,Steady_Uptrend
2025-03-21,23350.400390625,12.579999923706055,0.0068649342763162065,Steady_Uptrend,Steady_Uptrend
2025-03-24,23658.349609375,13.699999809265137,0.013101970335000056,Steady_Uptrend,Steady_Uptrend
2025-03-25,23668.650390625,13.640000343322754,0.0004353025297464832,Steady_Uptrend,Steady_Uptrend
2025-03-26,23486.849609375,13.470000267028809,-0.007710730752587225,Steady_Uptrend,Steady_Uptrend
2025-03-27,23591.94921875,13.300000190734863,0.004464845602965276,Steady_Uptrend,Steady_Uptrend
2025-03-28,23519.349609375,12.720000267028809,-0.003082049047667123,Steady_Uptrend,Steady_Uptrend
2025-04-01,23165.69921875,13.779999732971191,-0.015150767296533939,Steady_Uptrend,Steady_Uptrend
2025-04-02,23332.349609375,13.720000267028809,0.007168090205371445,Steady_Uptrend,Steady_Uptrend
2025-04-03,23250.099609375,13.600000381469727,-0.003531376595912815,Steady_Uptrend,Steady_Uptrend
2025-04-04,22904.44921875,13.760000228881836,-0.014978235581472139,Steady_Uptrend,Steady_Uptrend
2025-04-07,22161.599609375,22.790000915527344,-0.032970136904421674,Steady_Uptrend,Steady_Uptrend
2025-04-08,22535.849609375,20.440000534057617,0.01674631338889978,Steady_Uptrend,Steady_Uptrend
2025-04-09,22399.150390625,21.43000030517578,-0.006084328049671031,Steady_Uptrend,Steady_Uptrend
2025-04-11,22828.55078125,20.110000610351562,0.018988950673859396,Steady_Uptrend,Steady_Uptrend
2025-04-15,23328.55078125,16.1299991607666,0.02166598602930882,Steady_Uptrend,Steady_Uptrend
2025-04-16,23437.19921875,15.869999885559082,0.004646504460063537,Steady_Uptrend,Steady_Uptrend
2025-04-17,23851.650390625,15.470000267028809,0.017528943393621495,Steady_Uptrend,Steady_Uptrend
2025-04-21,24125.55078125,15.520000457763672,0.011418063566753105,Steady_Uptrend,Steady_Uptrend
2025-04-22,24167.25,15.229999542236328,0.0017269335569158489,Steady_Uptrend,Steady_Uptrend
2025-04-23,24328.94921875,15.960000038146973,0.006668556323176313,Steady_Uptrend,Steady_Uptrend
2025-04-24,24246.69921875,16.25,-0.0033864737270896763,Steady_Uptrend,Steady_Uptrend
2025-04-25,24039.349609375,17.15999984741211,-0.008588438645809417,Steady_Uptrend,Steady_Uptrend
2025-04-28,24328.5,16.940000534057617,0.011956447831200931,Steady_Uptrend,Steady_Uptrend
2025-04-29,24335.94921875,17.3700008392334,0.00030614622903455367,Steady_Uptrend,Steady_Uptrend
2025-04-30,24334.19921875,18.219999313354492,-7.191266338548166e-05,Steady_Uptrend,Steady_Uptrend
2025-05-02,24346.69921875,18.260000228881836,0.0005135484625769229,Steady_Uptrend,Steady_Uptrend
2025-05-05,24461.150390625,18.34000015258789,0.004689876016656186,Steady_Uptrend,Steady_Uptrend
2025-05-06,24379.599609375,19.0,-0.0033394596535795407,Steady_Uptrend,Steady_Uptrend
2025-05-07,24414.400390625,19.059999465942383,0.001426437150093386,High_Conviction_Bull,High_Conviction_Bull
2025-05-08,24273.80078125,21.010000228881836,-0.005775526588332327,High_Conviction_Bull,High_Conviction_Bull
2025-05-09,24008.0,21.6299991607666,-0.011010503428714508,High_Conviction_Bull,High_Conviction_Bull
2025-05-12,24924.69921875,18.389999389648438,0.03747214018466671,High_Conviction_Bull,High_Conviction_Bull
2025-05-13,24578.349609375,18.200000762939453,-0.013993290077199355,High_Conviction_Bull,High_Conviction_Bull
2025-05-14,24666.900390625,17.229999542236328,0.003596321541244558,High_Conviction_Bull,High_Conviction_Bull
2025-05-15,25062.099609375,16.889999389648438,0.015894449466611917,High_Conviction_Bull,High_Conviction_Bull
2025-05-16,25019.80078125,16.549999237060547,-0.0016891866264205442,High_Conviction_Bull,Steady_Uptrend
2025-05-19,24945.44921875,17.360000610351562,-0.002976133107706799,Steady_Uptrend,Steady_Uptrend
2025-05-20,24683.900390625,17.389999389648438,-0.010540184450815589,Steady_Uptrend,Steady_Uptrend
2025-05-21,24813.44921875,17.549999237060547,0.0052345883147392296,Steady_Uptrend,Steady_Uptrend
2025-05-22,24609.69921875,17.260000228881836,-0.008245170966734258,Steady_Uptrend,Steady_Uptrend
2025-05-23,24853.150390625,17.280000686645508,0.009843878373448323,Steady_Uptrend,Steady_Uptrend
2025-05-26,25001.150390625,18.020000457763672,0.0059373186446142635,Steady_Uptrend,Steady_Uptrend
2025-05-27,24826.19921875,18.540000915527344,-0.00702232377173064,Steady_Uptrend,Steady_Uptrend
2025-05-28,24752.44921875,18.020000457763672,-0.002975073210803887,Steady_Uptrend,Steady_Uptrend
2025-05-29,24833.599609375,16.420000076293945,0.003273116733106363,Steady_Uptrend,Steady_Uptrend
2025-05-30,24750.69921875,16.079999923706055,-0.0033438193068198903,Steady_Uptrend,Steady_Uptrend
2025-06-02,24716.599609375,17.15999984741211,-0.001378673005562118,Steady_Uptrend,Steady_Uptrend
2025-06-03,24542.5,16.559999465942383,-0.007068758288164619,Steady_Uptrend,Steady_Uptrend
2025-06-04,24620.19921875,15.75,0.0031609038835467354,Steady_Uptrend,Steady_Uptrend
2025-06-05,24750.900390625,15.079999923706055,0.005294655304090157,Steady_Uptrend,Steady_Uptrend
2025-06-06,25003.05078125,14.630000114440918,0.010135980900817266,Steady_Uptrend,Steady_Uptrend
2025-06-09,25103.19921875,14.6899995803833,0.003997448256890138,Steady_Uptrend,Steady_Uptrend
2025-06-10,25104.25,14.020000457763672,4.18575835460567e-05,Steady_Uptrend,Steady_Uptrend
2025-06-11,25141.400390625,13.670000076293945,0.001478750781646587,Steady_Uptrend,Steady_Uptrend
2025-06-12,24888.19921875,14.020000457763672,-0.010122141121121413,Steady_Uptrend,Steady_Uptrend
2025-06-13,24718.599609375,15.079999923706055,-0.006837783295332098,Steady_Uptrend,Steady_Uptrend
2025-06-16,24946.5,14.84000015258789,0.00917755091754434,Steady_Uptrend,Steady_Uptrend
2025-06-17,24853.400390625,14.399999618530273,-0.0037389519699400583,Steady_Uptrend,Steady_Uptrend
2025-06-18,24812.05078125,14.279999732971191,-0.0016651260767121068,Steady_Uptrend,Steady_Uptrend
2025-06-19,24793.25,14.260000228881836,-0.0007580150449296773,Steady_Uptrend,Steady_Uptrend
2025-06-20,25112.400390625,13.670000076293945,0.012790324902965947,Steady_Uptrend,Steady_Uptrend
2025-06-23,24971.900390625,14.050000190734863,-0.005610555258512813,Steady_Uptrend,Steady_Uptrend
2025-06-24,25044.349609375,13.640000343322754,0.0028970292423300638,Steady_Uptrend,Steady_Uptrend
2025-06-25,25244.75,12.960000038146973,0.00796997571939643,Steady_Uptrend,Steady_Uptrend
2025-06-26,25549.0,12.59000015258789,0.011979963629751521,Steady_Uptrend,Steady_Uptrend
2025-06-27,25637.80078125,12.390000343322754,0.00346967847107354,Steady_Uptrend,Steady_Uptrend
2025-06-30,25517.05078125,12.789999961853027,-0.004720968611190444,Steady_Uptrend,Steady_Uptrend
2025-07-01,25541.80078125,12.529999732971191,0.0009694695897414579,Steady_Uptrend,Steady_Uptrend
2025-07-02,25453.400390625,12.449999809265137,-0.0034670116851196766,Steady_Uptrend,Steady_Uptrend
2025-07-03,25405.30078125,12.390000343322754,-0.0018915002785163046,Steady_Uptrend,Steady_Uptrend
2025-07-04,25461.0,12.319999694824219,0.0021900252291445488,Steady_Uptrend,Steady_Uptrend
2025-07-07,25461.30078125,12.5600004196167,1.181334092876479e-05,Steady_Uptrend,Steady_Uptrend
2025-07-08,25522.5,12.199999809265137,0.0024007330644550996,Steady_Uptrend,Steady_Uptrend
2025-07-09,25476.099609375,11.9399995803833,-0.0018196736296237606,Steady_Uptrend,Steady_Uptrend
2025-07-10,25355.25,11.670000076293945,-0.004754933244868607,Steady_Uptrend,Steady_Uptrend
2025-07-11,25149.849609375,11.819999694824219,-0.00813389240519248,Steady_Uptrend,Steady_Uptrend
2025-07-14,25082.30078125,11.979999542236328,-0.0026894675348791744,Steady_Uptrend,Steady_Uptrend
2025-07-15,25195.80078125,11.479999542236328,0.004514895720960817,Steady_Uptrend,Steady_Uptrend
2025-07-16,25212.05078125,11.239999771118164,0.0006447408512447503,Steady_Uptrend,Steady_Uptrend
2025-07-17,25111.44921875,11.239999771118164,-0.003998199509757984,Steady_Uptrend,Steady_Uptrend
2025-07-18,24968.400390625,11.390000343322754,-0.005712845317742711,Steady_Uptrend,Steady_Uptrend
2025-07-21,25090.69921875,11.199999809265137,0.004886187422514114,Steady_Uptrend,Steady_Uptrend
2025-07-22,25060.900390625,10.75,-0.0011883501967580668,Steady_Uptrend,Steady_Uptrend
2025-07-23,25219.900390625,10.520000457763672,0.006324502693684897,Steady_Uptrend,Steady_Uptrend
2025-07-24,25062.099609375,10.720000267028809,-0.006276651657225533,Steady_Uptrend,Steady_Uptrend
2025-07-25,24837.0,11.279999732971191,-0.009022252428611252,Steady_Uptrend,Steady_Uptrend
2025-07-28,24680.900390625,12.0600004196167,-0.006304795850755804,Steady_Uptrend,Steady_Uptrend
2025-07-29,24821.099609375,11.529999732971191,0.005664401180259817,Steady_Uptrend,Steady_Uptrend
2025-07-30,24855.05078125,11.210000038146973,0.001366900490246142,Steady_Uptrend,Steady_Uptrend
2025-07-31,24768.349609375,11.539999961853027,-0.003494369971240235,Steady_Uptrend,Steady_Uptrend
2025-08-01,24565.349609375,11.979999542236328,-0.008229715141942045,Steady_Uptrend,Steady_Uptrend
2025-08-04,24722.75,11.970000267028809,0.006386974825463857,Steady_Uptrend,Steady_Uptrend
2025-08-05,24649.55078125,11.710000038146973,-0.0029651959185494695,Steady_Uptrend,Steady_Uptrend
2025-08-06,24574.19921875,11.960000038146973,-0.003061596134311999,Steady_Uptrend,Steady_Uptrend
2025-08-07,24596.150390625,11.6899995803833,0.0008928622028389917,Steady_Uptrend,Steady_Uptrend
2025-08-08,24363.30078125,12.029999732971191,-0.00951200879308063,Steady_Uptrend,Steady_Uptrend
2025-08-11,24585.05078125,12.220000267028809,0.009060632685991908,Steady_Uptrend,Steady_Uptrend
2025-08-12,24487.400390625,12.229999542236328,-0.003979850901478695,Steady_Uptrend,Steady_Uptrend
2025-08-13,24619.349609375,12.140000343322754,0.0053739877432256436,Steady_Uptrend,Steady_Uptrend
2025-08-14,24631.30078125,12.359999656677246,0.00048532037708285097,Steady_Uptrend,Steady_Uptrend
2025-08-18,24876.94921875,12.34000015258789,0.009923616908863717,Steady_Uptrend,Steady_Uptrend
2025-08-19,24980.650390625,11.789999961853027,0.004159900285259885,Steady_Uptrend,Steady_Uptrend
2025-08-20,25050.55078125,11.789999961853027,0.002794273751954044,Steady_Uptrend,Steady_Uptrend
2025-08-21,25083.75,11.369999885559082,0.0013244115539841486,Steady_Uptrend,Steady_Uptrend
2025-08-22,24870.099609375,11.729999542236328,-0.008553963109247331,Steady_Uptrend,Steady_Uptrend
2025-08-25,24967.75,11.760000228881836,0.003918729092601476,Steady_Uptrend,Steady_Uptrend
2025-08-26,24712.05078125,12.1899995803833,-0.010293981565065833,Steady_Uptrend,Steady_Uptrend
2025-08-28,24500.900390625,12.180000305175781,-0.00858114302373062,Steady_Uptrend,Steady_Uptrend
2025-08-29,24426.849609375,11.75,-0.003026946376657732,Steady_Uptrend,Steady_Uptrend
2025-09-01,24625.05078125,11.289999961853027,0.008081328102276956,Steady_Uptrend,Steady_Uptrend
2025-09-02,24579.599609375,11.399999618530273,-0.0018474345185382894,Steady_Uptrend,Steady_Uptrend
2025-09-03,24715.05078125,10.930000305175781,0.005495586709857895,Steady_Uptrend,Steady_Uptrend
2025-09-04,24734.30078125,10.850000381469727,0.0007785744550393448,Steady_Uptrend,Steady_Uptrend
2025-09-05,24741.0,10.779999732971191,0.0002708106342015157,Steady_Uptrend,Steady_Uptrend
2025-09-08,24773.150390625,10.84000015258789,0.0012986346282709543,Steady_Uptrend,Steady_Uptrend
2025-09-09,24868.599609375,10.6899995803833,0.0038455266535053208,Steady_Uptrend,Steady_Uptrend
2025-09-10,24973.099609375,10.539999961853027,0.004193282121674665,Steady_Uptrend,Steady_Uptrend
2025-09-11,25005.5,10.359999656677246,0.0012965707489705478,Steady_Uptrend,Steady_Uptrend
2025-09-12,25114.0,10.119999885559082,0.004329658895022681,Steady_Uptrend,Steady_Uptrend
2025-09-15,25069.19921875,10.399999618530273,-0.001785489719644452,Steady_Uptrend,Steady_Uptrend
2025-09-16,25239.099609375,10.270000457763672,0.0067543940269436074,Steady_Uptrend,Steady_Uptrend
2025-09-17,25330.25,10.25,0.003604969810507005,Steady_Uptrend,Steady_Uptrend
2025-09-18,25423.599609375,9.890000343322754,0.0036785274558399,Steady_Uptrend,Steady_Uptrend
2025-09-19,25327.05078125,9.970000267028809,-0.0038048357551339826,Steady_Uptrend,Steady_Uptrend
2025-09-22,25202.349609375,10.5600004196167,-0.00493579674708062,Steady_Uptrend,Steady_Uptrend
2025-09-23,25169.5,10.630000114440918,-0.001304284606843299,Steady_Uptrend,Steady_Uptrend
2025-09-24,25056.900390625,10.520000457763672,-0.004483689738311146,Steady_Uptrend,Steady_Uptrend
2025-09-25,24890.849609375,10.779999732971191,-0.006649003929024595,Steady_Uptrend,Steady_Uptrend
2025-09-26,24654.69921875,11.430000305175781,-0.009532730366893805,Steady_Uptrend,Steady_Uptrend
2025-09-29,24634.900390625,11.369999885559082,-0.0008033674181471517,Steady_Uptrend,Steady_Uptrend
2025-09-30,24611.099609375,11.069999694824219,-0.0009666077692868598,Steady_Uptrend,Steady_Uptrend
2025-10-01,24836.30078125,10.289999961853027,0.009108779315782467,Steady_Uptrend,Steady_Uptrend
2025-10-03,24894.25,10.0600004196167,0.0023305289834215856,Steady_Uptrend,Steady_Uptrend
2025-10-06,25077.650390625,10.1899995803833,0.007340173682814145,Steady_Uptrend,Steady_Uptrend
2025-10-07,25108.30078125,10.050000190734863,0.0012214730903828323,Steady_Uptrend,Steady_Uptrend
2025-10-08,25046.150390625,10.3100004196167,-0.0024783611817054724,Steady_Uptrend,Steady_Uptrend
2025-10-09,25181.80078125,10.119999885559082,0.005401403691044332,Steady_Uptrend,Steady_Uptrend
2025-10-10,25285.349609375,10.100000381469727,0.004103618794970308,Steady_Uptrend,Steady_Uptrend
2025-10-13,25227.349609375,11.010000228881836,-0.0022964532241035664,Steady_Uptrend,Steady_Uptrend
2025-10-14,25145.5,11.15999984741211,-0.0032497538671527296,Steady_Uptrend,Steady_Uptrend
2025-10-15,25323.55078125,10.529999732971191,0.007055869574947451,Steady_Uptrend,Steady_Uptrend
2025-10-16,25585.30078125,10.869999885559082,0.010283174673804386,Steady_Uptrend,Steady_Uptrend
2025-10-17,25709.849609375,11.630000114440918,0.0048561734175648985,Steady_Uptrend,Steady_Uptrend
2025-10-20,25843.150390625,11.359999656677246,0.0051714188632333265,Steady_Uptrend,Steady_Uptrend
2025-10-21,25868.599609375,11.300000190734863,0.000984272270986046,Steady_Uptrend,Steady_Uptrend
2025-10-23,25891.400390625,11.729999542236328,0.0008810194252249848,Steady_Uptrend,Steady_Uptrend
2025-10-24,25795.150390625,11.59000015258789,-0.0037243774174138414,Steady_Uptrend,Steady_Uptrend
2025-10-27,25966.05078125,11.859999656677246,0.00660344071508198,Steady_Uptrend,Steady_Uptrend
2025-10-28,25936.19921875,11.949999809265137,-0.0011502994876563522,Steady_Uptrend,Steady_Uptrend
2025-10-29,26053.900390625,11.970000267028809,0.004527837947802368,Steady_Uptrend,Steady_Uptrend
2025-10-30,25877.849609375,12.069999694824219,-0.006780108726120027,Steady_Uptrend,Steady_Uptrend
2025-10-31,25722.099609375,12.149999618530273,-0.006036845980053782,Steady_Uptrend,Steady_Uptrend
2025-11-03,25763.349609375,12.670000076293945,0.001602394830084992,Steady_Uptrend,Steady_Uptrend
2025-11-04,25597.650390625,12.649999618530273,-0.006452358545521922,Steady_Uptrend,Steady_Uptrend
2025-11-06,25509.69921875,12.40999984741211,-0.0034418242922323408,Steady_Uptrend,Steady_Uptrend
2025-11-07,25492.30078125,12.5600004196167,-0.0006822649376453303,Steady_Uptrend,Steady_Uptrend
2025-11-10,25574.349609375,12.300000190734863,0.0032134043686110675,Steady_Uptrend,Steady_Uptrend
2025-11-11,25694.94921875,12.489999771118164,0.004704563337770722,Steady_Uptrend,Steady_Uptrend
2025-11-12,25875.80078125,12.109999656677246,0.007013755040664786,Steady_Uptrend,Steady_Uptrend
2025-11-13,25879.150390625,12.15999984741211,0.00012944111834060272,Steady_Uptrend,Steady_Uptrend
2025-11-14,25910.05078125,11.9399995803833,0.0011933141887742222,Steady_Uptrend,Steady_Uptrend
2025-11-17,26013.44921875,11.789999961853027,0.003982727442351947,Steady_Uptrend,Steady_Uptrend
2025-11-18,25910.05078125,12.100000381469727,-0.003982727442351953,Steady_Uptrend,Steady_Uptrend
2025-11-19,26052.650390625,11.970000267028809,0.005488550984983714,Steady_Uptrend,Steady_Uptrend
2025-11-20,26192.150390625,12.140000343322754,0.005340256999340202,Steady_Uptrend,Steady_Uptrend
2025-11-21,26068.150390625,13.630000114440918,-0.0047454848460117445,Steady_Uptrend,Steady_Uptrend
2025-11-24,25959.5,13.239999771118164,-0.00417664636992243,Steady_Uptrend,Steady_Uptrend
2025-11-25,25884.80078125,12.239999771118164,-0.002881677226487561,Steady_Uptrend,Steady_Uptrend
2025-11-26,26205.30078125,11.970000267028809,0.012305756174877891,Steady_Uptrend,Steady_Uptrend
2025-11-27,26215.55078125,11.789999961853027,0.0003910657620054032,Steady_Uptrend,Steady_Uptrend
2025-11-28,26202.94921875,11.619999885559082,-0.0004808059270205712,Steady_Uptrend,Steady_Uptrend
2025-12-01,26175.75,11.630000114440918,-0.001038560391932615,Steady_Uptrend,Steady_Uptrend
2025-12-02,26032.19921875,11.229999542236328,-0.005499206353098099,Steady_Uptrend,Steady_Uptrend
2025-12-03,25986.0,11.210000038146973,-0.0017762718275890193,Steady_Uptrend,Steady_Uptrend
2025-12-04,26033.75,10.819999694824219,0.0018358417105443499,Steady_Uptrend,Steady_Uptrend
2025-12-05,26186.44921875,10.319999694824219,0.005848298407896911,Steady_Uptrend,Steady_Uptrend
2025-12-08,25960.55078125,11.130000114440918,-0.008663963433110109,Steady_Uptrend,Steady_Uptrend
2025-12-09,25839.650390625,10.949999809265137,-0.004667959097577137,Steady_Uptrend,Steady_Uptrend
2025-12-10,25758.0,10.90999984741211,-0.003164890577820058,Steady_Uptrend,Steady_Uptrend
2025-12-11,25898.55078125,10.399999618530273,0.005441754277616313,Steady_Uptrend,Steady_Uptrend
2025-12-12,26046.94921875,10.109999656677246,0.0057136360690816825,Steady_Uptrend,Steady_Uptrend
2025-12-15,26027.30078125,10.25,-0.0007546316435640039,Steady_Uptrend,Steady_Uptrend
2025-12-16,25860.099609375,10.0600004196167,-0.006444791966669916,Steady_Uptrend,Steady_Uptrend
2025-12-17,25818.55078125,9.84000015258789,-0.0016079691231565723,Steady_Uptrend,Steady_Uptrend
2025-12-18,25815.55078125,9.710000038146973,-0.00011620227379163036,Steady_Uptrend,Steady_Uptrend
2025-12-19,25966.400390625,9.520000457763672,0.005826355812965194,Steady_Uptrend,Steady_Uptrend
2025-12-22,26172.400390625,9.680000305175781,0.00790202570190833,Steady_Uptrend,Steady_Uptrend
2025-12-23,26177.150390625,9.380000114440918,0.00018147242687454733,Steady_Uptrend,Steady_Uptrend
2025-12-24,26142.099609375,9.1899995803833,-0.0013398810760412456,Steady_Uptrend,Steady_Uptrend
2025-12-26,26042.30078125,9.149999618530273,-0.0038248575837020187,Steady_Uptrend,Steady_Uptrend
2025-12-29,25942.099609375,9.720000267028809,-0.0038550524856079535,Steady_Uptrend,Steady_Uptrend
2025-12-30,25938.849609375,9.680000305175781,-0.00012528683662081574,Steady_Uptrend,Steady_Uptrend
2025-12-31,26129.599609375,9.479999542236328,0.007326926621050068,Steady_Uptrend,Steady_Uptrend
2026-01-02,26328.55078125,9.449999809265137,0.007585175012027261,Steady_Uptrend,Steady_Uptrend
2026-01-05,26250.30078125,10.020000457763672,-0.002976484097528138,Steady_Uptrend,Steady_Uptrend
2026-01-06,26178.69921875,10.020000457763672,-0.0027313741255683985,Steady_Uptrend,Steady_Uptrend
2026-01-07,26140.75,9.949999809265137,-0.0014506737349826563,Steady_Uptrend,Steady_Uptrend
2026-01-08,25876.849609375,10.600000381469727,-0.010146667926064248,Steady_Uptrend,Steady_Uptrend
2026-01-09,25683.30078125,10.930000305175781,-0.007507725861466694,Steady_Uptrend,Steady_Uptrend
2026-01-12,25790.25,11.369999885559082,0.00415550786875295,Steady_Uptrend,Steady_Uptrend
2026-01-13,25732.30078125,11.199999809265137,-0.002249471049361169,Steady_Uptrend,Steady_Uptrend
2026-01-14,25665.599609375,11.319999694824219,-0.002595483815978393,Steady_Uptrend,Steady_Uptrend
2026-01-16,25694.349609375,11.369999885559082,0.0011195495104741853,Steady_Uptrend,Steady_Uptrend
2026-01-19,25585.5,11.829999923706055,-0.004245323404225256,Steady_Uptrend,Steady_Uptrend
2026-01-20,25232.5,12.729999542236328,-0.013892938636022806,Steady_Uptrend,Steady_Uptrend
2026-01-21,25157.5,13.779999732971191,-0.0029767833055262707,Steady_Uptrend,Steady_Uptrend
2026-01-22,25289.900390625,13.350000381469727,0.005249059162526262,Steady_Uptrend,Steady_Uptrend
2026-01-23,25048.650390625,14.1899995803833,-0.009585172530157553,Steady_Uptrend,Steady_Uptrend
2026-01-27,25175.400390625,14.449999809265137,0.0050473933153695125,Steady_Uptrend,Steady_Uptrend
2026-01-28,25342.75,13.529999732971191,0.006625350304204862,Steady_Uptrend,Steady_Uptrend
2026-01-29,25418.900390625,13.369999885559082,0.003000314101836464,Steady_Uptrend,Steady_Uptrend
2026-01-30,25320.650390625,13.630000114440918,-0.003872723399525638,Steady_Uptrend,Steady_Uptrend
2026-02-02,25088.400390625,13.869999885559082,-0.00921468029121448,Steady_Uptrend,Steady_Uptrend
2026-02-03,25727.55078125,12.899999618530273,0.025156829049839922,Steady_Uptrend,Steady_Uptrend
2026-02-04,25776.0,12.25,0.0018813938963879184,Steady_Uptrend,Steady_Uptrend
2026-02-05,25642.80078125,12.170000076293945,-0.005180965509696233,Steady_Uptrend,Steady_Uptrend
2026-02-06,25693.69921875,11.9399995803833,0.001982934332408332,Steady_Uptrend,Steady_Uptrend
2026-02-09,25867.30078125,12.1899995803833,0.006733857702297746,Steady_Uptrend,Steady_Uptrend
2026-02-10,25935.150390625,11.670000076293945,0.0026195535786092045,Steady_Uptrend,Steady_Uptrend
2026-02-11,25953.849609375,11.550000190734863,0.0007207392533858182,Steady_Uptrend,Steady_Uptrend
2026-02-12,25807.19921875,11.729999542236328,-0.005666453301894332,Steady_Uptrend,Steady_Uptrend
2026-02-13,25471.099609375,13.289999961853027,-0.013109031702560043,Steady_Uptrend,Steady_Uptrend
2026-02-16,25682.75,13.329999923706055,0.008275099528577884,Steady_Uptrend,Steady_Uptrend
2026-02-17,25725.400390625,12.670000076293945,0.0016592855446634625,Steady_Uptrend,Steady_Uptrend
2026-02-18,25819.349609375,12.220000267028809,0.0036453498285502696,Steady_Uptrend,Steady_Uptrend
2026-02-19,25454.349609375,13.460000038146973,-0.014237559265090531,Steady_Uptrend,Steady_Uptrend
2026-02-20,25571.25,14.359999656677246,0.00458203709696536,Steady_Uptrend,Steady_Uptrend
2026-02-23,25713.0,14.170000076293945,0.00552802706402003,Steady_Uptrend,Steady_Uptrend
2026-02-24,25424.650390625,14.149999618530273,-0.011277509359324957,Steady_Uptrend,Steady_Uptrend
2026-02-25,25482.5,13.489999771118164,0.0022727508349003555,Steady_Uptrend,Steady_Uptrend
2026-02-26,25496.55078125,13.0600004196167,0.000551237474627977,Steady_Uptrend,Steady_Uptrend
2026-02-27,25178.650390625,13.699999809265137,-0.012546750821351201,Steady_Uptrend,Steady_Uptrend
2026-03-02,24865.69921875,17.1299991607666,-0.012507116341135643,Steady_Uptrend,Steady_Uptrend
2026-03-04,24480.5,21.139999389648438,-0.015612430100429392,Steady_Uptrend,Steady_Uptrend
2026-03-05,24765.900390625,17.860000610351562,0.011590840491558407,Steady_Uptrend,Steady_Uptrend
2026-03-06,24450.44921875,19.8799991607666,-0.012819134056590225,Steady_Uptrend,Steady_Uptrend
2026-03-09,24028.05078125,23.360000610351562,-0.017426658301668632,Steady_Uptrend,Steady_Uptrend
2026-03-10,24261.599609375,18.90999984741211,0.009672907019832675,Steady_Uptrend,Steady_Uptrend
2026-03-11,23866.849609375,21.059999465942383,-0.016404386958885315,Steady_Uptrend,Steady_Uptrend
2026-03-12,23639.150390625,21.520000457763672,-0.009586198057198514,Steady_Uptrend,Steady_Uptrend
2026-03-13,23151.099609375,22.649999618530273,-0.020861973679950938,Steady_Uptrend,Steady_Uptrend
2026-03-16,23408.80078125,21.600000381469727,0.011069774688696974,Steady_Uptrend,Steady_Uptrend
2026-03-17,23581.150390625,19.790000915527344,0.007335627211391066,Steady_Uptrend,Steady_Uptrend
2026-03-18,23777.80078125,18.719999313354492,0.008304724491583992,Steady_Uptrend,Steady_Uptrend
2026-03-19,23002.150390625,22.799999237060547,-0.03316469831760482,Steady_Uptrend,Steady_Uptrend
2026-03-20,23114.5,22.809999465942383,0.004872419427371909,Steady_Uptrend,Steady_Uptrend
2026-03-23,22512.650390625,26.729999542236328,-0.02638273543442679,Steady_Uptrend,Steady_Uptrend
2026-03-24,22912.400390625,24.739999771118164,0.017600874978779452,Steady_Uptrend,Steady_Uptrend
2026-03-25,23306.44921875,24.639999389648438,0.0170518470014907,Steady_Uptrend,Steady_Uptrend
2026-03-27,22819.599609375,26.799999237060547,-0.0211103140979646,High_Conviction_Bull,High_Conviction_Bull
2026-03-30,22331.400390625,27.889999389648438,-0.021626021374847804,High_Conviction_Bull,High_Conviction_Bull
2026-04-01,22679.400390625,25.010000228881836,0.0154632634032261,High_Conviction_Bull,High_Conviction_Bull
2026-04-02,22713.099609375,25.520000457763672,0.0014847926393626724,High_Conviction_Bull,High_Conviction_Bull
2026-04-06,22968.25,25.469999313354492,0.01117099412238686,High_Conviction_Bull,High_Conviction_Bull
2026-04-07,23123.650390625,24.700000762939453,0.006743092740219248,High_Conviction_Bull,High_Conviction_Bull
2026-04-08,23997.349609375,19.700000762939453,0.03708747109816642,High_Conviction_Bull,High_Conviction_Bull
2026-04-09,23775.099609375,20.43000030517578,-0.009304593215623836,High_Conviction_Bull,High_Conviction_Bull
2026-04-10,24050.599609375,18.850000381469727,0.011521129932275736,High_Conviction_Bull,High_Conviction_Bull
2026-04-13,23842.650390625,20.5,-0.008683917902558702,High_Conviction_Bull,High_Conviction_Bull
2026-04-15,24231.30078125,18.670000076293945,0.01616920800628811,High_Conviction_Bull,High_Conviction_Bull
2026-04-16,24196.75,18.09000015258789,-0.0014268915041919185,High_Conviction_Bull,High_Conviction_Bull
2026-04-17,24353.55078125,17.209999084472656,0.0064593349128548826,High_Conviction_Bull,High_Conviction_Bull
2026-04-20,24364.849609375,18.790000915527344,0.0004638423362418336,High_Conviction_Bull,High_Conviction_Bull
2026-04-21,24576.599609375,17.530000686645508,0.00865325096320232,High_Conviction_Bull,High_Conviction_Bull
2026-04-22,24378.099609375,18.299999237060547,-0.00810958257469758,High_Conviction_Bull,High_Conviction_Bull
2026-04-23,24173.05078125,18.59000015258789,-0.008446763696540498,High_Conviction_Bull,High_Conviction_Bull
2026-04-24,23897.94921875,19.709999084472656,-0.011445760055327719,High_Conviction_Bull,High_Conviction_Bull
2026-04-27,24092.69921875,18.3799991607666,0.008116209111611542,High_Conviction_Bull,High_Conviction_Bull
2026-04-28,23995.69921875,18.049999237060547,-0.004034242549507945,High_Conviction_Bull,High_Conviction_Bull
2026-04-29,24177.650390625,17.440000534057617,0.0075540537904852266,High_Conviction_Bull,High_Conviction_Bull
2026-04-30,23997.55078125,18.459999084472656,-0.007476894502422098,High_Conviction_Bull,High_Conviction_Bull
2026-05-04,24119.30078125,18.299999237060547,0.005060607910890723,High_Conviction_Bull,High_Conviction_Bull
2026-05-05,24032.80078125,17.90999984741211,-0.0035927857866665616,High_Conviction_Bull,High_Conviction_Bull
2026-05-06,24330.94921875,16.68000030517578,0.012329573885162747,High_Conviction_Bull,High_Conviction_Bull
2026-05-07,24326.650390625,16.6200008392334,-0.0001766970903084699,High_Conviction_Bull,High_Conviction_Bull
2026-05-08,24176.150390625,16.84000015258789,-0.0062058471093194715,Steady_Uptrend,Steady_Uptrend
2026-05-11,23815.849609375,18.549999237060547,-0.015015317164036516,Steady_Uptrend,Steady_Uptrend
2026-05-12,23379.55078125,19.280000686645508,-0.018489566950081734,Steady_Uptrend,Steady_Uptrend
2026-05-13,23412.599609375,19.43000030517578,0.001412580244529267,Steady_Uptrend,Steady_Uptrend
2026-05-14,23689.599609375,18.610000610351562,0.011761794478008175,Steady_Uptrend,Steady_Uptrend
2026-05-15,23643.5,18.790000915527344,-0.0019478810528585342,Steady_Uptrend,Steady_Uptrend
2026-05-18,23649.94921875,19.6299991607666,0.0002727320124251536,Steady_Uptrend,Steady_Uptrend
2026-05-19,23618.0,18.68000030517578,-0.0013518345578153919,Steady_Uptrend,Steady_Uptrend
2026-05-20,23659.0,18.440000534057617,0.0017344590510618102,Steady_Uptrend,Steady_Uptrend
2026-05-21,23654.69921875,17.81999969482422,-0.00018179856290503812,Steady_Uptrend,Steady_Uptrend
2026-05-22,23719.30078125,17.90999984741211,0.0027273020029192283,Steady_Uptrend,Steady_Uptrend
2026-05-25,24031.69921875,16.700000762939453,0.013084663968970206,Steady_Uptrend,Steady_Uptrend
2026-05-26,23913.69921875,16.1299991607666,-0.004922275842741698,Steady_Uptrend,Steady_Uptrend
2026-05-27,23907.150390625,14.979999542236328,-0.0002738900801400246,Steady_Uptrend,Steady_Uptrend
2026-05-29,23547.75,16.190000534057617,-0.015147319219471595,Steady_Uptrend,Steady_Uptrend
2026-06-01,23382.599609375,16.540000915527344,-0.007038135182494777,Steady_Uptrend,Steady_Uptrend
2026-06-02,23483.55078125,15.359999656677246,0.004308069989399964,Steady_Uptrend,Steady_Uptrend
2026-06-03,23405.599609375,16.280000686645508,-0.003324916021661275,Steady_Uptrend,Steady_Uptrend
2026-06-04,23416.55078125,15.890000343322754,0.0004677774080569192,Steady_Uptrend,Steady_Uptrend
2026-06-05,23366.69921875,15.789999961853027,-0.0021311722194751305,Steady_Uptrend,Steady_Uptrend
2026-06-08,23123.0,17.030000686645508,-0.01048410529877786,Steady_Uptrend,Steady_Uptrend
2026-06-09,23242.099609375,15.579999923706055,0.005137479368527299,Steady_Uptrend,Steady_Uptrend
2026-06-10,23214.94921875,15.630000114440918,-0.0011688385035597795,Steady_Uptrend,Steady_Uptrend
2026-06-11,23161.599609375,15.609999656677246,-0.0023007159547660506,Steady_Uptrend,Steady_Uptrend
2026-06-12,23622.900390625,14.720000267028809,0.019720878993895297,Steady_Uptrend,Steady_Uptrend
2026-06-15,23853.900390625,14.350000381469727,0.009731145278463154,Steady_Uptrend,Steady_Uptrend
2026-06-16,23989.150390625,13.359999656677246,0.005653918723145327,Steady_Uptrend,Steady_Uptrend
2026-06-17,24085.69921875,13.1899995803833,0.004016609878660483,Steady_Uptrend,Steady_Uptrend
2026-06-18,24168.0,12.670000076293945,0.0034111731281746415,Steady_Uptrend,Steady_Uptrend
2026-06-19,24013.099609375,12.970000267028809,-0.006429945583083175,Steady_Uptrend,Steady_Uptrend
2026-06-22,24102.900390625,12.84000015258789,0.003732682912776634,Steady_Uptrend,Steady_Uptrend
2026-06-23,23824.099609375,13.9399995803833,-0.011634524429481118,Steady_Uptrend,Steady_Uptrend
2026-06-24,24021.650390625,13.390000343322754,0.008257866325424086,Steady_Uptrend,Steady_Uptrend
2026-06-25,24056.0,13.050000190734863,0.0014289223762208004,Steady_Uptrend,Steady_Uptrend
2026-06-29,23946.25,13.609999656677246,-0.004572710289054184,Steady_Uptrend,Steady_Uptrend
2026-06-30,23865.75,13.600000381469727,-0.003367358657511833,Steady_Uptrend,Steady_Uptrend
2026-07-01,24005.849609375,13.239999771118164,0.005853157634003401,Steady_Uptrend,Steady_Uptrend
2026-07-02,24175.69921875,12.289999961853027,0.007050429763556748,Steady_Uptrend,Steady_Uptrend
2026-07-03,24270.849609375,11.800000190734863,0.003928061555321314,Steady_Uptrend,Steady_Uptrend
2026-07-06,24430.349609375,11.819999694824219,0.0065501701327115155,Steady_Uptrend,Steady_Uptrend
2026-07-07,24398.69921875,11.649999618530273,-0.0012963756541323145,Steady_Uptrend,Steady_Uptrend
2026-07-08,23882.05078125,14.680000305175781,-0.021402656722269202,Steady_Uptrend,Steady_Uptrend
2026-07-09,23962.80078125,13.359999656677246,0.003375497008972435,Steady_Uptrend,Steady_Uptrend
2026-07-10,24206.900390625,12.25,0.010135072168571098,Steady_Uptrend,Steady_Uptrend
2026-07-13,24211.0,13.279999732971191,0.0001693427162979961,Steady_Uptrend,Steady_Uptrend
2026-07-14,24052.05078125,13.75,-0.0065868108566920726,Steady_Uptrend,Steady_Uptrend
2026-07-15,24078.5,13.270000457763672,0.001099061655563571,Steady_Uptrend,Steady_Uptrend
2026-07-16,24072.75,12.880000114440918,-0.00023883076876853854,Steady_Uptrend,Steady_Uptrend
2026-07-17,24334.30078125,13.149999618530273,0.010806414450711182,Steady_Uptrend,Steady_Uptrend
2026-07-20,24238.5,12.979999542236328,-0.003944631725234211,Steady_Uptrend,Steady_Uptrend
2026-07-21,24187.69921875,12.600000381469727,-0.002098070908085292,Steady_Uptrend,Steady_Uptrend
2026-07-22,23996.25,13.289999961853027,-0.007946639050547172,Steady_Uptrend,Steady_Uptrend
2026-07-23,23869.599609375,13.479999542236328,-0.005291901730381726,Steady_Uptrend,Steady_Uptrend
2026-07-24,23767.44921875,14.029999732971191,-0.00428870174406507,Steady_Uptrend,Steady_Uptrend
2026-07-27,23995.94921875,12.65999984741211,0.009568068885288541,Steady_Uptrend,Steady_Uptrend
2026-07-28,23985.349609375,12.5600004196167,-0.0004418225352921867,Steady_Uptrend,Steady_Uptrend
2026-07-29,24250.19921875,12.010000228881836,0.010981621540740824,Steady_Uptrend,Steady_Uptrend
2026-07-30,24317.150390625,12.15999984741211,0.002757046238807193,Steady_Uptrend,Steady_Uptrend
2026-07-31,24383.599609375,11.760000228881836,0.0027288803554812308,Steady_Uptrend,Steady_Uptrend
2026-08-03,24774.30078125,11.930000305175781,0.015896097912767627,Steady_Uptrend,Steady_Uptrend
2026-08-04,24614.900390625,12.1899995803833,-0.006454890555102032,Steady_Uptrend,Steady_Uptrend
2026-08-05,24624.650390625,12.0600004196167,0.00039602311445705957,Steady_Uptrend,Steady_Uptrend
2026-08-06,24636.0,12.15999984741211,0.0004607982024527352,Steady_Uptrend,Steady_Uptrend
2026-08-07,24570.650390625,12.15999984741211,-0.0026561307171494536,Steady_Uptrend,Steady_Uptrend
2026-08-10,24583.80078125,12.25,0.000535064093901079,Steady_Uptrend,Steady_Uptrend
2026-08-11,24471.69921875,11.859999656677246,-0.004570405260858804,Steady_Uptrend,Steady_Uptrend
2026-08-12,24435.94921875,11.6899995803833,-0.0014619392880015388,Steady_Uptrend,Steady_Uptrend
2026-08-13,24395.849609375,11.420000076293945,-0.0016423567982678559,Steady_Uptrend,Steady_Uptrend
2026-08-14,24366.0,11.3100004196167,-0.0012243019222044982,Steady_Uptrend,Steady_Uptrend
2026-08-17,24287.650390625,11.329999923706055,-0.0032207111479826242,Steady_Uptrend,Steady_Uptrend
2026-08-18,24154.900390625,11.390000343322754,-0.005480732544386898,Steady_Uptrend,Steady_Uptrend
2026-08-19,24078.30078125,11.319999694824219,-0.0031762218518000007,Steady_Uptrend,Steady_Uptrend
2026-08-20,24231.849609375,10.760000228881836,0.006356815035648365,Steady_Uptrend,Steady_Uptrend
2026-08-21,24252.0,11.199999809265137,0.0008312207857896257,Steady_Uptrend,Steady_Uptrend
2026-08-24,24219.05078125,11.529999732971191,-0.001359542378144627,Steady_Uptrend,Steady_Uptrend
2026-08-25,24334.55078125,11.079999923706055,0.004757637503542181,Steady_Uptrend,Steady_Uptrend
2026-08-26,24207.75,10.569999694824219,-0.005224353506780909,Steady_Uptrend,Steady_Uptrend
2026-08-27,24090.849609375,11.069999694824219,-0.004840745688108582,Steady_Uptrend,Steady_Uptrend
2026-08-28,24175.650390625,10.680000305175781,0.0035138602759443318,Steady_Uptrend,Steady_Uptrend
2026-08-31,24080.400390625,11.1899995803833,-0.003947696595902393,Steady_Uptrend,Steady_Uptrend
2026-09-01,24055.80078125,11.489999771118164,-0.0010220836259459925,Steady_Uptrend,Steady_Uptrend
2026-09-02,23914.44921875,11.59000015258789,-0.005893318113157999,Steady_Uptrend,Steady_Uptrend
2026-09-03,23873.44921875,11.34000015258789,-0.001715916012232434,Steady_Uptrend,Steady_Uptrend
2026-09-04,23897.69921875,10.680000305175781,0.0010152572368944724,Steady_Uptrend,Steady_Uptrend
2026-09-07,23779.150390625,11.15999984741211,-0.004973024577554363,Steady_Uptrend,Pre_Breakout_Accumulation
2026-09-08,23635.099609375,11.229999542236328,-0.00607628400578716,Pre_Breakout_Accumulation,Pre_Breakout_Accumulation
2026-09-09,23431.5,11.920000076293945,-0.008651607765214554,Pre_Breakout_Accumulation,Pre_Breakout_Accumulation
2026-09-10,23477.80078125,11.800000190734863,0.0019740561259566094,Pre_Breakout_Accumulation,Pre_Breakout_Accumulation
